
 /----------------------------------------------------------------------------\
 |  yosys -- Yosys Open SYnthesis Suite                                       |
 |  Copyright (C) 2012 - 2026  Claire Xenia Wolf <claire@yosyshq.com>         |
 |  Distributed under an ISC-like license, type "license" to see terms        |
 \----------------------------------------------------------------------------/
 Yosys 0.68+post (git sha1 c12172fbae8af5e20f6fb52e3d4e92d56ed587b6, Release, AppleClang clang++ 21.0.0.21000101)

-- Executing script file `synth/ecp5/p8/synth.ys' --

1. Executing Verilog-2005 frontend: /Users/michelebigi/Development/FPGA-Neural/FPGA-Neural/rtl/mac_unit.v
Parsing SystemVerilog input from `/Users/michelebigi/Development/FPGA-Neural/FPGA-Neural/rtl/mac_unit.v' to AST representation.
Generating RTLIL representation for module `\mac_unit'.
Successfully finished Verilog frontend.

2. Executing Verilog-2005 frontend: /Users/michelebigi/Development/FPGA-Neural/FPGA-Neural/rtl/mac8.v
Parsing SystemVerilog input from `/Users/michelebigi/Development/FPGA-Neural/FPGA-Neural/rtl/mac8.v' to AST representation.
Generating RTLIL representation for module `\mac8'.
Successfully finished Verilog frontend.

3. Executing Verilog-2005 frontend: /Users/michelebigi/Development/FPGA-Neural/FPGA-Neural/rtl/neuron_parallel.v
Parsing SystemVerilog input from `/Users/michelebigi/Development/FPGA-Neural/FPGA-Neural/rtl/neuron_parallel.v' to AST representation.
Generating RTLIL representation for module `\neuron_parallel'.
Successfully finished Verilog frontend.

4. Executing Verilog-2005 frontend: /Users/michelebigi/Development/FPGA-Neural/FPGA-Neural/rtl/layer.v
Parsing SystemVerilog input from `/Users/michelebigi/Development/FPGA-Neural/FPGA-Neural/rtl/layer.v' to AST representation.
Generating RTLIL representation for module `\layer'.
Successfully finished Verilog frontend.

5. Executing Verilog-2005 frontend: /Users/michelebigi/Development/FPGA-Neural/FPGA-Neural/synth/ecp5/p8/top.v
Parsing SystemVerilog input from `/Users/michelebigi/Development/FPGA-Neural/FPGA-Neural/synth/ecp5/p8/top.v' to AST representation.
Generating RTLIL representation for module `\top'.
Successfully finished Verilog frontend.

6. Executing HIERARCHY pass (managing design hierarchy).

6.1. Analyzing design hierarchy..
Top module:  \top
Used module:     \layer
Used module:         \neuron_parallel
Used module:             \mac8
Used module:                 \mac_unit
Parameter \DATA_WIDTH = 8
Parameter \N_INPUTS = 256
Parameter \N_NEURONS = 4
Parameter \PARALLEL = 8
Parameter \ACC_WIDTH = 32

6.2. Executing AST frontend in derive mode using pre-parsed AST for module `\layer'.
Parameter \DATA_WIDTH = 8
Parameter \N_INPUTS = 256
Parameter \N_NEURONS = 4
Parameter \PARALLEL = 8
Parameter \ACC_WIDTH = 32
Generating RTLIL representation for module `$paramod$59e7e65a6436847149e03e7e6295e76ee9d3ab17\layer'.
Parameter \DATA_WIDTH = 16
Parameter \ACC_WIDTH = 40

6.3. Executing AST frontend in derive mode using pre-parsed AST for module `\mac_unit'.
Parameter \DATA_WIDTH = 16
Parameter \ACC_WIDTH = 40
Generating RTLIL representation for module `$paramod$913793164bb5cb5821e69ced9b7f953b27ebd911\mac_unit'.
Parameter \DATA_WIDTH = 16
Parameter \ACC_WIDTH = 40
Found cached RTLIL representation for module `$paramod$913793164bb5cb5821e69ced9b7f953b27ebd911\mac_unit'.
Parameter \DATA_WIDTH = 16
Parameter \ACC_WIDTH = 40
Found cached RTLIL representation for module `$paramod$913793164bb5cb5821e69ced9b7f953b27ebd911\mac_unit'.
Parameter \DATA_WIDTH = 16
Parameter \ACC_WIDTH = 40
Found cached RTLIL representation for module `$paramod$913793164bb5cb5821e69ced9b7f953b27ebd911\mac_unit'.
Parameter \DATA_WIDTH = 16
Parameter \ACC_WIDTH = 40
Found cached RTLIL representation for module `$paramod$913793164bb5cb5821e69ced9b7f953b27ebd911\mac_unit'.
Parameter \DATA_WIDTH = 16
Parameter \ACC_WIDTH = 40
Found cached RTLIL representation for module `$paramod$913793164bb5cb5821e69ced9b7f953b27ebd911\mac_unit'.
Parameter \DATA_WIDTH = 16
Parameter \ACC_WIDTH = 40
Found cached RTLIL representation for module `$paramod$913793164bb5cb5821e69ced9b7f953b27ebd911\mac_unit'.
Parameter \DATA_WIDTH = 16
Parameter \ACC_WIDTH = 40
Found cached RTLIL representation for module `$paramod$913793164bb5cb5821e69ced9b7f953b27ebd911\mac_unit'.
Reprocessing module mac8 because instantiated module $paramod$913793164bb5cb5821e69ced9b7f953b27ebd911\mac_unit has become available.
Generating RTLIL representation for module `\mac8'.
Parameter \DATA_WIDTH = 8
Parameter \ACC_WIDTH = 32
Parameter \PARALLEL = 8

6.4. Executing AST frontend in derive mode using pre-parsed AST for module `\mac8'.
Parameter \DATA_WIDTH = 8
Parameter \ACC_WIDTH = 32
Parameter \PARALLEL = 8
Generating RTLIL representation for module `$paramod$24a3a7236073cb7c12a30999f26614228c51a089\mac8'.
Parameter \DATA_WIDTH = 16
Parameter \N_INPUTS = 64
Parameter \PARALLEL = 8
Parameter \ACC_WIDTH = 40

6.5. Executing AST frontend in derive mode using pre-parsed AST for module `\neuron_parallel'.
Parameter \DATA_WIDTH = 16
Parameter \N_INPUTS = 64
Parameter \PARALLEL = 8
Parameter \ACC_WIDTH = 40
Generating RTLIL representation for module `$paramod$ce07a61ab1150de6e75ef4e31da905e743f7e22c\neuron_parallel'.
Parameter \DATA_WIDTH = 16
Parameter \N_INPUTS = 64
Parameter \PARALLEL = 8
Parameter \ACC_WIDTH = 40
Found cached RTLIL representation for module `$paramod$ce07a61ab1150de6e75ef4e31da905e743f7e22c\neuron_parallel'.
Parameter \DATA_WIDTH = 16
Parameter \N_INPUTS = 64
Parameter \PARALLEL = 8
Parameter \ACC_WIDTH = 40
Found cached RTLIL representation for module `$paramod$ce07a61ab1150de6e75ef4e31da905e743f7e22c\neuron_parallel'.
Parameter \DATA_WIDTH = 16
Parameter \N_INPUTS = 64
Parameter \PARALLEL = 8
Parameter \ACC_WIDTH = 40
Found cached RTLIL representation for module `$paramod$ce07a61ab1150de6e75ef4e31da905e743f7e22c\neuron_parallel'.
Parameter \DATA_WIDTH = 16
Parameter \N_INPUTS = 64
Parameter \PARALLEL = 8
Parameter \ACC_WIDTH = 40
Found cached RTLIL representation for module `$paramod$ce07a61ab1150de6e75ef4e31da905e743f7e22c\neuron_parallel'.
Parameter \DATA_WIDTH = 16
Parameter \N_INPUTS = 64
Parameter \PARALLEL = 8
Parameter \ACC_WIDTH = 40
Found cached RTLIL representation for module `$paramod$ce07a61ab1150de6e75ef4e31da905e743f7e22c\neuron_parallel'.
Parameter \DATA_WIDTH = 16
Parameter \N_INPUTS = 64
Parameter \PARALLEL = 8
Parameter \ACC_WIDTH = 40
Found cached RTLIL representation for module `$paramod$ce07a61ab1150de6e75ef4e31da905e743f7e22c\neuron_parallel'.
Parameter \DATA_WIDTH = 16
Parameter \N_INPUTS = 64
Parameter \PARALLEL = 8
Parameter \ACC_WIDTH = 40
Found cached RTLIL representation for module `$paramod$ce07a61ab1150de6e75ef4e31da905e743f7e22c\neuron_parallel'.
Reprocessing module layer because instantiated module $paramod$ce07a61ab1150de6e75ef4e31da905e743f7e22c\neuron_parallel has become available.
Generating RTLIL representation for module `\layer'.

6.6. Analyzing design hierarchy..
Top module:  \top
Used module:     $paramod$59e7e65a6436847149e03e7e6295e76ee9d3ab17\layer
Used module:         \neuron_parallel
Used module:             $paramod$24a3a7236073cb7c12a30999f26614228c51a089\mac8
Used module:                 \mac_unit
Parameter \DATA_WIDTH = 8
Parameter \N_INPUTS = 256
Parameter \PARALLEL = 8
Parameter \ACC_WIDTH = 32

6.7. Executing AST frontend in derive mode using pre-parsed AST for module `\neuron_parallel'.
Parameter \DATA_WIDTH = 8
Parameter \N_INPUTS = 256
Parameter \PARALLEL = 8
Parameter \ACC_WIDTH = 32
Generating RTLIL representation for module `$paramod$d84ce0e3b12c4023f3666203f6b5a6cc419f253b\neuron_parallel'.
Parameter \DATA_WIDTH = 8
Parameter \N_INPUTS = 256
Parameter \PARALLEL = 8
Parameter \ACC_WIDTH = 32
Found cached RTLIL representation for module `$paramod$d84ce0e3b12c4023f3666203f6b5a6cc419f253b\neuron_parallel'.
Parameter \DATA_WIDTH = 8
Parameter \N_INPUTS = 256
Parameter \PARALLEL = 8
Parameter \ACC_WIDTH = 32
Found cached RTLIL representation for module `$paramod$d84ce0e3b12c4023f3666203f6b5a6cc419f253b\neuron_parallel'.
Parameter \DATA_WIDTH = 8
Parameter \N_INPUTS = 256
Parameter \PARALLEL = 8
Parameter \ACC_WIDTH = 32
Found cached RTLIL representation for module `$paramod$d84ce0e3b12c4023f3666203f6b5a6cc419f253b\neuron_parallel'.
Reprocessing module $paramod$59e7e65a6436847149e03e7e6295e76ee9d3ab17\layer because instantiated module $paramod$d84ce0e3b12c4023f3666203f6b5a6cc419f253b\neuron_parallel has become available.
Generating RTLIL representation for module `$paramod$59e7e65a6436847149e03e7e6295e76ee9d3ab17\layer'.
Parameter \DATA_WIDTH = 8
Parameter \ACC_WIDTH = 32

6.8. Executing AST frontend in derive mode using pre-parsed AST for module `\mac_unit'.
Parameter \DATA_WIDTH = 8
Parameter \ACC_WIDTH = 32
Generating RTLIL representation for module `$paramod$8392c0aee371eac30cfcd917af9a6c37ac869d3e\mac_unit'.
Parameter \DATA_WIDTH = 8
Parameter \ACC_WIDTH = 32
Found cached RTLIL representation for module `$paramod$8392c0aee371eac30cfcd917af9a6c37ac869d3e\mac_unit'.
Parameter \DATA_WIDTH = 8
Parameter \ACC_WIDTH = 32
Found cached RTLIL representation for module `$paramod$8392c0aee371eac30cfcd917af9a6c37ac869d3e\mac_unit'.
Parameter \DATA_WIDTH = 8
Parameter \ACC_WIDTH = 32
Found cached RTLIL representation for module `$paramod$8392c0aee371eac30cfcd917af9a6c37ac869d3e\mac_unit'.
Parameter \DATA_WIDTH = 8
Parameter \ACC_WIDTH = 32
Found cached RTLIL representation for module `$paramod$8392c0aee371eac30cfcd917af9a6c37ac869d3e\mac_unit'.
Parameter \DATA_WIDTH = 8
Parameter \ACC_WIDTH = 32
Found cached RTLIL representation for module `$paramod$8392c0aee371eac30cfcd917af9a6c37ac869d3e\mac_unit'.
Parameter \DATA_WIDTH = 8
Parameter \ACC_WIDTH = 32
Found cached RTLIL representation for module `$paramod$8392c0aee371eac30cfcd917af9a6c37ac869d3e\mac_unit'.
Parameter \DATA_WIDTH = 8
Parameter \ACC_WIDTH = 32
Found cached RTLIL representation for module `$paramod$8392c0aee371eac30cfcd917af9a6c37ac869d3e\mac_unit'.
Reprocessing module $paramod$24a3a7236073cb7c12a30999f26614228c51a089\mac8 because instantiated module $paramod$8392c0aee371eac30cfcd917af9a6c37ac869d3e\mac_unit has become available.
Generating RTLIL representation for module `$paramod$24a3a7236073cb7c12a30999f26614228c51a089\mac8'.

6.9. Analyzing design hierarchy..
Top module:  \top
Used module:     $paramod$59e7e65a6436847149e03e7e6295e76ee9d3ab17\layer
Used module:         \neuron_parallel
Used module:             $paramod$24a3a7236073cb7c12a30999f26614228c51a089\mac8
Used module:                 \mac_unit
Parameter \DATA_WIDTH = 8
Parameter \N_INPUTS = 256
Parameter \PARALLEL = 8
Parameter \ACC_WIDTH = 32
Found cached RTLIL representation for module `$paramod$d84ce0e3b12c4023f3666203f6b5a6cc419f253b\neuron_parallel'.
Parameter \DATA_WIDTH = 8
Parameter \N_INPUTS = 256
Parameter \PARALLEL = 8
Parameter \ACC_WIDTH = 32
Found cached RTLIL representation for module `$paramod$d84ce0e3b12c4023f3666203f6b5a6cc419f253b\neuron_parallel'.
Parameter \DATA_WIDTH = 8
Parameter \N_INPUTS = 256
Parameter \PARALLEL = 8
Parameter \ACC_WIDTH = 32
Found cached RTLIL representation for module `$paramod$d84ce0e3b12c4023f3666203f6b5a6cc419f253b\neuron_parallel'.
Parameter \DATA_WIDTH = 8
Parameter \N_INPUTS = 256
Parameter \PARALLEL = 8
Parameter \ACC_WIDTH = 32
Found cached RTLIL representation for module `$paramod$d84ce0e3b12c4023f3666203f6b5a6cc419f253b\neuron_parallel'.
Parameter \DATA_WIDTH = 8
Parameter \ACC_WIDTH = 32
Found cached RTLIL representation for module `$paramod$8392c0aee371eac30cfcd917af9a6c37ac869d3e\mac_unit'.
Parameter \DATA_WIDTH = 8
Parameter \ACC_WIDTH = 32
Found cached RTLIL representation for module `$paramod$8392c0aee371eac30cfcd917af9a6c37ac869d3e\mac_unit'.
Parameter \DATA_WIDTH = 8
Parameter \ACC_WIDTH = 32
Found cached RTLIL representation for module `$paramod$8392c0aee371eac30cfcd917af9a6c37ac869d3e\mac_unit'.
Parameter \DATA_WIDTH = 8
Parameter \ACC_WIDTH = 32
Found cached RTLIL representation for module `$paramod$8392c0aee371eac30cfcd917af9a6c37ac869d3e\mac_unit'.
Parameter \DATA_WIDTH = 8
Parameter \ACC_WIDTH = 32
Found cached RTLIL representation for module `$paramod$8392c0aee371eac30cfcd917af9a6c37ac869d3e\mac_unit'.
Parameter \DATA_WIDTH = 8
Parameter \ACC_WIDTH = 32
Found cached RTLIL representation for module `$paramod$8392c0aee371eac30cfcd917af9a6c37ac869d3e\mac_unit'.
Parameter \DATA_WIDTH = 8
Parameter \ACC_WIDTH = 32
Found cached RTLIL representation for module `$paramod$8392c0aee371eac30cfcd917af9a6c37ac869d3e\mac_unit'.
Parameter \DATA_WIDTH = 8
Parameter \ACC_WIDTH = 32
Found cached RTLIL representation for module `$paramod$8392c0aee371eac30cfcd917af9a6c37ac869d3e\mac_unit'.

6.10. Analyzing design hierarchy..
Top module:  \top
Used module:     $paramod$59e7e65a6436847149e03e7e6295e76ee9d3ab17\layer
Used module:         $paramod$d84ce0e3b12c4023f3666203f6b5a6cc419f253b\neuron_parallel
Used module:             \mac8
Used module:                 \mac_unit
Parameter \DATA_WIDTH = 16
Parameter \ACC_WIDTH = 40
Found cached RTLIL representation for module `$paramod$913793164bb5cb5821e69ced9b7f953b27ebd911\mac_unit'.
Parameter \DATA_WIDTH = 16
Parameter \ACC_WIDTH = 40
Found cached RTLIL representation for module `$paramod$913793164bb5cb5821e69ced9b7f953b27ebd911\mac_unit'.
Parameter \DATA_WIDTH = 16
Parameter \ACC_WIDTH = 40
Found cached RTLIL representation for module `$paramod$913793164bb5cb5821e69ced9b7f953b27ebd911\mac_unit'.
Parameter \DATA_WIDTH = 16
Parameter \ACC_WIDTH = 40
Found cached RTLIL representation for module `$paramod$913793164bb5cb5821e69ced9b7f953b27ebd911\mac_unit'.
Parameter \DATA_WIDTH = 16
Parameter \ACC_WIDTH = 40
Found cached RTLIL representation for module `$paramod$913793164bb5cb5821e69ced9b7f953b27ebd911\mac_unit'.
Parameter \DATA_WIDTH = 16
Parameter \ACC_WIDTH = 40
Found cached RTLIL representation for module `$paramod$913793164bb5cb5821e69ced9b7f953b27ebd911\mac_unit'.
Parameter \DATA_WIDTH = 16
Parameter \ACC_WIDTH = 40
Found cached RTLIL representation for module `$paramod$913793164bb5cb5821e69ced9b7f953b27ebd911\mac_unit'.
Parameter \DATA_WIDTH = 16
Parameter \ACC_WIDTH = 40
Found cached RTLIL representation for module `$paramod$913793164bb5cb5821e69ced9b7f953b27ebd911\mac_unit'.
Parameter \DATA_WIDTH = 8
Parameter \ACC_WIDTH = 32
Parameter \PARALLEL = 8
Found cached RTLIL representation for module `$paramod$24a3a7236073cb7c12a30999f26614228c51a089\mac8'.

6.11. Analyzing design hierarchy..
Top module:  \top
Used module:     $paramod$59e7e65a6436847149e03e7e6295e76ee9d3ab17\layer
Used module:         $paramod$d84ce0e3b12c4023f3666203f6b5a6cc419f253b\neuron_parallel
Used module:             $paramod$24a3a7236073cb7c12a30999f26614228c51a089\mac8
Used module:                 $paramod$8392c0aee371eac30cfcd917af9a6c37ac869d3e\mac_unit

6.12. Analyzing design hierarchy..
Top module:  \top
Used module:     $paramod$59e7e65a6436847149e03e7e6295e76ee9d3ab17\layer
Used module:         $paramod$d84ce0e3b12c4023f3666203f6b5a6cc419f253b\neuron_parallel
Used module:             $paramod$24a3a7236073cb7c12a30999f26614228c51a089\mac8
Used module:                 $paramod$8392c0aee371eac30cfcd917af9a6c37ac869d3e\mac_unit
Removing unused module `\mac8'.
Removing unused module `\layer'.
Removing unused module `$paramod$ce07a61ab1150de6e75ef4e31da905e743f7e22c\neuron_parallel'.
Removing unused module `\neuron_parallel'.
Removing unused module `$paramod$913793164bb5cb5821e69ced9b7f953b27ebd911\mac_unit'.
Removing unused module `\mac_unit'.
Removed 6 unused modules.

7. Executing PROC pass (convert processes to netlists).

7.1. Executing PROC_CLEAN pass (remove empty switches from decision trees).
Cleaned up 0 empty switches.

7.2. Executing PROC_RMDEAD pass (remove dead branches from decision trees).
Marked 5 switch rules as full_case in process $proc$/Users/michelebigi/Development/FPGA-Neural/FPGA-Neural/rtl/neuron_parallel.v:95$206 in module $paramod$d84ce0e3b12c4023f3666203f6b5a6cc419f253b\neuron_parallel.
Removed a total of 0 dead cases.

7.3. Executing PROC_PRUNE pass (remove redundant assignments in processes).
Removed 1 redundant assignment.
Promoted 603 assignments to connections.

7.4. Executing PROC_INIT pass (extract init attributes).

7.5. Executing PROC_ARST pass (detect async resets in processes).

7.6. Executing PROC_ROM pass (convert switches to ROMs).
Converted 0 switches.
<suppressed ~6 debug messages>

7.7. Executing PROC_MUX pass (convert decision trees to multiplexers).
Creating decoders for process `\top.$proc$/Users/michelebigi/Development/FPGA-Neural/FPGA-Neural/synth/ecp5/p8/top.v:23$48'.
Creating decoders for process `$paramod$24a3a7236073cb7c12a30999f26614228c51a089\mac8.$proc$/Users/michelebigi/Development/FPGA-Neural/FPGA-Neural/rtl/mac8.v:100$298'.
Creating decoders for process `$paramod$24a3a7236073cb7c12a30999f26614228c51a089\mac8.$proc$/Users/michelebigi/Development/FPGA-Neural/FPGA-Neural/rtl/mac8.v:100$296'.
Creating decoders for process `$paramod$24a3a7236073cb7c12a30999f26614228c51a089\mac8.$proc$/Users/michelebigi/Development/FPGA-Neural/FPGA-Neural/rtl/mac8.v:100$294'.
Creating decoders for process `$paramod$24a3a7236073cb7c12a30999f26614228c51a089\mac8.$proc$/Users/michelebigi/Development/FPGA-Neural/FPGA-Neural/rtl/mac8.v:100$292'.
Creating decoders for process `$paramod$24a3a7236073cb7c12a30999f26614228c51a089\mac8.$proc$/Users/michelebigi/Development/FPGA-Neural/FPGA-Neural/rtl/mac8.v:100$290'.
Creating decoders for process `$paramod$24a3a7236073cb7c12a30999f26614228c51a089\mac8.$proc$/Users/michelebigi/Development/FPGA-Neural/FPGA-Neural/rtl/mac8.v:100$288'.
Creating decoders for process `$paramod$24a3a7236073cb7c12a30999f26614228c51a089\mac8.$proc$/Users/michelebigi/Development/FPGA-Neural/FPGA-Neural/rtl/mac8.v:100$286'.
Creating decoders for process `$paramod$24a3a7236073cb7c12a30999f26614228c51a089\mac8.$proc$/Users/michelebigi/Development/FPGA-Neural/FPGA-Neural/rtl/mac8.v:81$285'.
Creating decoders for process `$paramod$24a3a7236073cb7c12a30999f26614228c51a089\mac8.$proc$/Users/michelebigi/Development/FPGA-Neural/FPGA-Neural/rtl/mac8.v:81$284'.
Creating decoders for process `$paramod$24a3a7236073cb7c12a30999f26614228c51a089\mac8.$proc$/Users/michelebigi/Development/FPGA-Neural/FPGA-Neural/rtl/mac8.v:81$283'.
Creating decoders for process `$paramod$24a3a7236073cb7c12a30999f26614228c51a089\mac8.$proc$/Users/michelebigi/Development/FPGA-Neural/FPGA-Neural/rtl/mac8.v:81$282'.
Creating decoders for process `$paramod$24a3a7236073cb7c12a30999f26614228c51a089\mac8.$proc$/Users/michelebigi/Development/FPGA-Neural/FPGA-Neural/rtl/mac8.v:81$281'.
Creating decoders for process `$paramod$24a3a7236073cb7c12a30999f26614228c51a089\mac8.$proc$/Users/michelebigi/Development/FPGA-Neural/FPGA-Neural/rtl/mac8.v:81$280'.
Creating decoders for process `$paramod$24a3a7236073cb7c12a30999f26614228c51a089\mac8.$proc$/Users/michelebigi/Development/FPGA-Neural/FPGA-Neural/rtl/mac8.v:81$279'.
Creating decoders for process `$paramod$24a3a7236073cb7c12a30999f26614228c51a089\mac8.$proc$/Users/michelebigi/Development/FPGA-Neural/FPGA-Neural/rtl/mac8.v:81$278'.
Creating decoders for process `$paramod$24a3a7236073cb7c12a30999f26614228c51a089\mac8.$proc$/Users/michelebigi/Development/FPGA-Neural/FPGA-Neural/rtl/mac8.v:40$277'.
Creating decoders for process `$paramod$24a3a7236073cb7c12a30999f26614228c51a089\mac8.$proc$/Users/michelebigi/Development/FPGA-Neural/FPGA-Neural/rtl/mac8.v:40$276'.
Creating decoders for process `$paramod$24a3a7236073cb7c12a30999f26614228c51a089\mac8.$proc$/Users/michelebigi/Development/FPGA-Neural/FPGA-Neural/rtl/mac8.v:40$275'.
Creating decoders for process `$paramod$24a3a7236073cb7c12a30999f26614228c51a089\mac8.$proc$/Users/michelebigi/Development/FPGA-Neural/FPGA-Neural/rtl/mac8.v:40$274'.
Creating decoders for process `$paramod$24a3a7236073cb7c12a30999f26614228c51a089\mac8.$proc$/Users/michelebigi/Development/FPGA-Neural/FPGA-Neural/rtl/mac8.v:40$273'.
Creating decoders for process `$paramod$24a3a7236073cb7c12a30999f26614228c51a089\mac8.$proc$/Users/michelebigi/Development/FPGA-Neural/FPGA-Neural/rtl/mac8.v:40$272'.
Creating decoders for process `$paramod$24a3a7236073cb7c12a30999f26614228c51a089\mac8.$proc$/Users/michelebigi/Development/FPGA-Neural/FPGA-Neural/rtl/mac8.v:40$271'.
Creating decoders for process `$paramod$24a3a7236073cb7c12a30999f26614228c51a089\mac8.$proc$/Users/michelebigi/Development/FPGA-Neural/FPGA-Neural/rtl/mac8.v:40$270'.
Creating decoders for process `$paramod$d84ce0e3b12c4023f3666203f6b5a6cc419f253b\neuron_parallel.$proc$/Users/michelebigi/Development/FPGA-Neural/FPGA-Neural/rtl/neuron_parallel.v:95$206'.
     1/5: $0\done[0:0]
     2/5: $0\acc[31:0]
     3/5: $0\group_index[4:0]
     4/5: $0\busy[0:0]
     5/5: $0\y[7:0]

7.8. Executing PROC_DLATCH pass (convert process syncs to latches).
No latch inferred for signal `\top.\i' from process `\top.$proc$/Users/michelebigi/Development/FPGA-Neural/FPGA-Neural/synth/ecp5/p8/top.v:23$48'.
No latch inferred for signal `\top.\x_bus' from process `\top.$proc$/Users/michelebigi/Development/FPGA-Neural/FPGA-Neural/synth/ecp5/p8/top.v:23$48'.
No latch inferred for signal `\top.\weights_bus' from process `\top.$proc$/Users/michelebigi/Development/FPGA-Neural/FPGA-Neural/synth/ecp5/p8/top.v:23$48'.
No latch inferred for signal `\top.\bias_bus' from process `\top.$proc$/Users/michelebigi/Development/FPGA-Neural/FPGA-Neural/synth/ecp5/p8/top.v:23$48'.
No latch inferred for signal `$paramod$24a3a7236073cb7c12a30999f26614228c51a089\mac8.\tree[24]' from process `$paramod$24a3a7236073cb7c12a30999f26614228c51a089\mac8.$proc$/Users/michelebigi/Development/FPGA-Neural/FPGA-Neural/rtl/mac8.v:100$298'.
No latch inferred for signal `$paramod$24a3a7236073cb7c12a30999f26614228c51a089\mac8.\tree[17]' from process `$paramod$24a3a7236073cb7c12a30999f26614228c51a089\mac8.$proc$/Users/michelebigi/Development/FPGA-Neural/FPGA-Neural/rtl/mac8.v:100$296'.
No latch inferred for signal `$paramod$24a3a7236073cb7c12a30999f26614228c51a089\mac8.\tree[16]' from process `$paramod$24a3a7236073cb7c12a30999f26614228c51a089\mac8.$proc$/Users/michelebigi/Development/FPGA-Neural/FPGA-Neural/rtl/mac8.v:100$294'.
No latch inferred for signal `$paramod$24a3a7236073cb7c12a30999f26614228c51a089\mac8.\tree[11]' from process `$paramod$24a3a7236073cb7c12a30999f26614228c51a089\mac8.$proc$/Users/michelebigi/Development/FPGA-Neural/FPGA-Neural/rtl/mac8.v:100$292'.
No latch inferred for signal `$paramod$24a3a7236073cb7c12a30999f26614228c51a089\mac8.\tree[10]' from process `$paramod$24a3a7236073cb7c12a30999f26614228c51a089\mac8.$proc$/Users/michelebigi/Development/FPGA-Neural/FPGA-Neural/rtl/mac8.v:100$290'.
No latch inferred for signal `$paramod$24a3a7236073cb7c12a30999f26614228c51a089\mac8.\tree[9]' from process `$paramod$24a3a7236073cb7c12a30999f26614228c51a089\mac8.$proc$/Users/michelebigi/Development/FPGA-Neural/FPGA-Neural/rtl/mac8.v:100$288'.
No latch inferred for signal `$paramod$24a3a7236073cb7c12a30999f26614228c51a089\mac8.\tree[8]' from process `$paramod$24a3a7236073cb7c12a30999f26614228c51a089\mac8.$proc$/Users/michelebigi/Development/FPGA-Neural/FPGA-Neural/rtl/mac8.v:100$286'.
No latch inferred for signal `$paramod$24a3a7236073cb7c12a30999f26614228c51a089\mac8.\tree[7]' from process `$paramod$24a3a7236073cb7c12a30999f26614228c51a089\mac8.$proc$/Users/michelebigi/Development/FPGA-Neural/FPGA-Neural/rtl/mac8.v:81$285'.
No latch inferred for signal `$paramod$24a3a7236073cb7c12a30999f26614228c51a089\mac8.\tree[6]' from process `$paramod$24a3a7236073cb7c12a30999f26614228c51a089\mac8.$proc$/Users/michelebigi/Development/FPGA-Neural/FPGA-Neural/rtl/mac8.v:81$284'.
No latch inferred for signal `$paramod$24a3a7236073cb7c12a30999f26614228c51a089\mac8.\tree[5]' from process `$paramod$24a3a7236073cb7c12a30999f26614228c51a089\mac8.$proc$/Users/michelebigi/Development/FPGA-Neural/FPGA-Neural/rtl/mac8.v:81$283'.
No latch inferred for signal `$paramod$24a3a7236073cb7c12a30999f26614228c51a089\mac8.\tree[4]' from process `$paramod$24a3a7236073cb7c12a30999f26614228c51a089\mac8.$proc$/Users/michelebigi/Development/FPGA-Neural/FPGA-Neural/rtl/mac8.v:81$282'.
No latch inferred for signal `$paramod$24a3a7236073cb7c12a30999f26614228c51a089\mac8.\tree[3]' from process `$paramod$24a3a7236073cb7c12a30999f26614228c51a089\mac8.$proc$/Users/michelebigi/Development/FPGA-Neural/FPGA-Neural/rtl/mac8.v:81$281'.
No latch inferred for signal `$paramod$24a3a7236073cb7c12a30999f26614228c51a089\mac8.\tree[2]' from process `$paramod$24a3a7236073cb7c12a30999f26614228c51a089\mac8.$proc$/Users/michelebigi/Development/FPGA-Neural/FPGA-Neural/rtl/mac8.v:81$280'.
No latch inferred for signal `$paramod$24a3a7236073cb7c12a30999f26614228c51a089\mac8.\tree[1]' from process `$paramod$24a3a7236073cb7c12a30999f26614228c51a089\mac8.$proc$/Users/michelebigi/Development/FPGA-Neural/FPGA-Neural/rtl/mac8.v:81$279'.
No latch inferred for signal `$paramod$24a3a7236073cb7c12a30999f26614228c51a089\mac8.\tree[0]' from process `$paramod$24a3a7236073cb7c12a30999f26614228c51a089\mac8.$proc$/Users/michelebigi/Development/FPGA-Neural/FPGA-Neural/rtl/mac8.v:81$278'.
No latch inferred for signal `$paramod$24a3a7236073cb7c12a30999f26614228c51a089\mac8.\products[7]' from process `$paramod$24a3a7236073cb7c12a30999f26614228c51a089\mac8.$proc$/Users/michelebigi/Development/FPGA-Neural/FPGA-Neural/rtl/mac8.v:40$277'.
No latch inferred for signal `$paramod$24a3a7236073cb7c12a30999f26614228c51a089\mac8.\products[6]' from process `$paramod$24a3a7236073cb7c12a30999f26614228c51a089\mac8.$proc$/Users/michelebigi/Development/FPGA-Neural/FPGA-Neural/rtl/mac8.v:40$276'.
No latch inferred for signal `$paramod$24a3a7236073cb7c12a30999f26614228c51a089\mac8.\products[5]' from process `$paramod$24a3a7236073cb7c12a30999f26614228c51a089\mac8.$proc$/Users/michelebigi/Development/FPGA-Neural/FPGA-Neural/rtl/mac8.v:40$275'.
No latch inferred for signal `$paramod$24a3a7236073cb7c12a30999f26614228c51a089\mac8.\products[4]' from process `$paramod$24a3a7236073cb7c12a30999f26614228c51a089\mac8.$proc$/Users/michelebigi/Development/FPGA-Neural/FPGA-Neural/rtl/mac8.v:40$274'.
No latch inferred for signal `$paramod$24a3a7236073cb7c12a30999f26614228c51a089\mac8.\products[3]' from process `$paramod$24a3a7236073cb7c12a30999f26614228c51a089\mac8.$proc$/Users/michelebigi/Development/FPGA-Neural/FPGA-Neural/rtl/mac8.v:40$273'.
No latch inferred for signal `$paramod$24a3a7236073cb7c12a30999f26614228c51a089\mac8.\products[2]' from process `$paramod$24a3a7236073cb7c12a30999f26614228c51a089\mac8.$proc$/Users/michelebigi/Development/FPGA-Neural/FPGA-Neural/rtl/mac8.v:40$272'.
No latch inferred for signal `$paramod$24a3a7236073cb7c12a30999f26614228c51a089\mac8.\products[1]' from process `$paramod$24a3a7236073cb7c12a30999f26614228c51a089\mac8.$proc$/Users/michelebigi/Development/FPGA-Neural/FPGA-Neural/rtl/mac8.v:40$271'.
No latch inferred for signal `$paramod$24a3a7236073cb7c12a30999f26614228c51a089\mac8.\products[0]' from process `$paramod$24a3a7236073cb7c12a30999f26614228c51a089\mac8.$proc$/Users/michelebigi/Development/FPGA-Neural/FPGA-Neural/rtl/mac8.v:40$270'.

7.9. Executing PROC_DFF pass (convert process syncs to FFs).
Creating register for signal `$paramod$d84ce0e3b12c4023f3666203f6b5a6cc419f253b\neuron_parallel.\y' using process `$paramod$d84ce0e3b12c4023f3666203f6b5a6cc419f253b\neuron_parallel.$proc$/Users/michelebigi/Development/FPGA-Neural/FPGA-Neural/rtl/neuron_parallel.v:95$206'.
  created $dff cell `$procdff$361' with positive edge clock.
Creating register for signal `$paramod$d84ce0e3b12c4023f3666203f6b5a6cc419f253b\neuron_parallel.\busy' using process `$paramod$d84ce0e3b12c4023f3666203f6b5a6cc419f253b\neuron_parallel.$proc$/Users/michelebigi/Development/FPGA-Neural/FPGA-Neural/rtl/neuron_parallel.v:95$206'.
  created $dff cell `$procdff$362' with positive edge clock.
Creating register for signal `$paramod$d84ce0e3b12c4023f3666203f6b5a6cc419f253b\neuron_parallel.\done' using process `$paramod$d84ce0e3b12c4023f3666203f6b5a6cc419f253b\neuron_parallel.$proc$/Users/michelebigi/Development/FPGA-Neural/FPGA-Neural/rtl/neuron_parallel.v:95$206'.
  created $dff cell `$procdff$363' with positive edge clock.
Creating register for signal `$paramod$d84ce0e3b12c4023f3666203f6b5a6cc419f253b\neuron_parallel.\group_index' using process `$paramod$d84ce0e3b12c4023f3666203f6b5a6cc419f253b\neuron_parallel.$proc$/Users/michelebigi/Development/FPGA-Neural/FPGA-Neural/rtl/neuron_parallel.v:95$206'.
  created $dff cell `$procdff$364' with positive edge clock.
Creating register for signal `$paramod$d84ce0e3b12c4023f3666203f6b5a6cc419f253b\neuron_parallel.\acc' using process `$paramod$d84ce0e3b12c4023f3666203f6b5a6cc419f253b\neuron_parallel.$proc$/Users/michelebigi/Development/FPGA-Neural/FPGA-Neural/rtl/neuron_parallel.v:95$206'.
  created $dff cell `$procdff$365' with positive edge clock.

7.10. Executing PROC_MEMWR pass (convert process memory writes to cells).

7.11. Executing PROC_CLEAN pass (remove empty switches from decision trees).
Removing empty process `top.$proc$/Users/michelebigi/Development/FPGA-Neural/FPGA-Neural/synth/ecp5/p8/top.v:23$48'.
Removing empty process `$paramod$24a3a7236073cb7c12a30999f26614228c51a089\mac8.$proc$/Users/michelebigi/Development/FPGA-Neural/FPGA-Neural/rtl/mac8.v:100$298'.
Removing empty process `$paramod$24a3a7236073cb7c12a30999f26614228c51a089\mac8.$proc$/Users/michelebigi/Development/FPGA-Neural/FPGA-Neural/rtl/mac8.v:100$296'.
Removing empty process `$paramod$24a3a7236073cb7c12a30999f26614228c51a089\mac8.$proc$/Users/michelebigi/Development/FPGA-Neural/FPGA-Neural/rtl/mac8.v:100$294'.
Removing empty process `$paramod$24a3a7236073cb7c12a30999f26614228c51a089\mac8.$proc$/Users/michelebigi/Development/FPGA-Neural/FPGA-Neural/rtl/mac8.v:100$292'.
Removing empty process `$paramod$24a3a7236073cb7c12a30999f26614228c51a089\mac8.$proc$/Users/michelebigi/Development/FPGA-Neural/FPGA-Neural/rtl/mac8.v:100$290'.
Removing empty process `$paramod$24a3a7236073cb7c12a30999f26614228c51a089\mac8.$proc$/Users/michelebigi/Development/FPGA-Neural/FPGA-Neural/rtl/mac8.v:100$288'.
Removing empty process `$paramod$24a3a7236073cb7c12a30999f26614228c51a089\mac8.$proc$/Users/michelebigi/Development/FPGA-Neural/FPGA-Neural/rtl/mac8.v:100$286'.
Removing empty process `$paramod$24a3a7236073cb7c12a30999f26614228c51a089\mac8.$proc$/Users/michelebigi/Development/FPGA-Neural/FPGA-Neural/rtl/mac8.v:81$285'.
Removing empty process `$paramod$24a3a7236073cb7c12a30999f26614228c51a089\mac8.$proc$/Users/michelebigi/Development/FPGA-Neural/FPGA-Neural/rtl/mac8.v:81$284'.
Removing empty process `$paramod$24a3a7236073cb7c12a30999f26614228c51a089\mac8.$proc$/Users/michelebigi/Development/FPGA-Neural/FPGA-Neural/rtl/mac8.v:81$283'.
Removing empty process `$paramod$24a3a7236073cb7c12a30999f26614228c51a089\mac8.$proc$/Users/michelebigi/Development/FPGA-Neural/FPGA-Neural/rtl/mac8.v:81$282'.
Removing empty process `$paramod$24a3a7236073cb7c12a30999f26614228c51a089\mac8.$proc$/Users/michelebigi/Development/FPGA-Neural/FPGA-Neural/rtl/mac8.v:81$281'.
Removing empty process `$paramod$24a3a7236073cb7c12a30999f26614228c51a089\mac8.$proc$/Users/michelebigi/Development/FPGA-Neural/FPGA-Neural/rtl/mac8.v:81$280'.
Removing empty process `$paramod$24a3a7236073cb7c12a30999f26614228c51a089\mac8.$proc$/Users/michelebigi/Development/FPGA-Neural/FPGA-Neural/rtl/mac8.v:81$279'.
Removing empty process `$paramod$24a3a7236073cb7c12a30999f26614228c51a089\mac8.$proc$/Users/michelebigi/Development/FPGA-Neural/FPGA-Neural/rtl/mac8.v:81$278'.
Removing empty process `$paramod$24a3a7236073cb7c12a30999f26614228c51a089\mac8.$proc$/Users/michelebigi/Development/FPGA-Neural/FPGA-Neural/rtl/mac8.v:40$277'.
Removing empty process `$paramod$24a3a7236073cb7c12a30999f26614228c51a089\mac8.$proc$/Users/michelebigi/Development/FPGA-Neural/FPGA-Neural/rtl/mac8.v:40$276'.
Removing empty process `$paramod$24a3a7236073cb7c12a30999f26614228c51a089\mac8.$proc$/Users/michelebigi/Development/FPGA-Neural/FPGA-Neural/rtl/mac8.v:40$275'.
Removing empty process `$paramod$24a3a7236073cb7c12a30999f26614228c51a089\mac8.$proc$/Users/michelebigi/Development/FPGA-Neural/FPGA-Neural/rtl/mac8.v:40$274'.
Removing empty process `$paramod$24a3a7236073cb7c12a30999f26614228c51a089\mac8.$proc$/Users/michelebigi/Development/FPGA-Neural/FPGA-Neural/rtl/mac8.v:40$273'.
Removing empty process `$paramod$24a3a7236073cb7c12a30999f26614228c51a089\mac8.$proc$/Users/michelebigi/Development/FPGA-Neural/FPGA-Neural/rtl/mac8.v:40$272'.
Removing empty process `$paramod$24a3a7236073cb7c12a30999f26614228c51a089\mac8.$proc$/Users/michelebigi/Development/FPGA-Neural/FPGA-Neural/rtl/mac8.v:40$271'.
Removing empty process `$paramod$24a3a7236073cb7c12a30999f26614228c51a089\mac8.$proc$/Users/michelebigi/Development/FPGA-Neural/FPGA-Neural/rtl/mac8.v:40$270'.
Found and cleaned up 6 empty switches in `$paramod$d84ce0e3b12c4023f3666203f6b5a6cc419f253b\neuron_parallel.$proc$/Users/michelebigi/Development/FPGA-Neural/FPGA-Neural/rtl/neuron_parallel.v:95$206'.
Removing empty process `$paramod$d84ce0e3b12c4023f3666203f6b5a6cc419f253b\neuron_parallel.$proc$/Users/michelebigi/Development/FPGA-Neural/FPGA-Neural/rtl/neuron_parallel.v:95$206'.
Cleaned up 6 empty switches.

7.12. Executing OPT_EXPR pass (perform const folding).
Optimizing module top.
Optimizing module $paramod$8392c0aee371eac30cfcd917af9a6c37ac869d3e\mac_unit.
Optimizing module $paramod$59e7e65a6436847149e03e7e6295e76ee9d3ab17\layer.
Optimizing module $paramod$24a3a7236073cb7c12a30999f26614228c51a089\mac8.
Optimizing module $paramod$d84ce0e3b12c4023f3666203f6b5a6cc419f253b\neuron_parallel.

8. Executing FLATTEN pass (flatten design).
Deleting now unused module $paramod$8392c0aee371eac30cfcd917af9a6c37ac869d3e\mac_unit.
Deleting now unused module $paramod$59e7e65a6436847149e03e7e6295e76ee9d3ab17\layer.
Deleting now unused module $paramod$24a3a7236073cb7c12a30999f26614228c51a089\mac8.
Deleting now unused module $paramod$d84ce0e3b12c4023f3666203f6b5a6cc419f253b\neuron_parallel.
<suppressed ~14 debug messages>

9. Executing OPT pass (performing simple optimizations).

9.1. Executing OPT_EXPR pass (perform const folding).
Optimizing module top.
<suppressed ~75 debug messages>

9.2. Executing OPT_MERGE pass (detect identical cells).
Finding identical cells in module `\top'.
Computing hashes of 291 cells of `\top'.
Finding duplicate cells in `\top'.
Computing hashes of 287 cells of `\top'.
Finding duplicate cells in `\top'.
<suppressed ~12 debug messages>
Removed a total of 4 cells.

9.3. Executing OPT_MUXTREE pass (detect dead branches in mux trees).
Running muxtree optimizer on module \top..
  Creating internal representation of mux trees.
  Evaluating internal representation of mux trees.
      Replacing known input bits on port A of cell $flatten\u_layer.\GEN_NEURON[0].u_neuron.$procmux$336: \u_layer.GEN_NEURON[0].u_neuron.busy -> 1'0
      Replacing known input bits on port A of cell $flatten\u_layer.\GEN_NEURON[0].u_neuron.$procmux$334: \u_layer.GEN_NEURON[0].u_neuron.busy -> 1'1
      Replacing known input bits on port A of cell $flatten\u_layer.\GEN_NEURON[1].u_neuron.$procmux$336: \u_layer.GEN_NEURON[1].u_neuron.busy -> 1'0
      Replacing known input bits on port A of cell $flatten\u_layer.\GEN_NEURON[1].u_neuron.$procmux$334: \u_layer.GEN_NEURON[1].u_neuron.busy -> 1'1
      Replacing known input bits on port A of cell $flatten\u_layer.\GEN_NEURON[2].u_neuron.$procmux$336: \u_layer.GEN_NEURON[2].u_neuron.busy -> 1'0
      Replacing known input bits on port A of cell $flatten\u_layer.\GEN_NEURON[2].u_neuron.$procmux$334: \u_layer.GEN_NEURON[2].u_neuron.busy -> 1'1
      Replacing known input bits on port A of cell $flatten\u_layer.\GEN_NEURON[3].u_neuron.$procmux$336: \u_layer.GEN_NEURON[3].u_neuron.busy -> 1'0
      Replacing known input bits on port A of cell $flatten\u_layer.\GEN_NEURON[3].u_neuron.$procmux$334: \u_layer.GEN_NEURON[3].u_neuron.busy -> 1'1
  Analyzing evaluation results.
Removed 0 multiplexer ports.
<suppressed ~108 debug messages>

9.4. Executing OPT_REDUCE pass (consolidate $*mux and $reduce_* inputs).
  Optimizing cells in module \top.
Performed a total of 0 changes.

9.5. Executing OPT_MERGE pass (detect identical cells).
Finding identical cells in module `\top'.
Computing hashes of 287 cells of `\top'.
Finding duplicate cells in `\top'.
Removed a total of 0 cells.

9.6. Executing OPT_DFF pass (perform DFF optimizations).
Adding SRST signal on $flatten\u_layer.\GEN_NEURON[3].u_neuron.$procdff$361 ($dff) from module top (D = $flatten\u_layer.\GEN_NEURON[3].u_neuron.$procmux$356_Y, Q = \u_layer.GEN_NEURON[3].u_neuron.y, rval = 8'00000000).
Adding EN signal on $auto$ff.cc:337:slice$380 ($sdff) from module top (D = $flatten\u_layer.\GEN_NEURON[3].u_neuron.$procmux$349_Y, Q = \u_layer.GEN_NEURON[3].u_neuron.y).
Adding SRST signal on $flatten\u_layer.\GEN_NEURON[3].u_neuron.$procdff$362 ($dff) from module top (D = $flatten\u_layer.\GEN_NEURON[3].u_neuron.$procmux$339_Y, Q = \u_layer.GEN_NEURON[3].u_neuron.busy, rval = 1'0).
Adding SRST signal on $flatten\u_layer.\GEN_NEURON[3].u_neuron.$procdff$363 ($dff) from module top (D = $flatten\u_layer.\GEN_NEURON[3].u_neuron.$procmux$301_Y, Q = \u_layer.GEN_NEURON[3].u_neuron.done, rval = 1'0).
Adding SRST signal on $flatten\u_layer.\GEN_NEURON[3].u_neuron.$procdff$364 ($dff) from module top (D = $flatten\u_layer.\GEN_NEURON[3].u_neuron.$procmux$325_Y, Q = \u_layer.GEN_NEURON[3].u_neuron.group_index, rval = 5'00000).
Adding EN signal on $auto$ff.cc:337:slice$392 ($sdff) from module top (D = $flatten\u_layer.\GEN_NEURON[3].u_neuron.$add$/Users/michelebigi/Development/FPGA-Neural/FPGA-Neural/rtl/neuron_parallel.v:141$212_Y, Q = \u_layer.GEN_NEURON[3].u_neuron.group_index).
Adding SRST signal on $flatten\u_layer.\GEN_NEURON[3].u_neuron.$procdff$365 ($dff) from module top (D = $flatten\u_layer.\GEN_NEURON[3].u_neuron.$procmux$314_Y, Q = \u_layer.GEN_NEURON[3].u_neuron.acc, rval = 0).
Adding EN signal on $auto$ff.cc:337:slice$400 ($sdff) from module top (D = $flatten\u_layer.\GEN_NEURON[3].u_neuron.$procmux$312_Y, Q = \u_layer.GEN_NEURON[3].u_neuron.acc).
Adding SRST signal on $flatten\u_layer.\GEN_NEURON[2].u_neuron.$procdff$361 ($dff) from module top (D = $flatten\u_layer.\GEN_NEURON[2].u_neuron.$procmux$356_Y, Q = \u_layer.GEN_NEURON[2].u_neuron.y, rval = 8'00000000).
Adding EN signal on $auto$ff.cc:337:slice$404 ($sdff) from module top (D = $flatten\u_layer.\GEN_NEURON[2].u_neuron.$procmux$349_Y, Q = \u_layer.GEN_NEURON[2].u_neuron.y).
Adding SRST signal on $flatten\u_layer.\GEN_NEURON[2].u_neuron.$procdff$362 ($dff) from module top (D = $flatten\u_layer.\GEN_NEURON[2].u_neuron.$procmux$339_Y, Q = \u_layer.GEN_NEURON[2].u_neuron.busy, rval = 1'0).
Adding SRST signal on $flatten\u_layer.\GEN_NEURON[2].u_neuron.$procdff$363 ($dff) from module top (D = $flatten\u_layer.\GEN_NEURON[2].u_neuron.$procmux$301_Y, Q = \u_layer.GEN_NEURON[2].u_neuron.done, rval = 1'0).
Adding SRST signal on $flatten\u_layer.\GEN_NEURON[2].u_neuron.$procdff$364 ($dff) from module top (D = $flatten\u_layer.\GEN_NEURON[2].u_neuron.$procmux$325_Y, Q = \u_layer.GEN_NEURON[2].u_neuron.group_index, rval = 5'00000).
Adding EN signal on $auto$ff.cc:337:slice$416 ($sdff) from module top (D = $flatten\u_layer.\GEN_NEURON[2].u_neuron.$add$/Users/michelebigi/Development/FPGA-Neural/FPGA-Neural/rtl/neuron_parallel.v:141$212_Y, Q = \u_layer.GEN_NEURON[2].u_neuron.group_index).
Adding SRST signal on $flatten\u_layer.\GEN_NEURON[2].u_neuron.$procdff$365 ($dff) from module top (D = $flatten\u_layer.\GEN_NEURON[2].u_neuron.$procmux$314_Y, Q = \u_layer.GEN_NEURON[2].u_neuron.acc, rval = 0).
Adding EN signal on $auto$ff.cc:337:slice$424 ($sdff) from module top (D = $flatten\u_layer.\GEN_NEURON[2].u_neuron.$procmux$312_Y, Q = \u_layer.GEN_NEURON[2].u_neuron.acc).
Adding SRST signal on $flatten\u_layer.\GEN_NEURON[1].u_neuron.$procdff$361 ($dff) from module top (D = $flatten\u_layer.\GEN_NEURON[1].u_neuron.$procmux$356_Y, Q = \u_layer.GEN_NEURON[1].u_neuron.y, rval = 8'00000000).
Adding EN signal on $auto$ff.cc:337:slice$428 ($sdff) from module top (D = $flatten\u_layer.\GEN_NEURON[1].u_neuron.$procmux$349_Y, Q = \u_layer.GEN_NEURON[1].u_neuron.y).
Adding SRST signal on $flatten\u_layer.\GEN_NEURON[1].u_neuron.$procdff$362 ($dff) from module top (D = $flatten\u_layer.\GEN_NEURON[1].u_neuron.$procmux$339_Y, Q = \u_layer.GEN_NEURON[1].u_neuron.busy, rval = 1'0).
Adding SRST signal on $flatten\u_layer.\GEN_NEURON[1].u_neuron.$procdff$363 ($dff) from module top (D = $flatten\u_layer.\GEN_NEURON[1].u_neuron.$procmux$301_Y, Q = \u_layer.GEN_NEURON[1].u_neuron.done, rval = 1'0).
Adding SRST signal on $flatten\u_layer.\GEN_NEURON[1].u_neuron.$procdff$364 ($dff) from module top (D = $flatten\u_layer.\GEN_NEURON[1].u_neuron.$procmux$325_Y, Q = \u_layer.GEN_NEURON[1].u_neuron.group_index, rval = 5'00000).
Adding EN signal on $auto$ff.cc:337:slice$440 ($sdff) from module top (D = $flatten\u_layer.\GEN_NEURON[1].u_neuron.$add$/Users/michelebigi/Development/FPGA-Neural/FPGA-Neural/rtl/neuron_parallel.v:141$212_Y, Q = \u_layer.GEN_NEURON[1].u_neuron.group_index).
Adding SRST signal on $flatten\u_layer.\GEN_NEURON[1].u_neuron.$procdff$365 ($dff) from module top (D = $flatten\u_layer.\GEN_NEURON[1].u_neuron.$procmux$314_Y, Q = \u_layer.GEN_NEURON[1].u_neuron.acc, rval = 0).
Adding EN signal on $auto$ff.cc:337:slice$448 ($sdff) from module top (D = $flatten\u_layer.\GEN_NEURON[1].u_neuron.$procmux$312_Y, Q = \u_layer.GEN_NEURON[1].u_neuron.acc).
Adding SRST signal on $flatten\u_layer.\GEN_NEURON[0].u_neuron.$procdff$361 ($dff) from module top (D = $flatten\u_layer.\GEN_NEURON[0].u_neuron.$procmux$356_Y, Q = \u_layer.GEN_NEURON[0].u_neuron.y, rval = 8'00000000).
Adding EN signal on $auto$ff.cc:337:slice$452 ($sdff) from module top (D = $flatten\u_layer.\GEN_NEURON[0].u_neuron.$procmux$349_Y, Q = \u_layer.GEN_NEURON[0].u_neuron.y).
Adding SRST signal on $flatten\u_layer.\GEN_NEURON[0].u_neuron.$procdff$362 ($dff) from module top (D = $flatten\u_layer.\GEN_NEURON[0].u_neuron.$procmux$339_Y, Q = \u_layer.GEN_NEURON[0].u_neuron.busy, rval = 1'0).
Adding SRST signal on $flatten\u_layer.\GEN_NEURON[0].u_neuron.$procdff$363 ($dff) from module top (D = $flatten\u_layer.\GEN_NEURON[0].u_neuron.$procmux$301_Y, Q = \u_layer.GEN_NEURON[0].u_neuron.done, rval = 1'0).
Adding SRST signal on $flatten\u_layer.\GEN_NEURON[0].u_neuron.$procdff$364 ($dff) from module top (D = $flatten\u_layer.\GEN_NEURON[0].u_neuron.$procmux$325_Y, Q = \u_layer.GEN_NEURON[0].u_neuron.group_index, rval = 5'00000).
Adding EN signal on $auto$ff.cc:337:slice$464 ($sdff) from module top (D = $flatten\u_layer.\GEN_NEURON[0].u_neuron.$add$/Users/michelebigi/Development/FPGA-Neural/FPGA-Neural/rtl/neuron_parallel.v:141$212_Y, Q = \u_layer.GEN_NEURON[0].u_neuron.group_index).
Adding SRST signal on $flatten\u_layer.\GEN_NEURON[0].u_neuron.$procdff$365 ($dff) from module top (D = $flatten\u_layer.\GEN_NEURON[0].u_neuron.$procmux$314_Y, Q = \u_layer.GEN_NEURON[0].u_neuron.acc, rval = 0).
Adding EN signal on $auto$ff.cc:337:slice$472 ($sdff) from module top (D = $flatten\u_layer.\GEN_NEURON[0].u_neuron.$procmux$312_Y, Q = \u_layer.GEN_NEURON[0].u_neuron.acc).

9.7. Executing OPT_CLEAN pass (remove unused cells and wires).
Finding unused cells or wires in module \top..
Removed 60 unused cells and 614 unused wires.
<suppressed ~168 debug messages>

9.8. Executing OPT_EXPR pass (perform const folding).
Optimizing module top.
<suppressed ~3 debug messages>

9.9. Rerunning OPT passes. (Maybe there is more to do..)

9.10. Executing OPT_MUXTREE pass (detect dead branches in mux trees).
Running muxtree optimizer on module \top..
  Creating internal representation of mux trees.
  Evaluating internal representation of mux trees.
  Analyzing evaluation results.
Removed 0 multiplexer ports.
<suppressed ~38 debug messages>

9.11. Executing OPT_REDUCE pass (consolidate $*mux and $reduce_* inputs).
  Optimizing cells in module \top.
Performed a total of 0 changes.

9.12. Executing OPT_MERGE pass (detect identical cells).
Finding identical cells in module `\top'.
Computing hashes of 217 cells of `\top'.
Finding duplicate cells in `\top'.
Computing hashes of 213 cells of `\top'.
Finding duplicate cells in `\top'.
<suppressed ~12 debug messages>
Removed a total of 4 cells.

9.13. Executing OPT_DFF pass (perform DFF optimizations).

9.14. Executing OPT_CLEAN pass (remove unused cells and wires).
Finding unused cells or wires in module \top..
Removed 0 unused cells and 7 unused wires.
<suppressed ~1 debug messages>

9.15. Executing OPT_EXPR pass (perform const folding).
Optimizing module top.

9.16. Rerunning OPT passes. (Maybe there is more to do..)

9.17. Executing OPT_MUXTREE pass (detect dead branches in mux trees).
Running muxtree optimizer on module \top..
  Creating internal representation of mux trees.
  Evaluating internal representation of mux trees.
  Analyzing evaluation results.
Removed 0 multiplexer ports.
<suppressed ~38 debug messages>

9.18. Executing OPT_REDUCE pass (consolidate $*mux and $reduce_* inputs).
  Optimizing cells in module \top.
Performed a total of 0 changes.

9.19. Executing OPT_MERGE pass (detect identical cells).
Finding identical cells in module `\top'.
Computing hashes of 213 cells of `\top'.
Finding duplicate cells in `\top'.
Removed a total of 0 cells.

9.20. Executing OPT_DFF pass (perform DFF optimizations).

9.21. Executing OPT_CLEAN pass (remove unused cells and wires).
Finding unused cells or wires in module \top..

9.22. Executing OPT_EXPR pass (perform const folding).
Optimizing module top.

9.23. Finished fast OPT passes. (There is nothing left to do.)

10. Executing MEMORY pass.

10.1. Executing OPT_MEM pass (optimize memories).
Performed a total of 0 transformations.

10.2. Executing OPT_MEM_PRIORITY pass (removing unnecessary memory write priority relations).
Performed a total of 0 transformations.

10.3. Executing OPT_MEM_FEEDBACK pass (finding memory read-to-write feedback paths).

10.4. Executing MEMORY_BMUX2ROM pass (converting muxes to ROMs).

10.5. Executing MEMORY_DFF pass (merging $dff cells to $memrd).

10.6. Executing OPT_CLEAN pass (remove unused cells and wires).
Finding unused cells or wires in module \top..

10.7. Executing MEMORY_SHARE pass (consolidating $memrd/$memwr cells).

10.8. Executing OPT_MEM_WIDEN pass (optimize memories where all ports are wide).
Performed a total of 0 transformations.

10.9. Executing OPT_CLEAN pass (remove unused cells and wires).
Finding unused cells or wires in module \top..

10.10. Executing MEMORY_COLLECT pass (generating $mem cells).

10.11. Executing MEMORY_MAP pass (converting memories to logic and flip-flops).

11. Executing OPT pass (performing simple optimizations).

11.1. Executing OPT_EXPR pass (perform const folding).
Optimizing module top.

11.2. Executing OPT_MERGE pass (detect identical cells).
Finding identical cells in module `\top'.
Computing hashes of 213 cells of `\top'.
Finding duplicate cells in `\top'.
Removed a total of 0 cells.

11.3. Executing OPT_MUXTREE pass (detect dead branches in mux trees).
Running muxtree optimizer on module \top..
  Creating internal representation of mux trees.
  Evaluating internal representation of mux trees.
  Analyzing evaluation results.
Removed 0 multiplexer ports.
<suppressed ~38 debug messages>

11.4. Executing OPT_REDUCE pass (consolidate $*mux and $reduce_* inputs).
  Optimizing cells in module \top.
Performed a total of 0 changes.

11.5. Executing OPT_MERGE pass (detect identical cells).
Finding identical cells in module `\top'.
Computing hashes of 213 cells of `\top'.
Finding duplicate cells in `\top'.
Removed a total of 0 cells.

11.6. Executing OPT_DFF pass (perform DFF optimizations).

11.7. Executing OPT_CLEAN pass (remove unused cells and wires).
Finding unused cells or wires in module \top..

11.8. Executing OPT_EXPR pass (perform const folding).
Optimizing module top.

11.9. Finished fast OPT passes. (There is nothing left to do.)

12. Executing TECHMAP pass (map to technology primitives).

12.1. Executing Verilog-2005 frontend: /opt/homebrew/bin/../share/yosys/techmap.v
Parsing Verilog input from `/opt/homebrew/bin/../share/yosys/techmap.v' to AST representation.
Generating RTLIL representation for module `\_90_simplemap_bool_ops'.
Generating RTLIL representation for module `\_90_simplemap_reduce_ops'.
Generating RTLIL representation for module `\_90_simplemap_logic_ops'.
Generating RTLIL representation for module `\_90_simplemap_compare_ops'.
Generating RTLIL representation for module `\_90_simplemap_various'.
Generating RTLIL representation for module `\_90_simplemap_registers'.
Generating RTLIL representation for module `\_90_shift_ops_shr_shl_sshl_sshr'.
Generating RTLIL representation for module `\_90_shift_shiftx'.
Generating RTLIL representation for module `\_90_fa'.
Generating RTLIL representation for module `\_90_lcu_brent_kung'.
Generating RTLIL representation for module `\_90_alu'.
Generating RTLIL representation for module `\_90_macc'.
Generating RTLIL representation for module `\_90_alumacc'.
Generating RTLIL representation for module `$__div_mod_u'.
Generating RTLIL representation for module `$__div_mod_trunc'.
Generating RTLIL representation for module `\_90_div'.
Generating RTLIL representation for module `\_90_mod'.
Generating RTLIL representation for module `$__div_mod_floor'.
Generating RTLIL representation for module `\_90_divfloor'.
Generating RTLIL representation for module `\_90_modfloor'.
Generating RTLIL representation for module `\_90_pow'.
Generating RTLIL representation for module `\_90_demux'.
Generating RTLIL representation for module `\_90_lut'.
Generating RTLIL representation for module `$connect'.
Generating RTLIL representation for module `$input_port'.
Successfully finished Verilog frontend.

12.2. Continuing TECHMAP pass.
Using extmapper simplemap for cells of type $sdffe.
Using extmapper simplemap for cells of type $reduce_or.
Using extmapper simplemap for cells of type $reduce_and.
Using extmapper simplemap for cells of type $not.
Using extmapper simplemap for cells of type $sdff.
Using template $paramod$constmap:bb3aab9d7e3e1508d26b149e730a85068a1f5578$paramod$7d00db8a59728ec0e93a9e75d12a59371a9099d5\_90_shift_shiftx for cells of type $shiftx.
Analyzing pattern of constant bits for this cell:
  Constant input on bit 0 of port B: 1'0
  Constant input on bit 1 of port B: 1'0
  Constant input on bit 2 of port B: 1'0
  Constant input on bit 3 of port B: 1'0
  Constant input on bit 4 of port B: 1'0
  Constant input on bit 5 of port B: 1'0
  Constant input on bit 11 of port B: 1'0
  Constant input on bit 12 of port B: 1'0
  Constant input on bit 13 of port B: 1'0
  Constant input on bit 14 of port B: 1'0
  Constant input on bit 15 of port B: 1'0
  Constant input on bit 16 of port B: 1'0
  Constant input on bit 17 of port B: 1'0
  Constant input on bit 18 of port B: 1'0
  Constant input on bit 19 of port B: 1'0
  Constant input on bit 20 of port B: 1'0
  Constant input on bit 21 of port B: 1'0
  Constant input on bit 22 of port B: 1'0
  Constant input on bit 23 of port B: 1'0
  Constant input on bit 24 of port B: 1'0
  Constant input on bit 25 of port B: 1'0
  Constant input on bit 26 of port B: 1'0
  Constant input on bit 27 of port B: 1'0
  Constant input on bit 28 of port B: 1'0
  Constant input on bit 29 of port B: 1'0
  Constant input on bit 30 of port B: 1'0
  Constant input on bit 31 of port B: 1'0
  Constant input on bit 0 of port A: 1'0
  Constant input on bit 1 of port A: 1'0
  Constant input on bit 2 of port A: 1'1
  Constant input on bit 3 of port A: 1'0
  Constant input on bit 4 of port A: 1'0
  Constant input on bit 5 of port A: 1'0
  Constant input on bit 6 of port A: 1'0
  Constant input on bit 7 of port A: 1'0
  Constant input on bit 8 of port A: 1'0
  Constant input on bit 9 of port A: 1'0
  Constant input on bit 10 of port A: 1'1
  Constant input on bit 11 of port A: 1'0
  Constant input on bit 12 of port A: 1'0
  Constant input on bit 13 of port A: 1'0
  Constant input on bit 14 of port A: 1'0
  Constant input on bit 15 of port A: 1'0
  Constant input on bit 16 of port A: 1'0
  Constant input on bit 17 of port A: 1'0
  Constant input on bit 18 of port A: 1'1
  Constant input on bit 19 of port A: 1'0
  Constant input on bit 20 of port A: 1'0
  Constant input on bit 21 of port A: 1'0
  Constant input on bit 22 of port A: 1'0
  Constant input on bit 23 of port A: 1'0
  Constant input on bit 24 of port A: 1'0
  Constant input on bit 25 of port A: 1'0
  Constant input on bit 26 of port A: 1'1
  Constant input on bit 27 of port A: 1'0
  Constant input on bit 28 of port A: 1'0
  Constant input on bit 29 of port A: 1'0
  Constant input on bit 30 of port A: 1'0
  Constant input on bit 31 of port A: 1'0
  Constant input on bit 32 of port A: 1'0
  Constant input on bit 33 of port A: 1'0
  Constant input on bit 34 of port A: 1'1
  Constant input on bit 35 of port A: 1'0
  Constant input on bit 36 of port A: 1'0
  Constant input on bit 37 of port A: 1'0
  Constant input on bit 38 of port A: 1'0
  Constant input on bit 39 of port A: 1'0
  Constant input on bit 40 of port A: 1'0
  Constant input on bit 41 of port A: 1'0
  Constant input on bit 42 of port A: 1'1
  Constant input on bit 43 of port A: 1'0
  Constant input on bit 44 of port A: 1'0
  Constant input on bit 45 of port A: 1'0
  Constant input on bit 46 of port A: 1'0
  Constant input on bit 47 of port A: 1'0
  Constant input on bit 48 of port A: 1'0
  Constant input on bit 49 of port A: 1'0
  Constant input on bit 50 of port A: 1'1
  Constant input on bit 51 of port A: 1'0
  Constant input on bit 52 of port A: 1'0
  Constant input on bit 53 of port A: 1'0
  Constant input on bit 54 of port A: 1'0
  Constant input on bit 55 of port A: 1'0
  Constant input on bit 56 of port A: 1'0
  Constant input on bit 57 of port A: 1'0
  Constant input on bit 58 of port A: 1'1
  Constant input on bit 59 of port A: 1'0
  Constant input on bit 60 of port A: 1'0
  Constant input on bit 61 of port A: 1'0
  Constant input on bit 62 of port A: 1'0
  Constant input on bit 63 of port A: 1'0
  Constant input on bit 64 of port A: 1'0
  Constant input on bit 65 of port A: 1'0
  Constant input on bit 66 of port A: 1'1
  Constant input on bit 67 of port A: 1'0
  Constant input on bit 68 of port A: 1'0
  Constant input on bit 69 of port A: 1'0
  Constant input on bit 70 of port A: 1'0
  Constant input on bit 71 of port A: 1'0
  Constant input on bit 72 of port A: 1'0
  Constant input on bit 73 of port A: 1'0
  Constant input on bit 74 of port A: 1'1
  Constant input on bit 75 of port A: 1'0
  Constant input on bit 76 of port A: 1'0
  Constant input on bit 77 of port A: 1'0
  Constant input on bit 78 of port A: 1'0
  Constant input on bit 79 of port A: 1'0
  Constant input on bit 80 of port A: 1'0
  Constant input on bit 81 of port A: 1'0
  Constant input on bit 82 of port A: 1'1
  Constant input on bit 83 of port A: 1'0
  Constant input on bit 84 of port A: 1'0
  Constant input on bit 85 of port A: 1'0
  Constant input on bit 86 of port A: 1'0
  Constant input on bit 87 of port A: 1'0
  Constant input on bit 88 of port A: 1'0
  Constant input on bit 89 of port A: 1'0
  Constant input on bit 90 of port A: 1'1
  Constant input on bit 91 of port A: 1'0
  Constant input on bit 92 of port A: 1'0
  Constant input on bit 93 of port A: 1'0
  Constant input on bit 94 of port A: 1'0
  Constant input on bit 95 of port A: 1'0
  Constant input on bit 96 of port A: 1'0
  Constant input on bit 97 of port A: 1'0
  Constant input on bit 98 of port A: 1'1
  Constant input on bit 99 of port A: 1'0
  Constant input on bit 100 of port A: 1'0
  Constant input on bit 101 of port A: 1'0
  Constant input on bit 102 of port A: 1'0
  Constant input on bit 103 of port A: 1'0
  Constant input on bit 104 of port A: 1'0
  Constant input on bit 105 of port A: 1'0
  Constant input on bit 106 of port A: 1'1
  Constant input on bit 107 of port A: 1'0
  Constant input on bit 108 of port A: 1'0
  Constant input on bit 109 of port A: 1'0
  Constant input on bit 110 of port A: 1'0
  Constant input on bit 111 of port A: 1'0
  Constant input on bit 112 of port A: 1'0
  Constant input on bit 113 of port A: 1'0
  Constant input on bit 114 of port A: 1'1
  Constant input on bit 115 of port A: 1'0
  Constant input on bit 116 of port A: 1'0
  Constant input on bit 117 of port A: 1'0
  Constant input on bit 118 of port A: 1'0
  Constant input on bit 119 of port A: 1'0
  Constant input on bit 120 of port A: 1'0
  Constant input on bit 121 of port A: 1'0
  Constant input on bit 122 of port A: 1'1
  Constant input on bit 123 of port A: 1'0
  Constant input on bit 124 of port A: 1'0
  Constant input on bit 125 of port A: 1'0
  Constant input on bit 126 of port A: 1'0
  Constant input on bit 127 of port A: 1'0
  Constant input on bit 128 of port A: 1'0
  Constant input on bit 129 of port A: 1'0
  Constant input on bit 130 of port A: 1'1
  Constant input on bit 131 of port A: 1'0
  Constant input on bit 132 of port A: 1'0
  Constant input on bit 133 of port A: 1'0
  Constant input on bit 134 of port A: 1'0
  Constant input on bit 135 of port A: 1'0
  Constant input on bit 136 of port A: 1'0
  Constant input on bit 137 of port A: 1'0
  Constant input on bit 138 of port A: 1'1
  Constant input on bit 139 of port A: 1'0
  Constant input on bit 140 of port A: 1'0
  Constant input on bit 141 of port A: 1'0
  Constant input on bit 142 of port A: 1'0
  Constant input on bit 143 of port A: 1'0
  Constant input on bit 144 of port A: 1'0
  Constant input on bit 145 of port A: 1'0
  Constant input on bit 146 of port A: 1'1
  Constant input on bit 147 of port A: 1'0
  Constant input on bit 148 of port A: 1'0
  Constant input on bit 149 of port A: 1'0
  Constant input on bit 150 of port A: 1'0
  Constant input on bit 151 of port A: 1'0
  Constant input on bit 152 of port A: 1'0
  Constant input on bit 153 of port A: 1'0
  Constant input on bit 154 of port A: 1'1
  Constant input on bit 155 of port A: 1'0
  Constant input on bit 156 of port A: 1'0
  Constant input on bit 157 of port A: 1'0
  Constant input on bit 158 of port A: 1'0
  Constant input on bit 159 of port A: 1'0
  Constant input on bit 160 of port A: 1'0
  Constant input on bit 161 of port A: 1'0
  Constant input on bit 162 of port A: 1'1
  Constant input on bit 163 of port A: 1'0
  Constant input on bit 164 of port A: 1'0
  Constant input on bit 165 of port A: 1'0
  Constant input on bit 166 of port A: 1'0
  Constant input on bit 167 of port A: 1'0
  Constant input on bit 168 of port A: 1'0
  Constant input on bit 169 of port A: 1'0
  Constant input on bit 170 of port A: 1'1
  Constant input on bit 171 of port A: 1'0
  Constant input on bit 172 of port A: 1'0
  Constant input on bit 173 of port A: 1'0
  Constant input on bit 174 of port A: 1'0
  Constant input on bit 175 of port A: 1'0
  Constant input on bit 176 of port A: 1'0
  Constant input on bit 177 of port A: 1'0
  Constant input on bit 178 of port A: 1'1
  Constant input on bit 179 of port A: 1'0
  Constant input on bit 180 of port A: 1'0
  Constant input on bit 181 of port A: 1'0
  Constant input on bit 182 of port A: 1'0
  Constant input on bit 183 of port A: 1'0
  Constant input on bit 184 of port A: 1'0
  Constant input on bit 185 of port A: 1'0
  Constant input on bit 186 of port A: 1'1
  Constant input on bit 187 of port A: 1'0
  Constant input on bit 188 of port A: 1'0
  Constant input on bit 189 of port A: 1'0
  Constant input on bit 190 of port A: 1'0
  Constant input on bit 191 of port A: 1'0
  Constant input on bit 192 of port A: 1'0
  Constant input on bit 193 of port A: 1'0
  Constant input on bit 194 of port A: 1'1
  Constant input on bit 195 of port A: 1'0
  Constant input on bit 196 of port A: 1'0
  Constant input on bit 197 of port A: 1'0
  Constant input on bit 198 of port A: 1'0
  Constant input on bit 199 of port A: 1'0
  Constant input on bit 200 of port A: 1'0
  Constant input on bit 201 of port A: 1'0
  Constant input on bit 202 of port A: 1'1
  Constant input on bit 203 of port A: 1'0
  Constant input on bit 204 of port A: 1'0
  Constant input on bit 205 of port A: 1'0
  Constant input on bit 206 of port A: 1'0
  Constant input on bit 207 of port A: 1'0
  Constant input on bit 208 of port A: 1'0
  Constant input on bit 209 of port A: 1'0
  Constant input on bit 210 of port A: 1'1
  Constant input on bit 211 of port A: 1'0
  Constant input on bit 212 of port A: 1'0
  Constant input on bit 213 of port A: 1'0
  Constant input on bit 214 of port A: 1'0
  Constant input on bit 215 of port A: 1'0
  Constant input on bit 216 of port A: 1'0
  Constant input on bit 217 of port A: 1'0
  Constant input on bit 218 of port A: 1'1
  Constant input on bit 219 of port A: 1'0
  Constant input on bit 220 of port A: 1'0
  Constant input on bit 221 of port A: 1'0
  Constant input on bit 222 of port A: 1'0
  Constant input on bit 223 of port A: 1'0
  Constant input on bit 224 of port A: 1'0
  Constant input on bit 225 of port A: 1'0
  Constant input on bit 226 of port A: 1'1
  Constant input on bit 227 of port A: 1'0
  Constant input on bit 228 of port A: 1'0
  Constant input on bit 229 of port A: 1'0
  Constant input on bit 230 of port A: 1'0
  Constant input on bit 231 of port A: 1'0
  Constant input on bit 232 of port A: 1'0
  Constant input on bit 233 of port A: 1'0
  Constant input on bit 234 of port A: 1'1
  Constant input on bit 235 of port A: 1'0
  Constant input on bit 236 of port A: 1'0
  Constant input on bit 237 of port A: 1'0
  Constant input on bit 238 of port A: 1'0
  Constant input on bit 239 of port A: 1'0
  Constant input on bit 240 of port A: 1'0
  Constant input on bit 241 of port A: 1'0
  Constant input on bit 242 of port A: 1'1
  Constant input on bit 243 of port A: 1'0
  Constant input on bit 244 of port A: 1'0
  Constant input on bit 245 of port A: 1'0
  Constant input on bit 246 of port A: 1'0
  Constant input on bit 247 of port A: 1'0
  Constant input on bit 248 of port A: 1'0
  Constant input on bit 249 of port A: 1'0
  Constant input on bit 250 of port A: 1'1
  Constant input on bit 251 of port A: 1'0
  Constant input on bit 252 of port A: 1'0
  Constant input on bit 253 of port A: 1'0
  Constant input on bit 254 of port A: 1'0
  Constant input on bit 255 of port A: 1'0
  Constant input on bit 256 of port A: 1'0
  Constant input on bit 257 of port A: 1'0
  Constant input on bit 258 of port A: 1'0
  Constant input on bit 259 of port A: 1'0
  Constant input on bit 260 of port A: 1'0
  Constant input on bit 261 of port A: 1'0
  Constant input on bit 262 of port A: 1'0
  Constant input on bit 263 of port A: 1'0
  Constant input on bit 264 of port A: 1'0
  Constant input on bit 265 of port A: 1'0
  Constant input on bit 266 of port A: 1'0
  Constant input on bit 267 of port A: 1'0
  Constant input on bit 268 of port A: 1'0
  Constant input on bit 269 of port A: 1'0
  Constant input on bit 270 of port A: 1'0
  Constant input on bit 271 of port A: 1'0
  Constant input on bit 272 of port A: 1'0
  Constant input on bit 273 of port A: 1'0
  Constant input on bit 274 of port A: 1'0
  Constant input on bit 275 of port A: 1'0
  Constant input on bit 276 of port A: 1'0
  Constant input on bit 277 of port A: 1'0
  Constant input on bit 278 of port A: 1'0
  Constant input on bit 279 of port A: 1'0
  Constant input on bit 280 of port A: 1'0
  Constant input on bit 281 of port A: 1'0
  Constant input on bit 282 of port A: 1'0
  Constant input on bit 283 of port A: 1'0
  Constant input on bit 284 of port A: 1'0
  Constant input on bit 285 of port A: 1'0
  Constant input on bit 286 of port A: 1'0
  Constant input on bit 287 of port A: 1'0
  Constant input on bit 288 of port A: 1'0
  Constant input on bit 289 of port A: 1'0
  Constant input on bit 290 of port A: 1'0
  Constant input on bit 291 of port A: 1'0
  Constant input on bit 292 of port A: 1'0
  Constant input on bit 293 of port A: 1'0
  Constant input on bit 294 of port A: 1'0
  Constant input on bit 295 of port A: 1'0
  Constant input on bit 296 of port A: 1'0
  Constant input on bit 297 of port A: 1'0
  Constant input on bit 298 of port A: 1'0
  Constant input on bit 299 of port A: 1'0
  Constant input on bit 300 of port A: 1'0
  Constant input on bit 301 of port A: 1'0
  Constant input on bit 302 of port A: 1'0
  Constant input on bit 303 of port A: 1'0
  Constant input on bit 304 of port A: 1'0
  Constant input on bit 305 of port A: 1'0
  Constant input on bit 306 of port A: 1'0
  Constant input on bit 307 of port A: 1'0
  Constant input on bit 308 of port A: 1'0
  Constant input on bit 309 of port A: 1'0
  Constant input on bit 310 of port A: 1'0
  Constant input on bit 311 of port A: 1'0
  Constant input on bit 312 of port A: 1'0
  Constant input on bit 313 of port A: 1'0
  Constant input on bit 314 of port A: 1'0
  Constant input on bit 315 of port A: 1'0
  Constant input on bit 316 of port A: 1'0
  Constant input on bit 317 of port A: 1'0
  Constant input on bit 318 of port A: 1'0
  Constant input on bit 319 of port A: 1'0
  Constant input on bit 320 of port A: 1'0
  Constant input on bit 321 of port A: 1'0
  Constant input on bit 322 of port A: 1'0
  Constant input on bit 323 of port A: 1'0
  Constant input on bit 324 of port A: 1'0
  Constant input on bit 325 of port A: 1'0
  Constant input on bit 326 of port A: 1'0
  Constant input on bit 327 of port A: 1'0
  Constant input on bit 328 of port A: 1'0
  Constant input on bit 329 of port A: 1'0
  Constant input on bit 330 of port A: 1'0
  Constant input on bit 331 of port A: 1'0
  Constant input on bit 332 of port A: 1'0
  Constant input on bit 333 of port A: 1'0
  Constant input on bit 334 of port A: 1'0
  Constant input on bit 335 of port A: 1'0
  Constant input on bit 336 of port A: 1'0
  Constant input on bit 337 of port A: 1'0
  Constant input on bit 338 of port A: 1'0
  Constant input on bit 339 of port A: 1'0
  Constant input on bit 340 of port A: 1'0
  Constant input on bit 341 of port A: 1'0
  Constant input on bit 342 of port A: 1'0
  Constant input on bit 343 of port A: 1'0
  Constant input on bit 344 of port A: 1'0
  Constant input on bit 345 of port A: 1'0
  Constant input on bit 346 of port A: 1'0
  Constant input on bit 347 of port A: 1'0
  Constant input on bit 348 of port A: 1'0
  Constant input on bit 349 of port A: 1'0
  Constant input on bit 350 of port A: 1'0
  Constant input on bit 351 of port A: 1'0
  Constant input on bit 352 of port A: 1'0
  Constant input on bit 353 of port A: 1'0
  Constant input on bit 354 of port A: 1'0
  Constant input on bit 355 of port A: 1'0
  Constant input on bit 356 of port A: 1'0
  Constant input on bit 357 of port A: 1'0
  Constant input on bit 358 of port A: 1'0
  Constant input on bit 359 of port A: 1'0
  Constant input on bit 360 of port A: 1'0
  Constant input on bit 361 of port A: 1'0
  Constant input on bit 362 of port A: 1'0
  Constant input on bit 363 of port A: 1'0
  Constant input on bit 364 of port A: 1'0
  Constant input on bit 365 of port A: 1'0
  Constant input on bit 366 of port A: 1'0
  Constant input on bit 367 of port A: 1'0
  Constant input on bit 368 of port A: 1'0
  Constant input on bit 369 of port A: 1'0
  Constant input on bit 370 of port A: 1'0
  Constant input on bit 371 of port A: 1'0
  Constant input on bit 372 of port A: 1'0
  Constant input on bit 373 of port A: 1'0
  Constant input on bit 374 of port A: 1'0
  Constant input on bit 375 of port A: 1'0
  Constant input on bit 376 of port A: 1'0
  Constant input on bit 377 of port A: 1'0
  Constant input on bit 378 of port A: 1'0
  Constant input on bit 379 of port A: 1'0
  Constant input on bit 380 of port A: 1'0
  Constant input on bit 381 of port A: 1'0
  Constant input on bit 382 of port A: 1'0
  Constant input on bit 383 of port A: 1'0
  Constant input on bit 384 of port A: 1'0
  Constant input on bit 385 of port A: 1'0
  Constant input on bit 386 of port A: 1'0
  Constant input on bit 387 of port A: 1'0
  Constant input on bit 388 of port A: 1'0
  Constant input on bit 389 of port A: 1'0
  Constant input on bit 390 of port A: 1'0
  Constant input on bit 391 of port A: 1'0
  Constant input on bit 392 of port A: 1'0
  Constant input on bit 393 of port A: 1'0
  Constant input on bit 394 of port A: 1'0
  Constant input on bit 395 of port A: 1'0
  Constant input on bit 396 of port A: 1'0
  Constant input on bit 397 of port A: 1'0
  Constant input on bit 398 of port A: 1'0
  Constant input on bit 399 of port A: 1'0
  Constant input on bit 400 of port A: 1'0
  Constant input on bit 401 of port A: 1'0
  Constant input on bit 402 of port A: 1'0
  Constant input on bit 403 of port A: 1'0
  Constant input on bit 404 of port A: 1'0
  Constant input on bit 405 of port A: 1'0
  Constant input on bit 406 of port A: 1'0
  Constant input on bit 407 of port A: 1'0
  Constant input on bit 408 of port A: 1'0
  Constant input on bit 409 of port A: 1'0
  Constant input on bit 410 of port A: 1'0
  Constant input on bit 411 of port A: 1'0
  Constant input on bit 412 of port A: 1'0
  Constant input on bit 413 of port A: 1'0
  Constant input on bit 414 of port A: 1'0
  Constant input on bit 415 of port A: 1'0
  Constant input on bit 416 of port A: 1'0
  Constant input on bit 417 of port A: 1'0
  Constant input on bit 418 of port A: 1'0
  Constant input on bit 419 of port A: 1'0
  Constant input on bit 420 of port A: 1'0
  Constant input on bit 421 of port A: 1'0
  Constant input on bit 422 of port A: 1'0
  Constant input on bit 423 of port A: 1'0
  Constant input on bit 424 of port A: 1'0
  Constant input on bit 425 of port A: 1'0
  Constant input on bit 426 of port A: 1'0
  Constant input on bit 427 of port A: 1'0
  Constant input on bit 428 of port A: 1'0
  Constant input on bit 429 of port A: 1'0
  Constant input on bit 430 of port A: 1'0
  Constant input on bit 431 of port A: 1'0
  Constant input on bit 432 of port A: 1'0
  Constant input on bit 433 of port A: 1'0
  Constant input on bit 434 of port A: 1'0
  Constant input on bit 435 of port A: 1'0
  Constant input on bit 436 of port A: 1'0
  Constant input on bit 437 of port A: 1'0
  Constant input on bit 438 of port A: 1'0
  Constant input on bit 439 of port A: 1'0
  Constant input on bit 440 of port A: 1'0
  Constant input on bit 441 of port A: 1'0
  Constant input on bit 442 of port A: 1'0
  Constant input on bit 443 of port A: 1'0
  Constant input on bit 444 of port A: 1'0
  Constant input on bit 445 of port A: 1'0
  Constant input on bit 446 of port A: 1'0
  Constant input on bit 447 of port A: 1'0
  Constant input on bit 448 of port A: 1'0
  Constant input on bit 449 of port A: 1'0
  Constant input on bit 450 of port A: 1'0
  Constant input on bit 451 of port A: 1'0
  Constant input on bit 452 of port A: 1'0
  Constant input on bit 453 of port A: 1'0
  Constant input on bit 454 of port A: 1'0
  Constant input on bit 455 of port A: 1'0
  Constant input on bit 456 of port A: 1'0
  Constant input on bit 457 of port A: 1'0
  Constant input on bit 458 of port A: 1'0
  Constant input on bit 459 of port A: 1'0
  Constant input on bit 460 of port A: 1'0
  Constant input on bit 461 of port A: 1'0
  Constant input on bit 462 of port A: 1'0
  Constant input on bit 463 of port A: 1'0
  Constant input on bit 464 of port A: 1'0
  Constant input on bit 465 of port A: 1'0
  Constant input on bit 466 of port A: 1'0
  Constant input on bit 467 of port A: 1'0
  Constant input on bit 468 of port A: 1'0
  Constant input on bit 469 of port A: 1'0
  Constant input on bit 470 of port A: 1'0
  Constant input on bit 471 of port A: 1'0
  Constant input on bit 472 of port A: 1'0
  Constant input on bit 473 of port A: 1'0
  Constant input on bit 474 of port A: 1'0
  Constant input on bit 475 of port A: 1'0
  Constant input on bit 476 of port A: 1'0
  Constant input on bit 477 of port A: 1'0
  Constant input on bit 478 of port A: 1'0
  Constant input on bit 479 of port A: 1'0
  Constant input on bit 480 of port A: 1'0
  Constant input on bit 481 of port A: 1'0
  Constant input on bit 482 of port A: 1'0
  Constant input on bit 483 of port A: 1'0
  Constant input on bit 484 of port A: 1'0
  Constant input on bit 485 of port A: 1'0
  Constant input on bit 486 of port A: 1'0
  Constant input on bit 487 of port A: 1'0
  Constant input on bit 488 of port A: 1'0
  Constant input on bit 489 of port A: 1'0
  Constant input on bit 490 of port A: 1'0
  Constant input on bit 491 of port A: 1'0
  Constant input on bit 492 of port A: 1'0
  Constant input on bit 493 of port A: 1'0
  Constant input on bit 494 of port A: 1'0
  Constant input on bit 495 of port A: 1'0
  Constant input on bit 496 of port A: 1'0
  Constant input on bit 497 of port A: 1'0
  Constant input on bit 498 of port A: 1'0
  Constant input on bit 499 of port A: 1'0
  Constant input on bit 500 of port A: 1'0
  Constant input on bit 501 of port A: 1'0
  Constant input on bit 502 of port A: 1'0
  Constant input on bit 503 of port A: 1'0
  Constant input on bit 504 of port A: 1'0
  Constant input on bit 505 of port A: 1'0
  Constant input on bit 506 of port A: 1'0
  Constant input on bit 507 of port A: 1'0
  Constant input on bit 508 of port A: 1'0
  Constant input on bit 509 of port A: 1'0
  Constant input on bit 510 of port A: 1'0
  Constant input on bit 511 of port A: 1'0
  Constant input on bit 512 of port A: 1'0
  Constant input on bit 513 of port A: 1'0
  Constant input on bit 514 of port A: 1'0
  Constant input on bit 515 of port A: 1'0
  Constant input on bit 516 of port A: 1'0
  Constant input on bit 517 of port A: 1'0
  Constant input on bit 518 of port A: 1'0
  Constant input on bit 519 of port A: 1'0
  Constant input on bit 520 of port A: 1'0
  Constant input on bit 521 of port A: 1'0
  Constant input on bit 522 of port A: 1'0
  Constant input on bit 523 of port A: 1'0
  Constant input on bit 524 of port A: 1'0
  Constant input on bit 525 of port A: 1'0
  Constant input on bit 526 of port A: 1'0
  Constant input on bit 527 of port A: 1'0
  Constant input on bit 528 of port A: 1'0
  Constant input on bit 529 of port A: 1'0
  Constant input on bit 530 of port A: 1'0
  Constant input on bit 531 of port A: 1'0
  Constant input on bit 532 of port A: 1'0
  Constant input on bit 533 of port A: 1'0
  Constant input on bit 534 of port A: 1'0
  Constant input on bit 535 of port A: 1'0
  Constant input on bit 536 of port A: 1'0
  Constant input on bit 537 of port A: 1'0
  Constant input on bit 538 of port A: 1'0
  Constant input on bit 539 of port A: 1'0
  Constant input on bit 540 of port A: 1'0
  Constant input on bit 541 of port A: 1'0
  Constant input on bit 542 of port A: 1'0
  Constant input on bit 543 of port A: 1'0
  Constant input on bit 544 of port A: 1'0
  Constant input on bit 545 of port A: 1'0
  Constant input on bit 546 of port A: 1'0
  Constant input on bit 547 of port A: 1'0
  Constant input on bit 548 of port A: 1'0
  Constant input on bit 549 of port A: 1'0
  Constant input on bit 550 of port A: 1'0
  Constant input on bit 551 of port A: 1'0
  Constant input on bit 552 of port A: 1'0
  Constant input on bit 553 of port A: 1'0
  Constant input on bit 554 of port A: 1'0
  Constant input on bit 555 of port A: 1'0
  Constant input on bit 556 of port A: 1'0
  Constant input on bit 557 of port A: 1'0
  Constant input on bit 558 of port A: 1'0
  Constant input on bit 559 of port A: 1'0
  Constant input on bit 560 of port A: 1'0
  Constant input on bit 561 of port A: 1'0
  Constant input on bit 562 of port A: 1'0
  Constant input on bit 563 of port A: 1'0
  Constant input on bit 564 of port A: 1'0
  Constant input on bit 565 of port A: 1'0
  Constant input on bit 566 of port A: 1'0
  Constant input on bit 567 of port A: 1'0
  Constant input on bit 568 of port A: 1'0
  Constant input on bit 569 of port A: 1'0
  Constant input on bit 570 of port A: 1'0
  Constant input on bit 571 of port A: 1'0
  Constant input on bit 572 of port A: 1'0
  Constant input on bit 573 of port A: 1'0
  Constant input on bit 574 of port A: 1'0
  Constant input on bit 575 of port A: 1'0
  Constant input on bit 576 of port A: 1'0
  Constant input on bit 577 of port A: 1'0
  Constant input on bit 578 of port A: 1'0
  Constant input on bit 579 of port A: 1'0
  Constant input on bit 580 of port A: 1'0
  Constant input on bit 581 of port A: 1'0
  Constant input on bit 582 of port A: 1'0
  Constant input on bit 583 of port A: 1'0
  Constant input on bit 584 of port A: 1'0
  Constant input on bit 585 of port A: 1'0
  Constant input on bit 586 of port A: 1'0
  Constant input on bit 587 of port A: 1'0
  Constant input on bit 588 of port A: 1'0
  Constant input on bit 589 of port A: 1'0
  Constant input on bit 590 of port A: 1'0
  Constant input on bit 591 of port A: 1'0
  Constant input on bit 592 of port A: 1'0
  Constant input on bit 593 of port A: 1'0
  Constant input on bit 594 of port A: 1'0
  Constant input on bit 595 of port A: 1'0
  Constant input on bit 596 of port A: 1'0
  Constant input on bit 597 of port A: 1'0
  Constant input on bit 598 of port A: 1'0
  Constant input on bit 599 of port A: 1'0
  Constant input on bit 600 of port A: 1'0
  Constant input on bit 601 of port A: 1'0
  Constant input on bit 602 of port A: 1'0
  Constant input on bit 603 of port A: 1'0
  Constant input on bit 604 of port A: 1'0
  Constant input on bit 605 of port A: 1'0
  Constant input on bit 606 of port A: 1'0
  Constant input on bit 607 of port A: 1'0
  Constant input on bit 608 of port A: 1'0
  Constant input on bit 609 of port A: 1'0
  Constant input on bit 610 of port A: 1'0
  Constant input on bit 611 of port A: 1'0
  Constant input on bit 612 of port A: 1'0
  Constant input on bit 613 of port A: 1'0
  Constant input on bit 614 of port A: 1'0
  Constant input on bit 615 of port A: 1'0
  Constant input on bit 616 of port A: 1'0
  Constant input on bit 617 of port A: 1'0
  Constant input on bit 618 of port A: 1'0
  Constant input on bit 619 of port A: 1'0
  Constant input on bit 620 of port A: 1'0
  Constant input on bit 621 of port A: 1'0
  Constant input on bit 622 of port A: 1'0
  Constant input on bit 623 of port A: 1'0
  Constant input on bit 624 of port A: 1'0
  Constant input on bit 625 of port A: 1'0
  Constant input on bit 626 of port A: 1'0
  Constant input on bit 627 of port A: 1'0
  Constant input on bit 628 of port A: 1'0
  Constant input on bit 629 of port A: 1'0
  Constant input on bit 630 of port A: 1'0
  Constant input on bit 631 of port A: 1'0
  Constant input on bit 632 of port A: 1'0
  Constant input on bit 633 of port A: 1'0
  Constant input on bit 634 of port A: 1'0
  Constant input on bit 635 of port A: 1'0
  Constant input on bit 636 of port A: 1'0
  Constant input on bit 637 of port A: 1'0
  Constant input on bit 638 of port A: 1'0
  Constant input on bit 639 of port A: 1'0
  Constant input on bit 640 of port A: 1'0
  Constant input on bit 641 of port A: 1'0
  Constant input on bit 642 of port A: 1'0
  Constant input on bit 643 of port A: 1'0
  Constant input on bit 644 of port A: 1'0
  Constant input on bit 645 of port A: 1'0
  Constant input on bit 646 of port A: 1'0
  Constant input on bit 647 of port A: 1'0
  Constant input on bit 648 of port A: 1'0
  Constant input on bit 649 of port A: 1'0
  Constant input on bit 650 of port A: 1'0
  Constant input on bit 651 of port A: 1'0
  Constant input on bit 652 of port A: 1'0
  Constant input on bit 653 of port A: 1'0
  Constant input on bit 654 of port A: 1'0
  Constant input on bit 655 of port A: 1'0
  Constant input on bit 656 of port A: 1'0
  Constant input on bit 657 of port A: 1'0
  Constant input on bit 658 of port A: 1'0
  Constant input on bit 659 of port A: 1'0
  Constant input on bit 660 of port A: 1'0
  Constant input on bit 661 of port A: 1'0
  Constant input on bit 662 of port A: 1'0
  Constant input on bit 663 of port A: 1'0
  Constant input on bit 664 of port A: 1'0
  Constant input on bit 665 of port A: 1'0
  Constant input on bit 666 of port A: 1'0
  Constant input on bit 667 of port A: 1'0
  Constant input on bit 668 of port A: 1'0
  Constant input on bit 669 of port A: 1'0
  Constant input on bit 670 of port A: 1'0
  Constant input on bit 671 of port A: 1'0
  Constant input on bit 672 of port A: 1'0
  Constant input on bit 673 of port A: 1'0
  Constant input on bit 674 of port A: 1'0
  Constant input on bit 675 of port A: 1'0
  Constant input on bit 676 of port A: 1'0
  Constant input on bit 677 of port A: 1'0
  Constant input on bit 678 of port A: 1'0
  Constant input on bit 679 of port A: 1'0
  Constant input on bit 680 of port A: 1'0
  Constant input on bit 681 of port A: 1'0
  Constant input on bit 682 of port A: 1'0
  Constant input on bit 683 of port A: 1'0
  Constant input on bit 684 of port A: 1'0
  Constant input on bit 685 of port A: 1'0
  Constant input on bit 686 of port A: 1'0
  Constant input on bit 687 of port A: 1'0
  Constant input on bit 688 of port A: 1'0
  Constant input on bit 689 of port A: 1'0
  Constant input on bit 690 of port A: 1'0
  Constant input on bit 691 of port A: 1'0
  Constant input on bit 692 of port A: 1'0
  Constant input on bit 693 of port A: 1'0
  Constant input on bit 694 of port A: 1'0
  Constant input on bit 695 of port A: 1'0
  Constant input on bit 696 of port A: 1'0
  Constant input on bit 697 of port A: 1'0
  Constant input on bit 698 of port A: 1'0
  Constant input on bit 699 of port A: 1'0
  Constant input on bit 700 of port A: 1'0
  Constant input on bit 701 of port A: 1'0
  Constant input on bit 702 of port A: 1'0
  Constant input on bit 703 of port A: 1'0
  Constant input on bit 704 of port A: 1'0
  Constant input on bit 705 of port A: 1'0
  Constant input on bit 706 of port A: 1'0
  Constant input on bit 707 of port A: 1'0
  Constant input on bit 708 of port A: 1'0
  Constant input on bit 709 of port A: 1'0
  Constant input on bit 710 of port A: 1'0
  Constant input on bit 711 of port A: 1'0
  Constant input on bit 712 of port A: 1'0
  Constant input on bit 713 of port A: 1'0
  Constant input on bit 714 of port A: 1'0
  Constant input on bit 715 of port A: 1'0
  Constant input on bit 716 of port A: 1'0
  Constant input on bit 717 of port A: 1'0
  Constant input on bit 718 of port A: 1'0
  Constant input on bit 719 of port A: 1'0
  Constant input on bit 720 of port A: 1'0
  Constant input on bit 721 of port A: 1'0
  Constant input on bit 722 of port A: 1'0
  Constant input on bit 723 of port A: 1'0
  Constant input on bit 724 of port A: 1'0
  Constant input on bit 725 of port A: 1'0
  Constant input on bit 726 of port A: 1'0
  Constant input on bit 727 of port A: 1'0
  Constant input on bit 728 of port A: 1'0
  Constant input on bit 729 of port A: 1'0
  Constant input on bit 730 of port A: 1'0
  Constant input on bit 731 of port A: 1'0
  Constant input on bit 732 of port A: 1'0
  Constant input on bit 733 of port A: 1'0
  Constant input on bit 734 of port A: 1'0
  Constant input on bit 735 of port A: 1'0
  Constant input on bit 736 of port A: 1'0
  Constant input on bit 737 of port A: 1'0
  Constant input on bit 738 of port A: 1'0
  Constant input on bit 739 of port A: 1'0
  Constant input on bit 740 of port A: 1'0
  Constant input on bit 741 of port A: 1'0
  Constant input on bit 742 of port A: 1'0
  Constant input on bit 743 of port A: 1'0
  Constant input on bit 744 of port A: 1'0
  Constant input on bit 745 of port A: 1'0
  Constant input on bit 746 of port A: 1'0
  Constant input on bit 747 of port A: 1'0
  Constant input on bit 748 of port A: 1'0
  Constant input on bit 749 of port A: 1'0
  Constant input on bit 750 of port A: 1'0
  Constant input on bit 751 of port A: 1'0
  Constant input on bit 752 of port A: 1'0
  Constant input on bit 753 of port A: 1'0
  Constant input on bit 754 of port A: 1'0
  Constant input on bit 755 of port A: 1'0
  Constant input on bit 756 of port A: 1'0
  Constant input on bit 757 of port A: 1'0
  Constant input on bit 758 of port A: 1'0
  Constant input on bit 759 of port A: 1'0
  Constant input on bit 760 of port A: 1'0
  Constant input on bit 761 of port A: 1'0
  Constant input on bit 762 of port A: 1'0
  Constant input on bit 763 of port A: 1'0
  Constant input on bit 764 of port A: 1'0
  Constant input on bit 765 of port A: 1'0
  Constant input on bit 766 of port A: 1'0
  Constant input on bit 767 of port A: 1'0
  Constant input on bit 768 of port A: 1'0
  Constant input on bit 769 of port A: 1'0
  Constant input on bit 770 of port A: 1'0
  Constant input on bit 771 of port A: 1'0
  Constant input on bit 772 of port A: 1'0
  Constant input on bit 773 of port A: 1'0
  Constant input on bit 774 of port A: 1'0
  Constant input on bit 775 of port A: 1'0
  Constant input on bit 776 of port A: 1'0
  Constant input on bit 777 of port A: 1'0
  Constant input on bit 778 of port A: 1'0
  Constant input on bit 779 of port A: 1'0
  Constant input on bit 780 of port A: 1'0
  Constant input on bit 781 of port A: 1'0
  Constant input on bit 782 of port A: 1'0
  Constant input on bit 783 of port A: 1'0
  Constant input on bit 784 of port A: 1'0
  Constant input on bit 785 of port A: 1'0
  Constant input on bit 786 of port A: 1'0
  Constant input on bit 787 of port A: 1'0
  Constant input on bit 788 of port A: 1'0
  Constant input on bit 789 of port A: 1'0
  Constant input on bit 790 of port A: 1'0
  Constant input on bit 791 of port A: 1'0
  Constant input on bit 792 of port A: 1'0
  Constant input on bit 793 of port A: 1'0
  Constant input on bit 794 of port A: 1'0
  Constant input on bit 795 of port A: 1'0
  Constant input on bit 796 of port A: 1'0
  Constant input on bit 797 of port A: 1'0
  Constant input on bit 798 of port A: 1'0
  Constant input on bit 799 of port A: 1'0
  Constant input on bit 800 of port A: 1'0
  Constant input on bit 801 of port A: 1'0
  Constant input on bit 802 of port A: 1'0
  Constant input on bit 803 of port A: 1'0
  Constant input on bit 804 of port A: 1'0
  Constant input on bit 805 of port A: 1'0
  Constant input on bit 806 of port A: 1'0
  Constant input on bit 807 of port A: 1'0
  Constant input on bit 808 of port A: 1'0
  Constant input on bit 809 of port A: 1'0
  Constant input on bit 810 of port A: 1'0
  Constant input on bit 811 of port A: 1'0
  Constant input on bit 812 of port A: 1'0
  Constant input on bit 813 of port A: 1'0
  Constant input on bit 814 of port A: 1'0
  Constant input on bit 815 of port A: 1'0
  Constant input on bit 816 of port A: 1'0
  Constant input on bit 817 of port A: 1'0
  Constant input on bit 818 of port A: 1'0
  Constant input on bit 819 of port A: 1'0
  Constant input on bit 820 of port A: 1'0
  Constant input on bit 821 of port A: 1'0
  Constant input on bit 822 of port A: 1'0
  Constant input on bit 823 of port A: 1'0
  Constant input on bit 824 of port A: 1'0
  Constant input on bit 825 of port A: 1'0
  Constant input on bit 826 of port A: 1'0
  Constant input on bit 827 of port A: 1'0
  Constant input on bit 828 of port A: 1'0
  Constant input on bit 829 of port A: 1'0
  Constant input on bit 830 of port A: 1'0
  Constant input on bit 831 of port A: 1'0
  Constant input on bit 832 of port A: 1'0
  Constant input on bit 833 of port A: 1'0
  Constant input on bit 834 of port A: 1'0
  Constant input on bit 835 of port A: 1'0
  Constant input on bit 836 of port A: 1'0
  Constant input on bit 837 of port A: 1'0
  Constant input on bit 838 of port A: 1'0
  Constant input on bit 839 of port A: 1'0
  Constant input on bit 840 of port A: 1'0
  Constant input on bit 841 of port A: 1'0
  Constant input on bit 842 of port A: 1'0
  Constant input on bit 843 of port A: 1'0
  Constant input on bit 844 of port A: 1'0
  Constant input on bit 845 of port A: 1'0
  Constant input on bit 846 of port A: 1'0
  Constant input on bit 847 of port A: 1'0
  Constant input on bit 848 of port A: 1'0
  Constant input on bit 849 of port A: 1'0
  Constant input on bit 850 of port A: 1'0
  Constant input on bit 851 of port A: 1'0
  Constant input on bit 852 of port A: 1'0
  Constant input on bit 853 of port A: 1'0
  Constant input on bit 854 of port A: 1'0
  Constant input on bit 855 of port A: 1'0
  Constant input on bit 856 of port A: 1'0
  Constant input on bit 857 of port A: 1'0
  Constant input on bit 858 of port A: 1'0
  Constant input on bit 859 of port A: 1'0
  Constant input on bit 860 of port A: 1'0
  Constant input on bit 861 of port A: 1'0
  Constant input on bit 862 of port A: 1'0
  Constant input on bit 863 of port A: 1'0
  Constant input on bit 864 of port A: 1'0
  Constant input on bit 865 of port A: 1'0
  Constant input on bit 866 of port A: 1'0
  Constant input on bit 867 of port A: 1'0
  Constant input on bit 868 of port A: 1'0
  Constant input on bit 869 of port A: 1'0
  Constant input on bit 870 of port A: 1'0
  Constant input on bit 871 of port A: 1'0
  Constant input on bit 872 of port A: 1'0
  Constant input on bit 873 of port A: 1'0
  Constant input on bit 874 of port A: 1'0
  Constant input on bit 875 of port A: 1'0
  Constant input on bit 876 of port A: 1'0
  Constant input on bit 877 of port A: 1'0
  Constant input on bit 878 of port A: 1'0
  Constant input on bit 879 of port A: 1'0
  Constant input on bit 880 of port A: 1'0
  Constant input on bit 881 of port A: 1'0
  Constant input on bit 882 of port A: 1'0
  Constant input on bit 883 of port A: 1'0
  Constant input on bit 884 of port A: 1'0
  Constant input on bit 885 of port A: 1'0
  Constant input on bit 886 of port A: 1'0
  Constant input on bit 887 of port A: 1'0
  Constant input on bit 888 of port A: 1'0
  Constant input on bit 889 of port A: 1'0
  Constant input on bit 890 of port A: 1'0
  Constant input on bit 891 of port A: 1'0
  Constant input on bit 892 of port A: 1'0
  Constant input on bit 893 of port A: 1'0
  Constant input on bit 894 of port A: 1'0
  Constant input on bit 895 of port A: 1'0
  Constant input on bit 896 of port A: 1'0
  Constant input on bit 897 of port A: 1'0
  Constant input on bit 898 of port A: 1'0
  Constant input on bit 899 of port A: 1'0
  Constant input on bit 900 of port A: 1'0
  Constant input on bit 901 of port A: 1'0
  Constant input on bit 902 of port A: 1'0
  Constant input on bit 903 of port A: 1'0
  Constant input on bit 904 of port A: 1'0
  Constant input on bit 905 of port A: 1'0
  Constant input on bit 906 of port A: 1'0
  Constant input on bit 907 of port A: 1'0
  Constant input on bit 908 of port A: 1'0
  Constant input on bit 909 of port A: 1'0
  Constant input on bit 910 of port A: 1'0
  Constant input on bit 911 of port A: 1'0
  Constant input on bit 912 of port A: 1'0
  Constant input on bit 913 of port A: 1'0
  Constant input on bit 914 of port A: 1'0
  Constant input on bit 915 of port A: 1'0
  Constant input on bit 916 of port A: 1'0
  Constant input on bit 917 of port A: 1'0
  Constant input on bit 918 of port A: 1'0
  Constant input on bit 919 of port A: 1'0
  Constant input on bit 920 of port A: 1'0
  Constant input on bit 921 of port A: 1'0
  Constant input on bit 922 of port A: 1'0
  Constant input on bit 923 of port A: 1'0
  Constant input on bit 924 of port A: 1'0
  Constant input on bit 925 of port A: 1'0
  Constant input on bit 926 of port A: 1'0
  Constant input on bit 927 of port A: 1'0
  Constant input on bit 928 of port A: 1'0
  Constant input on bit 929 of port A: 1'0
  Constant input on bit 930 of port A: 1'0
  Constant input on bit 931 of port A: 1'0
  Constant input on bit 932 of port A: 1'0
  Constant input on bit 933 of port A: 1'0
  Constant input on bit 934 of port A: 1'0
  Constant input on bit 935 of port A: 1'0
  Constant input on bit 936 of port A: 1'0
  Constant input on bit 937 of port A: 1'0
  Constant input on bit 938 of port A: 1'0
  Constant input on bit 939 of port A: 1'0
  Constant input on bit 940 of port A: 1'0
  Constant input on bit 941 of port A: 1'0
  Constant input on bit 942 of port A: 1'0
  Constant input on bit 943 of port A: 1'0
  Constant input on bit 944 of port A: 1'0
  Constant input on bit 945 of port A: 1'0
  Constant input on bit 946 of port A: 1'0
  Constant input on bit 947 of port A: 1'0
  Constant input on bit 948 of port A: 1'0
  Constant input on bit 949 of port A: 1'0
  Constant input on bit 950 of port A: 1'0
  Constant input on bit 951 of port A: 1'0
  Constant input on bit 952 of port A: 1'0
  Constant input on bit 953 of port A: 1'0
  Constant input on bit 954 of port A: 1'0
  Constant input on bit 955 of port A: 1'0
  Constant input on bit 956 of port A: 1'0
  Constant input on bit 957 of port A: 1'0
  Constant input on bit 958 of port A: 1'0
  Constant input on bit 959 of port A: 1'0
  Constant input on bit 960 of port A: 1'0
  Constant input on bit 961 of port A: 1'0
  Constant input on bit 962 of port A: 1'0
  Constant input on bit 963 of port A: 1'0
  Constant input on bit 964 of port A: 1'0
  Constant input on bit 965 of port A: 1'0
  Constant input on bit 966 of port A: 1'0
  Constant input on bit 967 of port A: 1'0
  Constant input on bit 968 of port A: 1'0
  Constant input on bit 969 of port A: 1'0
  Constant input on bit 970 of port A: 1'0
  Constant input on bit 971 of port A: 1'0
  Constant input on bit 972 of port A: 1'0
  Constant input on bit 973 of port A: 1'0
  Constant input on bit 974 of port A: 1'0
  Constant input on bit 975 of port A: 1'0
  Constant input on bit 976 of port A: 1'0
  Constant input on bit 977 of port A: 1'0
  Constant input on bit 978 of port A: 1'0
  Constant input on bit 979 of port A: 1'0
  Constant input on bit 980 of port A: 1'0
  Constant input on bit 981 of port A: 1'0
  Constant input on bit 982 of port A: 1'0
  Constant input on bit 983 of port A: 1'0
  Constant input on bit 984 of port A: 1'0
  Constant input on bit 985 of port A: 1'0
  Constant input on bit 986 of port A: 1'0
  Constant input on bit 987 of port A: 1'0
  Constant input on bit 988 of port A: 1'0
  Constant input on bit 989 of port A: 1'0
  Constant input on bit 990 of port A: 1'0
  Constant input on bit 991 of port A: 1'0
  Constant input on bit 992 of port A: 1'0
  Constant input on bit 993 of port A: 1'0
  Constant input on bit 994 of port A: 1'0
  Constant input on bit 995 of port A: 1'0
  Constant input on bit 996 of port A: 1'0
  Constant input on bit 997 of port A: 1'0
  Constant input on bit 998 of port A: 1'0
  Constant input on bit 999 of port A: 1'0
  Constant input on bit 1000 of port A: 1'0
  Constant input on bit 1001 of port A: 1'0
  Constant input on bit 1002 of port A: 1'0
  Constant input on bit 1003 of port A: 1'0
  Constant input on bit 1004 of port A: 1'0
  Constant input on bit 1005 of port A: 1'0
  Constant input on bit 1006 of port A: 1'0
  Constant input on bit 1007 of port A: 1'0
  Constant input on bit 1008 of port A: 1'0
  Constant input on bit 1009 of port A: 1'0
  Constant input on bit 1010 of port A: 1'0
  Constant input on bit 1011 of port A: 1'0
  Constant input on bit 1012 of port A: 1'0
  Constant input on bit 1013 of port A: 1'0
  Constant input on bit 1014 of port A: 1'0
  Constant input on bit 1015 of port A: 1'0
  Constant input on bit 1016 of port A: 1'0
  Constant input on bit 1017 of port A: 1'0
  Constant input on bit 1018 of port A: 1'0
  Constant input on bit 1019 of port A: 1'0
  Constant input on bit 1020 of port A: 1'0
  Constant input on bit 1021 of port A: 1'0
  Constant input on bit 1022 of port A: 1'0
  Constant input on bit 1023 of port A: 1'0
  Constant input on bit 1024 of port A: 1'0
  Constant input on bit 1025 of port A: 1'0
  Constant input on bit 1026 of port A: 1'0
  Constant input on bit 1027 of port A: 1'0
  Constant input on bit 1028 of port A: 1'0
  Constant input on bit 1029 of port A: 1'0
  Constant input on bit 1030 of port A: 1'0
  Constant input on bit 1031 of port A: 1'0
  Constant input on bit 1032 of port A: 1'0
  Constant input on bit 1033 of port A: 1'0
  Constant input on bit 1034 of port A: 1'0
  Constant input on bit 1035 of port A: 1'0
  Constant input on bit 1036 of port A: 1'0
  Constant input on bit 1037 of port A: 1'0
  Constant input on bit 1038 of port A: 1'0
  Constant input on bit 1039 of port A: 1'0
  Constant input on bit 1040 of port A: 1'0
  Constant input on bit 1041 of port A: 1'0
  Constant input on bit 1042 of port A: 1'0
  Constant input on bit 1043 of port A: 1'0
  Constant input on bit 1044 of port A: 1'0
  Constant input on bit 1045 of port A: 1'0
  Constant input on bit 1046 of port A: 1'0
  Constant input on bit 1047 of port A: 1'0
  Constant input on bit 1048 of port A: 1'0
  Constant input on bit 1049 of port A: 1'0
  Constant input on bit 1050 of port A: 1'0
  Constant input on bit 1051 of port A: 1'0
  Constant input on bit 1052 of port A: 1'0
  Constant input on bit 1053 of port A: 1'0
  Constant input on bit 1054 of port A: 1'0
  Constant input on bit 1055 of port A: 1'0
  Constant input on bit 1056 of port A: 1'0
  Constant input on bit 1057 of port A: 1'0
  Constant input on bit 1058 of port A: 1'0
  Constant input on bit 1059 of port A: 1'0
  Constant input on bit 1060 of port A: 1'0
  Constant input on bit 1061 of port A: 1'0
  Constant input on bit 1062 of port A: 1'0
  Constant input on bit 1063 of port A: 1'0
  Constant input on bit 1064 of port A: 1'0
  Constant input on bit 1065 of port A: 1'0
  Constant input on bit 1066 of port A: 1'0
  Constant input on bit 1067 of port A: 1'0
  Constant input on bit 1068 of port A: 1'0
  Constant input on bit 1069 of port A: 1'0
  Constant input on bit 1070 of port A: 1'0
  Constant input on bit 1071 of port A: 1'0
  Constant input on bit 1072 of port A: 1'0
  Constant input on bit 1073 of port A: 1'0
  Constant input on bit 1074 of port A: 1'0
  Constant input on bit 1075 of port A: 1'0
  Constant input on bit 1076 of port A: 1'0
  Constant input on bit 1077 of port A: 1'0
  Constant input on bit 1078 of port A: 1'0
  Constant input on bit 1079 of port A: 1'0
  Constant input on bit 1080 of port A: 1'0
  Constant input on bit 1081 of port A: 1'0
  Constant input on bit 1082 of port A: 1'0
  Constant input on bit 1083 of port A: 1'0
  Constant input on bit 1084 of port A: 1'0
  Constant input on bit 1085 of port A: 1'0
  Constant input on bit 1086 of port A: 1'0
  Constant input on bit 1087 of port A: 1'0
  Constant input on bit 1088 of port A: 1'0
  Constant input on bit 1089 of port A: 1'0
  Constant input on bit 1090 of port A: 1'0
  Constant input on bit 1091 of port A: 1'0
  Constant input on bit 1092 of port A: 1'0
  Constant input on bit 1093 of port A: 1'0
  Constant input on bit 1094 of port A: 1'0
  Constant input on bit 1095 of port A: 1'0
  Constant input on bit 1096 of port A: 1'0
  Constant input on bit 1097 of port A: 1'0
  Constant input on bit 1098 of port A: 1'0
  Constant input on bit 1099 of port A: 1'0
  Constant input on bit 1100 of port A: 1'0
  Constant input on bit 1101 of port A: 1'0
  Constant input on bit 1102 of port A: 1'0
  Constant input on bit 1103 of port A: 1'0
  Constant input on bit 1104 of port A: 1'0
  Constant input on bit 1105 of port A: 1'0
  Constant input on bit 1106 of port A: 1'0
  Constant input on bit 1107 of port A: 1'0
  Constant input on bit 1108 of port A: 1'0
  Constant input on bit 1109 of port A: 1'0
  Constant input on bit 1110 of port A: 1'0
  Constant input on bit 1111 of port A: 1'0
  Constant input on bit 1112 of port A: 1'0
  Constant input on bit 1113 of port A: 1'0
  Constant input on bit 1114 of port A: 1'0
  Constant input on bit 1115 of port A: 1'0
  Constant input on bit 1116 of port A: 1'0
  Constant input on bit 1117 of port A: 1'0
  Constant input on bit 1118 of port A: 1'0
  Constant input on bit 1119 of port A: 1'0
  Constant input on bit 1120 of port A: 1'0
  Constant input on bit 1121 of port A: 1'0
  Constant input on bit 1122 of port A: 1'0
  Constant input on bit 1123 of port A: 1'0
  Constant input on bit 1124 of port A: 1'0
  Constant input on bit 1125 of port A: 1'0
  Constant input on bit 1126 of port A: 1'0
  Constant input on bit 1127 of port A: 1'0
  Constant input on bit 1128 of port A: 1'0
  Constant input on bit 1129 of port A: 1'0
  Constant input on bit 1130 of port A: 1'0
  Constant input on bit 1131 of port A: 1'0
  Constant input on bit 1132 of port A: 1'0
  Constant input on bit 1133 of port A: 1'0
  Constant input on bit 1134 of port A: 1'0
  Constant input on bit 1135 of port A: 1'0
  Constant input on bit 1136 of port A: 1'0
  Constant input on bit 1137 of port A: 1'0
  Constant input on bit 1138 of port A: 1'0
  Constant input on bit 1139 of port A: 1'0
  Constant input on bit 1140 of port A: 1'0
  Constant input on bit 1141 of port A: 1'0
  Constant input on bit 1142 of port A: 1'0
  Constant input on bit 1143 of port A: 1'0
  Constant input on bit 1144 of port A: 1'0
  Constant input on bit 1145 of port A: 1'0
  Constant input on bit 1146 of port A: 1'0
  Constant input on bit 1147 of port A: 1'0
  Constant input on bit 1148 of port A: 1'0
  Constant input on bit 1149 of port A: 1'0
  Constant input on bit 1150 of port A: 1'0
  Constant input on bit 1151 of port A: 1'0
  Constant input on bit 1152 of port A: 1'0
  Constant input on bit 1153 of port A: 1'0
  Constant input on bit 1154 of port A: 1'0
  Constant input on bit 1155 of port A: 1'0
  Constant input on bit 1156 of port A: 1'0
  Constant input on bit 1157 of port A: 1'0
  Constant input on bit 1158 of port A: 1'0
  Constant input on bit 1159 of port A: 1'0
  Constant input on bit 1160 of port A: 1'0
  Constant input on bit 1161 of port A: 1'0
  Constant input on bit 1162 of port A: 1'0
  Constant input on bit 1163 of port A: 1'0
  Constant input on bit 1164 of port A: 1'0
  Constant input on bit 1165 of port A: 1'0
  Constant input on bit 1166 of port A: 1'0
  Constant input on bit 1167 of port A: 1'0
  Constant input on bit 1168 of port A: 1'0
  Constant input on bit 1169 of port A: 1'0
  Constant input on bit 1170 of port A: 1'0
  Constant input on bit 1171 of port A: 1'0
  Constant input on bit 1172 of port A: 1'0
  Constant input on bit 1173 of port A: 1'0
  Constant input on bit 1174 of port A: 1'0
  Constant input on bit 1175 of port A: 1'0
  Constant input on bit 1176 of port A: 1'0
  Constant input on bit 1177 of port A: 1'0
  Constant input on bit 1178 of port A: 1'0
  Constant input on bit 1179 of port A: 1'0
  Constant input on bit 1180 of port A: 1'0
  Constant input on bit 1181 of port A: 1'0
  Constant input on bit 1182 of port A: 1'0
  Constant input on bit 1183 of port A: 1'0
  Constant input on bit 1184 of port A: 1'0
  Constant input on bit 1185 of port A: 1'0
  Constant input on bit 1186 of port A: 1'0
  Constant input on bit 1187 of port A: 1'0
  Constant input on bit 1188 of port A: 1'0
  Constant input on bit 1189 of port A: 1'0
  Constant input on bit 1190 of port A: 1'0
  Constant input on bit 1191 of port A: 1'0
  Constant input on bit 1192 of port A: 1'0
  Constant input on bit 1193 of port A: 1'0
  Constant input on bit 1194 of port A: 1'0
  Constant input on bit 1195 of port A: 1'0
  Constant input on bit 1196 of port A: 1'0
  Constant input on bit 1197 of port A: 1'0
  Constant input on bit 1198 of port A: 1'0
  Constant input on bit 1199 of port A: 1'0
  Constant input on bit 1200 of port A: 1'0
  Constant input on bit 1201 of port A: 1'0
  Constant input on bit 1202 of port A: 1'0
  Constant input on bit 1203 of port A: 1'0
  Constant input on bit 1204 of port A: 1'0
  Constant input on bit 1205 of port A: 1'0
  Constant input on bit 1206 of port A: 1'0
  Constant input on bit 1207 of port A: 1'0
  Constant input on bit 1208 of port A: 1'0
  Constant input on bit 1209 of port A: 1'0
  Constant input on bit 1210 of port A: 1'0
  Constant input on bit 1211 of port A: 1'0
  Constant input on bit 1212 of port A: 1'0
  Constant input on bit 1213 of port A: 1'0
  Constant input on bit 1214 of port A: 1'0
  Constant input on bit 1215 of port A: 1'0
  Constant input on bit 1216 of port A: 1'0
  Constant input on bit 1217 of port A: 1'0
  Constant input on bit 1218 of port A: 1'0
  Constant input on bit 1219 of port A: 1'0
  Constant input on bit 1220 of port A: 1'0
  Constant input on bit 1221 of port A: 1'0
  Constant input on bit 1222 of port A: 1'0
  Constant input on bit 1223 of port A: 1'0
  Constant input on bit 1224 of port A: 1'0
  Constant input on bit 1225 of port A: 1'0
  Constant input on bit 1226 of port A: 1'0
  Constant input on bit 1227 of port A: 1'0
  Constant input on bit 1228 of port A: 1'0
  Constant input on bit 1229 of port A: 1'0
  Constant input on bit 1230 of port A: 1'0
  Constant input on bit 1231 of port A: 1'0
  Constant input on bit 1232 of port A: 1'0
  Constant input on bit 1233 of port A: 1'0
  Constant input on bit 1234 of port A: 1'0
  Constant input on bit 1235 of port A: 1'0
  Constant input on bit 1236 of port A: 1'0
  Constant input on bit 1237 of port A: 1'0
  Constant input on bit 1238 of port A: 1'0
  Constant input on bit 1239 of port A: 1'0
  Constant input on bit 1240 of port A: 1'0
  Constant input on bit 1241 of port A: 1'0
  Constant input on bit 1242 of port A: 1'0
  Constant input on bit 1243 of port A: 1'0
  Constant input on bit 1244 of port A: 1'0
  Constant input on bit 1245 of port A: 1'0
  Constant input on bit 1246 of port A: 1'0
  Constant input on bit 1247 of port A: 1'0
  Constant input on bit 1248 of port A: 1'0
  Constant input on bit 1249 of port A: 1'0
  Constant input on bit 1250 of port A: 1'0
  Constant input on bit 1251 of port A: 1'0
  Constant input on bit 1252 of port A: 1'0
  Constant input on bit 1253 of port A: 1'0
  Constant input on bit 1254 of port A: 1'0
  Constant input on bit 1255 of port A: 1'0
  Constant input on bit 1256 of port A: 1'0
  Constant input on bit 1257 of port A: 1'0
  Constant input on bit 1258 of port A: 1'0
  Constant input on bit 1259 of port A: 1'0
  Constant input on bit 1260 of port A: 1'0
  Constant input on bit 1261 of port A: 1'0
  Constant input on bit 1262 of port A: 1'0
  Constant input on bit 1263 of port A: 1'0
  Constant input on bit 1264 of port A: 1'0
  Constant input on bit 1265 of port A: 1'0
  Constant input on bit 1266 of port A: 1'0
  Constant input on bit 1267 of port A: 1'0
  Constant input on bit 1268 of port A: 1'0
  Constant input on bit 1269 of port A: 1'0
  Constant input on bit 1270 of port A: 1'0
  Constant input on bit 1271 of port A: 1'0
  Constant input on bit 1272 of port A: 1'0
  Constant input on bit 1273 of port A: 1'0
  Constant input on bit 1274 of port A: 1'0
  Constant input on bit 1275 of port A: 1'0
  Constant input on bit 1276 of port A: 1'0
  Constant input on bit 1277 of port A: 1'0
  Constant input on bit 1278 of port A: 1'0
  Constant input on bit 1279 of port A: 1'0
  Constant input on bit 1280 of port A: 1'0
  Constant input on bit 1281 of port A: 1'0
  Constant input on bit 1282 of port A: 1'0
  Constant input on bit 1283 of port A: 1'0
  Constant input on bit 1284 of port A: 1'0
  Constant input on bit 1285 of port A: 1'0
  Constant input on bit 1286 of port A: 1'0
  Constant input on bit 1287 of port A: 1'0
  Constant input on bit 1288 of port A: 1'0
  Constant input on bit 1289 of port A: 1'0
  Constant input on bit 1290 of port A: 1'0
  Constant input on bit 1291 of port A: 1'0
  Constant input on bit 1292 of port A: 1'0
  Constant input on bit 1293 of port A: 1'0
  Constant input on bit 1294 of port A: 1'0
  Constant input on bit 1295 of port A: 1'0
  Constant input on bit 1296 of port A: 1'0
  Constant input on bit 1297 of port A: 1'0
  Constant input on bit 1298 of port A: 1'0
  Constant input on bit 1299 of port A: 1'0
  Constant input on bit 1300 of port A: 1'0
  Constant input on bit 1301 of port A: 1'0
  Constant input on bit 1302 of port A: 1'0
  Constant input on bit 1303 of port A: 1'0
  Constant input on bit 1304 of port A: 1'0
  Constant input on bit 1305 of port A: 1'0
  Constant input on bit 1306 of port A: 1'0
  Constant input on bit 1307 of port A: 1'0
  Constant input on bit 1308 of port A: 1'0
  Constant input on bit 1309 of port A: 1'0
  Constant input on bit 1310 of port A: 1'0
  Constant input on bit 1311 of port A: 1'0
  Constant input on bit 1312 of port A: 1'0
  Constant input on bit 1313 of port A: 1'0
  Constant input on bit 1314 of port A: 1'0
  Constant input on bit 1315 of port A: 1'0
  Constant input on bit 1316 of port A: 1'0
  Constant input on bit 1317 of port A: 1'0
  Constant input on bit 1318 of port A: 1'0
  Constant input on bit 1319 of port A: 1'0
  Constant input on bit 1320 of port A: 1'0
  Constant input on bit 1321 of port A: 1'0
  Constant input on bit 1322 of port A: 1'0
  Constant input on bit 1323 of port A: 1'0
  Constant input on bit 1324 of port A: 1'0
  Constant input on bit 1325 of port A: 1'0
  Constant input on bit 1326 of port A: 1'0
  Constant input on bit 1327 of port A: 1'0
  Constant input on bit 1328 of port A: 1'0
  Constant input on bit 1329 of port A: 1'0
  Constant input on bit 1330 of port A: 1'0
  Constant input on bit 1331 of port A: 1'0
  Constant input on bit 1332 of port A: 1'0
  Constant input on bit 1333 of port A: 1'0
  Constant input on bit 1334 of port A: 1'0
  Constant input on bit 1335 of port A: 1'0
  Constant input on bit 1336 of port A: 1'0
  Constant input on bit 1337 of port A: 1'0
  Constant input on bit 1338 of port A: 1'0
  Constant input on bit 1339 of port A: 1'0
  Constant input on bit 1340 of port A: 1'0
  Constant input on bit 1341 of port A: 1'0
  Constant input on bit 1342 of port A: 1'0
  Constant input on bit 1343 of port A: 1'0
  Constant input on bit 1344 of port A: 1'0
  Constant input on bit 1345 of port A: 1'0
  Constant input on bit 1346 of port A: 1'0
  Constant input on bit 1347 of port A: 1'0
  Constant input on bit 1348 of port A: 1'0
  Constant input on bit 1349 of port A: 1'0
  Constant input on bit 1350 of port A: 1'0
  Constant input on bit 1351 of port A: 1'0
  Constant input on bit 1352 of port A: 1'0
  Constant input on bit 1353 of port A: 1'0
  Constant input on bit 1354 of port A: 1'0
  Constant input on bit 1355 of port A: 1'0
  Constant input on bit 1356 of port A: 1'0
  Constant input on bit 1357 of port A: 1'0
  Constant input on bit 1358 of port A: 1'0
  Constant input on bit 1359 of port A: 1'0
  Constant input on bit 1360 of port A: 1'0
  Constant input on bit 1361 of port A: 1'0
  Constant input on bit 1362 of port A: 1'0
  Constant input on bit 1363 of port A: 1'0
  Constant input on bit 1364 of port A: 1'0
  Constant input on bit 1365 of port A: 1'0
  Constant input on bit 1366 of port A: 1'0
  Constant input on bit 1367 of port A: 1'0
  Constant input on bit 1368 of port A: 1'0
  Constant input on bit 1369 of port A: 1'0
  Constant input on bit 1370 of port A: 1'0
  Constant input on bit 1371 of port A: 1'0
  Constant input on bit 1372 of port A: 1'0
  Constant input on bit 1373 of port A: 1'0
  Constant input on bit 1374 of port A: 1'0
  Constant input on bit 1375 of port A: 1'0
  Constant input on bit 1376 of port A: 1'0
  Constant input on bit 1377 of port A: 1'0
  Constant input on bit 1378 of port A: 1'0
  Constant input on bit 1379 of port A: 1'0
  Constant input on bit 1380 of port A: 1'0
  Constant input on bit 1381 of port A: 1'0
  Constant input on bit 1382 of port A: 1'0
  Constant input on bit 1383 of port A: 1'0
  Constant input on bit 1384 of port A: 1'0
  Constant input on bit 1385 of port A: 1'0
  Constant input on bit 1386 of port A: 1'0
  Constant input on bit 1387 of port A: 1'0
  Constant input on bit 1388 of port A: 1'0
  Constant input on bit 1389 of port A: 1'0
  Constant input on bit 1390 of port A: 1'0
  Constant input on bit 1391 of port A: 1'0
  Constant input on bit 1392 of port A: 1'0
  Constant input on bit 1393 of port A: 1'0
  Constant input on bit 1394 of port A: 1'0
  Constant input on bit 1395 of port A: 1'0
  Constant input on bit 1396 of port A: 1'0
  Constant input on bit 1397 of port A: 1'0
  Constant input on bit 1398 of port A: 1'0
  Constant input on bit 1399 of port A: 1'0
  Constant input on bit 1400 of port A: 1'0
  Constant input on bit 1401 of port A: 1'0
  Constant input on bit 1402 of port A: 1'0
  Constant input on bit 1403 of port A: 1'0
  Constant input on bit 1404 of port A: 1'0
  Constant input on bit 1405 of port A: 1'0
  Constant input on bit 1406 of port A: 1'0
  Constant input on bit 1407 of port A: 1'0
  Constant input on bit 1408 of port A: 1'0
  Constant input on bit 1409 of port A: 1'0
  Constant input on bit 1410 of port A: 1'0
  Constant input on bit 1411 of port A: 1'0
  Constant input on bit 1412 of port A: 1'0
  Constant input on bit 1413 of port A: 1'0
  Constant input on bit 1414 of port A: 1'0
  Constant input on bit 1415 of port A: 1'0
  Constant input on bit 1416 of port A: 1'0
  Constant input on bit 1417 of port A: 1'0
  Constant input on bit 1418 of port A: 1'0
  Constant input on bit 1419 of port A: 1'0
  Constant input on bit 1420 of port A: 1'0
  Constant input on bit 1421 of port A: 1'0
  Constant input on bit 1422 of port A: 1'0
  Constant input on bit 1423 of port A: 1'0
  Constant input on bit 1424 of port A: 1'0
  Constant input on bit 1425 of port A: 1'0
  Constant input on bit 1426 of port A: 1'0
  Constant input on bit 1427 of port A: 1'0
  Constant input on bit 1428 of port A: 1'0
  Constant input on bit 1429 of port A: 1'0
  Constant input on bit 1430 of port A: 1'0
  Constant input on bit 1431 of port A: 1'0
  Constant input on bit 1432 of port A: 1'0
  Constant input on bit 1433 of port A: 1'0
  Constant input on bit 1434 of port A: 1'0
  Constant input on bit 1435 of port A: 1'0
  Constant input on bit 1436 of port A: 1'0
  Constant input on bit 1437 of port A: 1'0
  Constant input on bit 1438 of port A: 1'0
  Constant input on bit 1439 of port A: 1'0
  Constant input on bit 1440 of port A: 1'0
  Constant input on bit 1441 of port A: 1'0
  Constant input on bit 1442 of port A: 1'0
  Constant input on bit 1443 of port A: 1'0
  Constant input on bit 1444 of port A: 1'0
  Constant input on bit 1445 of port A: 1'0
  Constant input on bit 1446 of port A: 1'0
  Constant input on bit 1447 of port A: 1'0
  Constant input on bit 1448 of port A: 1'0
  Constant input on bit 1449 of port A: 1'0
  Constant input on bit 1450 of port A: 1'0
  Constant input on bit 1451 of port A: 1'0
  Constant input on bit 1452 of port A: 1'0
  Constant input on bit 1453 of port A: 1'0
  Constant input on bit 1454 of port A: 1'0
  Constant input on bit 1455 of port A: 1'0
  Constant input on bit 1456 of port A: 1'0
  Constant input on bit 1457 of port A: 1'0
  Constant input on bit 1458 of port A: 1'0
  Constant input on bit 1459 of port A: 1'0
  Constant input on bit 1460 of port A: 1'0
  Constant input on bit 1461 of port A: 1'0
  Constant input on bit 1462 of port A: 1'0
  Constant input on bit 1463 of port A: 1'0
  Constant input on bit 1464 of port A: 1'0
  Constant input on bit 1465 of port A: 1'0
  Constant input on bit 1466 of port A: 1'0
  Constant input on bit 1467 of port A: 1'0
  Constant input on bit 1468 of port A: 1'0
  Constant input on bit 1469 of port A: 1'0
  Constant input on bit 1470 of port A: 1'0
  Constant input on bit 1471 of port A: 1'0
  Constant input on bit 1472 of port A: 1'0
  Constant input on bit 1473 of port A: 1'0
  Constant input on bit 1474 of port A: 1'0
  Constant input on bit 1475 of port A: 1'0
  Constant input on bit 1476 of port A: 1'0
  Constant input on bit 1477 of port A: 1'0
  Constant input on bit 1478 of port A: 1'0
  Constant input on bit 1479 of port A: 1'0
  Constant input on bit 1480 of port A: 1'0
  Constant input on bit 1481 of port A: 1'0
  Constant input on bit 1482 of port A: 1'0
  Constant input on bit 1483 of port A: 1'0
  Constant input on bit 1484 of port A: 1'0
  Constant input on bit 1485 of port A: 1'0
  Constant input on bit 1486 of port A: 1'0
  Constant input on bit 1487 of port A: 1'0
  Constant input on bit 1488 of port A: 1'0
  Constant input on bit 1489 of port A: 1'0
  Constant input on bit 1490 of port A: 1'0
  Constant input on bit 1491 of port A: 1'0
  Constant input on bit 1492 of port A: 1'0
  Constant input on bit 1493 of port A: 1'0
  Constant input on bit 1494 of port A: 1'0
  Constant input on bit 1495 of port A: 1'0
  Constant input on bit 1496 of port A: 1'0
  Constant input on bit 1497 of port A: 1'0
  Constant input on bit 1498 of port A: 1'0
  Constant input on bit 1499 of port A: 1'0
  Constant input on bit 1500 of port A: 1'0
  Constant input on bit 1501 of port A: 1'0
  Constant input on bit 1502 of port A: 1'0
  Constant input on bit 1503 of port A: 1'0
  Constant input on bit 1504 of port A: 1'0
  Constant input on bit 1505 of port A: 1'0
  Constant input on bit 1506 of port A: 1'0
  Constant input on bit 1507 of port A: 1'0
  Constant input on bit 1508 of port A: 1'0
  Constant input on bit 1509 of port A: 1'0
  Constant input on bit 1510 of port A: 1'0
  Constant input on bit 1511 of port A: 1'0
  Constant input on bit 1512 of port A: 1'0
  Constant input on bit 1513 of port A: 1'0
  Constant input on bit 1514 of port A: 1'0
  Constant input on bit 1515 of port A: 1'0
  Constant input on bit 1516 of port A: 1'0
  Constant input on bit 1517 of port A: 1'0
  Constant input on bit 1518 of port A: 1'0
  Constant input on bit 1519 of port A: 1'0
  Constant input on bit 1520 of port A: 1'0
  Constant input on bit 1521 of port A: 1'0
  Constant input on bit 1522 of port A: 1'0
  Constant input on bit 1523 of port A: 1'0
  Constant input on bit 1524 of port A: 1'0
  Constant input on bit 1525 of port A: 1'0
  Constant input on bit 1526 of port A: 1'0
  Constant input on bit 1527 of port A: 1'0
  Constant input on bit 1528 of port A: 1'0
  Constant input on bit 1529 of port A: 1'0
  Constant input on bit 1530 of port A: 1'0
  Constant input on bit 1531 of port A: 1'0
  Constant input on bit 1532 of port A: 1'0
  Constant input on bit 1533 of port A: 1'0
  Constant input on bit 1534 of port A: 1'0
  Constant input on bit 1535 of port A: 1'0
  Constant input on bit 1536 of port A: 1'0
  Constant input on bit 1537 of port A: 1'0
  Constant input on bit 1538 of port A: 1'0
  Constant input on bit 1539 of port A: 1'0
  Constant input on bit 1540 of port A: 1'0
  Constant input on bit 1541 of port A: 1'0
  Constant input on bit 1542 of port A: 1'0
  Constant input on bit 1543 of port A: 1'0
  Constant input on bit 1544 of port A: 1'0
  Constant input on bit 1545 of port A: 1'0
  Constant input on bit 1546 of port A: 1'0
  Constant input on bit 1547 of port A: 1'0
  Constant input on bit 1548 of port A: 1'0
  Constant input on bit 1549 of port A: 1'0
  Constant input on bit 1550 of port A: 1'0
  Constant input on bit 1551 of port A: 1'0
  Constant input on bit 1552 of port A: 1'0
  Constant input on bit 1553 of port A: 1'0
  Constant input on bit 1554 of port A: 1'0
  Constant input on bit 1555 of port A: 1'0
  Constant input on bit 1556 of port A: 1'0
  Constant input on bit 1557 of port A: 1'0
  Constant input on bit 1558 of port A: 1'0
  Constant input on bit 1559 of port A: 1'0
  Constant input on bit 1560 of port A: 1'0
  Constant input on bit 1561 of port A: 1'0
  Constant input on bit 1562 of port A: 1'0
  Constant input on bit 1563 of port A: 1'0
  Constant input on bit 1564 of port A: 1'0
  Constant input on bit 1565 of port A: 1'0
  Constant input on bit 1566 of port A: 1'0
  Constant input on bit 1567 of port A: 1'0
  Constant input on bit 1568 of port A: 1'0
  Constant input on bit 1569 of port A: 1'0
  Constant input on bit 1570 of port A: 1'0
  Constant input on bit 1571 of port A: 1'0
  Constant input on bit 1572 of port A: 1'0
  Constant input on bit 1573 of port A: 1'0
  Constant input on bit 1574 of port A: 1'0
  Constant input on bit 1575 of port A: 1'0
  Constant input on bit 1576 of port A: 1'0
  Constant input on bit 1577 of port A: 1'0
  Constant input on bit 1578 of port A: 1'0
  Constant input on bit 1579 of port A: 1'0
  Constant input on bit 1580 of port A: 1'0
  Constant input on bit 1581 of port A: 1'0
  Constant input on bit 1582 of port A: 1'0
  Constant input on bit 1583 of port A: 1'0
  Constant input on bit 1584 of port A: 1'0
  Constant input on bit 1585 of port A: 1'0
  Constant input on bit 1586 of port A: 1'0
  Constant input on bit 1587 of port A: 1'0
  Constant input on bit 1588 of port A: 1'0
  Constant input on bit 1589 of port A: 1'0
  Constant input on bit 1590 of port A: 1'0
  Constant input on bit 1591 of port A: 1'0
  Constant input on bit 1592 of port A: 1'0
  Constant input on bit 1593 of port A: 1'0
  Constant input on bit 1594 of port A: 1'0
  Constant input on bit 1595 of port A: 1'0
  Constant input on bit 1596 of port A: 1'0
  Constant input on bit 1597 of port A: 1'0
  Constant input on bit 1598 of port A: 1'0
  Constant input on bit 1599 of port A: 1'0
  Constant input on bit 1600 of port A: 1'0
  Constant input on bit 1601 of port A: 1'0
  Constant input on bit 1602 of port A: 1'0
  Constant input on bit 1603 of port A: 1'0
  Constant input on bit 1604 of port A: 1'0
  Constant input on bit 1605 of port A: 1'0
  Constant input on bit 1606 of port A: 1'0
  Constant input on bit 1607 of port A: 1'0
  Constant input on bit 1608 of port A: 1'0
  Constant input on bit 1609 of port A: 1'0
  Constant input on bit 1610 of port A: 1'0
  Constant input on bit 1611 of port A: 1'0
  Constant input on bit 1612 of port A: 1'0
  Constant input on bit 1613 of port A: 1'0
  Constant input on bit 1614 of port A: 1'0
  Constant input on bit 1615 of port A: 1'0
  Constant input on bit 1616 of port A: 1'0
  Constant input on bit 1617 of port A: 1'0
  Constant input on bit 1618 of port A: 1'0
  Constant input on bit 1619 of port A: 1'0
  Constant input on bit 1620 of port A: 1'0
  Constant input on bit 1621 of port A: 1'0
  Constant input on bit 1622 of port A: 1'0
  Constant input on bit 1623 of port A: 1'0
  Constant input on bit 1624 of port A: 1'0
  Constant input on bit 1625 of port A: 1'0
  Constant input on bit 1626 of port A: 1'0
  Constant input on bit 1627 of port A: 1'0
  Constant input on bit 1628 of port A: 1'0
  Constant input on bit 1629 of port A: 1'0
  Constant input on bit 1630 of port A: 1'0
  Constant input on bit 1631 of port A: 1'0
  Constant input on bit 1632 of port A: 1'0
  Constant input on bit 1633 of port A: 1'0
  Constant input on bit 1634 of port A: 1'0
  Constant input on bit 1635 of port A: 1'0
  Constant input on bit 1636 of port A: 1'0
  Constant input on bit 1637 of port A: 1'0
  Constant input on bit 1638 of port A: 1'0
  Constant input on bit 1639 of port A: 1'0
  Constant input on bit 1640 of port A: 1'0
  Constant input on bit 1641 of port A: 1'0
  Constant input on bit 1642 of port A: 1'0
  Constant input on bit 1643 of port A: 1'0
  Constant input on bit 1644 of port A: 1'0
  Constant input on bit 1645 of port A: 1'0
  Constant input on bit 1646 of port A: 1'0
  Constant input on bit 1647 of port A: 1'0
  Constant input on bit 1648 of port A: 1'0
  Constant input on bit 1649 of port A: 1'0
  Constant input on bit 1650 of port A: 1'0
  Constant input on bit 1651 of port A: 1'0
  Constant input on bit 1652 of port A: 1'0
  Constant input on bit 1653 of port A: 1'0
  Constant input on bit 1654 of port A: 1'0
  Constant input on bit 1655 of port A: 1'0
  Constant input on bit 1656 of port A: 1'0
  Constant input on bit 1657 of port A: 1'0
  Constant input on bit 1658 of port A: 1'0
  Constant input on bit 1659 of port A: 1'0
  Constant input on bit 1660 of port A: 1'0
  Constant input on bit 1661 of port A: 1'0
  Constant input on bit 1662 of port A: 1'0
  Constant input on bit 1663 of port A: 1'0
  Constant input on bit 1664 of port A: 1'0
  Constant input on bit 1665 of port A: 1'0
  Constant input on bit 1666 of port A: 1'0
  Constant input on bit 1667 of port A: 1'0
  Constant input on bit 1668 of port A: 1'0
  Constant input on bit 1669 of port A: 1'0
  Constant input on bit 1670 of port A: 1'0
  Constant input on bit 1671 of port A: 1'0
  Constant input on bit 1672 of port A: 1'0
  Constant input on bit 1673 of port A: 1'0
  Constant input on bit 1674 of port A: 1'0
  Constant input on bit 1675 of port A: 1'0
  Constant input on bit 1676 of port A: 1'0
  Constant input on bit 1677 of port A: 1'0
  Constant input on bit 1678 of port A: 1'0
  Constant input on bit 1679 of port A: 1'0
  Constant input on bit 1680 of port A: 1'0
  Constant input on bit 1681 of port A: 1'0
  Constant input on bit 1682 of port A: 1'0
  Constant input on bit 1683 of port A: 1'0
  Constant input on bit 1684 of port A: 1'0
  Constant input on bit 1685 of port A: 1'0
  Constant input on bit 1686 of port A: 1'0
  Constant input on bit 1687 of port A: 1'0
  Constant input on bit 1688 of port A: 1'0
  Constant input on bit 1689 of port A: 1'0
  Constant input on bit 1690 of port A: 1'0
  Constant input on bit 1691 of port A: 1'0
  Constant input on bit 1692 of port A: 1'0
  Constant input on bit 1693 of port A: 1'0
  Constant input on bit 1694 of port A: 1'0
  Constant input on bit 1695 of port A: 1'0
  Constant input on bit 1696 of port A: 1'0
  Constant input on bit 1697 of port A: 1'0
  Constant input on bit 1698 of port A: 1'0
  Constant input on bit 1699 of port A: 1'0
  Constant input on bit 1700 of port A: 1'0
  Constant input on bit 1701 of port A: 1'0
  Constant input on bit 1702 of port A: 1'0
  Constant input on bit 1703 of port A: 1'0
  Constant input on bit 1704 of port A: 1'0
  Constant input on bit 1705 of port A: 1'0
  Constant input on bit 1706 of port A: 1'0
  Constant input on bit 1707 of port A: 1'0
  Constant input on bit 1708 of port A: 1'0
  Constant input on bit 1709 of port A: 1'0
  Constant input on bit 1710 of port A: 1'0
  Constant input on bit 1711 of port A: 1'0
  Constant input on bit 1712 of port A: 1'0
  Constant input on bit 1713 of port A: 1'0
  Constant input on bit 1714 of port A: 1'0
  Constant input on bit 1715 of port A: 1'0
  Constant input on bit 1716 of port A: 1'0
  Constant input on bit 1717 of port A: 1'0
  Constant input on bit 1718 of port A: 1'0
  Constant input on bit 1719 of port A: 1'0
  Constant input on bit 1720 of port A: 1'0
  Constant input on bit 1721 of port A: 1'0
  Constant input on bit 1722 of port A: 1'0
  Constant input on bit 1723 of port A: 1'0
  Constant input on bit 1724 of port A: 1'0
  Constant input on bit 1725 of port A: 1'0
  Constant input on bit 1726 of port A: 1'0
  Constant input on bit 1727 of port A: 1'0
  Constant input on bit 1728 of port A: 1'0
  Constant input on bit 1729 of port A: 1'0
  Constant input on bit 1730 of port A: 1'0
  Constant input on bit 1731 of port A: 1'0
  Constant input on bit 1732 of port A: 1'0
  Constant input on bit 1733 of port A: 1'0
  Constant input on bit 1734 of port A: 1'0
  Constant input on bit 1735 of port A: 1'0
  Constant input on bit 1736 of port A: 1'0
  Constant input on bit 1737 of port A: 1'0
  Constant input on bit 1738 of port A: 1'0
  Constant input on bit 1739 of port A: 1'0
  Constant input on bit 1740 of port A: 1'0
  Constant input on bit 1741 of port A: 1'0
  Constant input on bit 1742 of port A: 1'0
  Constant input on bit 1743 of port A: 1'0
  Constant input on bit 1744 of port A: 1'0
  Constant input on bit 1745 of port A: 1'0
  Constant input on bit 1746 of port A: 1'0
  Constant input on bit 1747 of port A: 1'0
  Constant input on bit 1748 of port A: 1'0
  Constant input on bit 1749 of port A: 1'0
  Constant input on bit 1750 of port A: 1'0
  Constant input on bit 1751 of port A: 1'0
  Constant input on bit 1752 of port A: 1'0
  Constant input on bit 1753 of port A: 1'0
  Constant input on bit 1754 of port A: 1'0
  Constant input on bit 1755 of port A: 1'0
  Constant input on bit 1756 of port A: 1'0
  Constant input on bit 1757 of port A: 1'0
  Constant input on bit 1758 of port A: 1'0
  Constant input on bit 1759 of port A: 1'0
  Constant input on bit 1760 of port A: 1'0
  Constant input on bit 1761 of port A: 1'0
  Constant input on bit 1762 of port A: 1'0
  Constant input on bit 1763 of port A: 1'0
  Constant input on bit 1764 of port A: 1'0
  Constant input on bit 1765 of port A: 1'0
  Constant input on bit 1766 of port A: 1'0
  Constant input on bit 1767 of port A: 1'0
  Constant input on bit 1768 of port A: 1'0
  Constant input on bit 1769 of port A: 1'0
  Constant input on bit 1770 of port A: 1'0
  Constant input on bit 1771 of port A: 1'0
  Constant input on bit 1772 of port A: 1'0
  Constant input on bit 1773 of port A: 1'0
  Constant input on bit 1774 of port A: 1'0
  Constant input on bit 1775 of port A: 1'0
  Constant input on bit 1776 of port A: 1'0
  Constant input on bit 1777 of port A: 1'0
  Constant input on bit 1778 of port A: 1'0
  Constant input on bit 1779 of port A: 1'0
  Constant input on bit 1780 of port A: 1'0
  Constant input on bit 1781 of port A: 1'0
  Constant input on bit 1782 of port A: 1'0
  Constant input on bit 1783 of port A: 1'0
  Constant input on bit 1784 of port A: 1'0
  Constant input on bit 1785 of port A: 1'0
  Constant input on bit 1786 of port A: 1'0
  Constant input on bit 1787 of port A: 1'0
  Constant input on bit 1788 of port A: 1'0
  Constant input on bit 1789 of port A: 1'0
  Constant input on bit 1790 of port A: 1'0
  Constant input on bit 1791 of port A: 1'0
  Constant input on bit 1792 of port A: 1'0
  Constant input on bit 1793 of port A: 1'0
  Constant input on bit 1794 of port A: 1'0
  Constant input on bit 1795 of port A: 1'0
  Constant input on bit 1796 of port A: 1'0
  Constant input on bit 1797 of port A: 1'0
  Constant input on bit 1798 of port A: 1'0
  Constant input on bit 1799 of port A: 1'0
  Constant input on bit 1800 of port A: 1'0
  Constant input on bit 1801 of port A: 1'0
  Constant input on bit 1802 of port A: 1'0
  Constant input on bit 1803 of port A: 1'0
  Constant input on bit 1804 of port A: 1'0
  Constant input on bit 1805 of port A: 1'0
  Constant input on bit 1806 of port A: 1'0
  Constant input on bit 1807 of port A: 1'0
  Constant input on bit 1808 of port A: 1'0
  Constant input on bit 1809 of port A: 1'0
  Constant input on bit 1810 of port A: 1'0
  Constant input on bit 1811 of port A: 1'0
  Constant input on bit 1812 of port A: 1'0
  Constant input on bit 1813 of port A: 1'0
  Constant input on bit 1814 of port A: 1'0
  Constant input on bit 1815 of port A: 1'0
  Constant input on bit 1816 of port A: 1'0
  Constant input on bit 1817 of port A: 1'0
  Constant input on bit 1818 of port A: 1'0
  Constant input on bit 1819 of port A: 1'0
  Constant input on bit 1820 of port A: 1'0
  Constant input on bit 1821 of port A: 1'0
  Constant input on bit 1822 of port A: 1'0
  Constant input on bit 1823 of port A: 1'0
  Constant input on bit 1824 of port A: 1'0
  Constant input on bit 1825 of port A: 1'0
  Constant input on bit 1826 of port A: 1'0
  Constant input on bit 1827 of port A: 1'0
  Constant input on bit 1828 of port A: 1'0
  Constant input on bit 1829 of port A: 1'0
  Constant input on bit 1830 of port A: 1'0
  Constant input on bit 1831 of port A: 1'0
  Constant input on bit 1832 of port A: 1'0
  Constant input on bit 1833 of port A: 1'0
  Constant input on bit 1834 of port A: 1'0
  Constant input on bit 1835 of port A: 1'0
  Constant input on bit 1836 of port A: 1'0
  Constant input on bit 1837 of port A: 1'0
  Constant input on bit 1838 of port A: 1'0
  Constant input on bit 1839 of port A: 1'0
  Constant input on bit 1840 of port A: 1'0
  Constant input on bit 1841 of port A: 1'0
  Constant input on bit 1842 of port A: 1'0
  Constant input on bit 1843 of port A: 1'0
  Constant input on bit 1844 of port A: 1'0
  Constant input on bit 1845 of port A: 1'0
  Constant input on bit 1846 of port A: 1'0
  Constant input on bit 1847 of port A: 1'0
  Constant input on bit 1848 of port A: 1'0
  Constant input on bit 1849 of port A: 1'0
  Constant input on bit 1850 of port A: 1'0
  Constant input on bit 1851 of port A: 1'0
  Constant input on bit 1852 of port A: 1'0
  Constant input on bit 1853 of port A: 1'0
  Constant input on bit 1854 of port A: 1'0
  Constant input on bit 1855 of port A: 1'0
  Constant input on bit 1856 of port A: 1'0
  Constant input on bit 1857 of port A: 1'0
  Constant input on bit 1858 of port A: 1'0
  Constant input on bit 1859 of port A: 1'0
  Constant input on bit 1860 of port A: 1'0
  Constant input on bit 1861 of port A: 1'0
  Constant input on bit 1862 of port A: 1'0
  Constant input on bit 1863 of port A: 1'0
  Constant input on bit 1864 of port A: 1'0
  Constant input on bit 1865 of port A: 1'0
  Constant input on bit 1866 of port A: 1'0
  Constant input on bit 1867 of port A: 1'0
  Constant input on bit 1868 of port A: 1'0
  Constant input on bit 1869 of port A: 1'0
  Constant input on bit 1870 of port A: 1'0
  Constant input on bit 1871 of port A: 1'0
  Constant input on bit 1872 of port A: 1'0
  Constant input on bit 1873 of port A: 1'0
  Constant input on bit 1874 of port A: 1'0
  Constant input on bit 1875 of port A: 1'0
  Constant input on bit 1876 of port A: 1'0
  Constant input on bit 1877 of port A: 1'0
  Constant input on bit 1878 of port A: 1'0
  Constant input on bit 1879 of port A: 1'0
  Constant input on bit 1880 of port A: 1'0
  Constant input on bit 1881 of port A: 1'0
  Constant input on bit 1882 of port A: 1'0
  Constant input on bit 1883 of port A: 1'0
  Constant input on bit 1884 of port A: 1'0
  Constant input on bit 1885 of port A: 1'0
  Constant input on bit 1886 of port A: 1'0
  Constant input on bit 1887 of port A: 1'0
  Constant input on bit 1888 of port A: 1'0
  Constant input on bit 1889 of port A: 1'0
  Constant input on bit 1890 of port A: 1'0
  Constant input on bit 1891 of port A: 1'0
  Constant input on bit 1892 of port A: 1'0
  Constant input on bit 1893 of port A: 1'0
  Constant input on bit 1894 of port A: 1'0
  Constant input on bit 1895 of port A: 1'0
  Constant input on bit 1896 of port A: 1'0
  Constant input on bit 1897 of port A: 1'0
  Constant input on bit 1898 of port A: 1'0
  Constant input on bit 1899 of port A: 1'0
  Constant input on bit 1900 of port A: 1'0
  Constant input on bit 1901 of port A: 1'0
  Constant input on bit 1902 of port A: 1'0
  Constant input on bit 1903 of port A: 1'0
  Constant input on bit 1904 of port A: 1'0
  Constant input on bit 1905 of port A: 1'0
  Constant input on bit 1906 of port A: 1'0
  Constant input on bit 1907 of port A: 1'0
  Constant input on bit 1908 of port A: 1'0
  Constant input on bit 1909 of port A: 1'0
  Constant input on bit 1910 of port A: 1'0
  Constant input on bit 1911 of port A: 1'0
  Constant input on bit 1912 of port A: 1'0
  Constant input on bit 1913 of port A: 1'0
  Constant input on bit 1914 of port A: 1'0
  Constant input on bit 1915 of port A: 1'0
  Constant input on bit 1916 of port A: 1'0
  Constant input on bit 1917 of port A: 1'0
  Constant input on bit 1918 of port A: 1'0
  Constant input on bit 1919 of port A: 1'0
  Constant input on bit 1920 of port A: 1'0
  Constant input on bit 1921 of port A: 1'0
  Constant input on bit 1922 of port A: 1'0
  Constant input on bit 1923 of port A: 1'0
  Constant input on bit 1924 of port A: 1'0
  Constant input on bit 1925 of port A: 1'0
  Constant input on bit 1926 of port A: 1'0
  Constant input on bit 1927 of port A: 1'0
  Constant input on bit 1928 of port A: 1'0
  Constant input on bit 1929 of port A: 1'0
  Constant input on bit 1930 of port A: 1'0
  Constant input on bit 1931 of port A: 1'0
  Constant input on bit 1932 of port A: 1'0
  Constant input on bit 1933 of port A: 1'0
  Constant input on bit 1934 of port A: 1'0
  Constant input on bit 1935 of port A: 1'0
  Constant input on bit 1936 of port A: 1'0
  Constant input on bit 1937 of port A: 1'0
  Constant input on bit 1938 of port A: 1'0
  Constant input on bit 1939 of port A: 1'0
  Constant input on bit 1940 of port A: 1'0
  Constant input on bit 1941 of port A: 1'0
  Constant input on bit 1942 of port A: 1'0
  Constant input on bit 1943 of port A: 1'0
  Constant input on bit 1944 of port A: 1'0
  Constant input on bit 1945 of port A: 1'0
  Constant input on bit 1946 of port A: 1'0
  Constant input on bit 1947 of port A: 1'0
  Constant input on bit 1948 of port A: 1'0
  Constant input on bit 1949 of port A: 1'0
  Constant input on bit 1950 of port A: 1'0
  Constant input on bit 1951 of port A: 1'0
  Constant input on bit 1952 of port A: 1'0
  Constant input on bit 1953 of port A: 1'0
  Constant input on bit 1954 of port A: 1'0
  Constant input on bit 1955 of port A: 1'0
  Constant input on bit 1956 of port A: 1'0
  Constant input on bit 1957 of port A: 1'0
  Constant input on bit 1958 of port A: 1'0
  Constant input on bit 1959 of port A: 1'0
  Constant input on bit 1960 of port A: 1'0
  Constant input on bit 1961 of port A: 1'0
  Constant input on bit 1962 of port A: 1'0
  Constant input on bit 1963 of port A: 1'0
  Constant input on bit 1964 of port A: 1'0
  Constant input on bit 1965 of port A: 1'0
  Constant input on bit 1966 of port A: 1'0
  Constant input on bit 1967 of port A: 1'0
  Constant input on bit 1968 of port A: 1'0
  Constant input on bit 1969 of port A: 1'0
  Constant input on bit 1970 of port A: 1'0
  Constant input on bit 1971 of port A: 1'0
  Constant input on bit 1972 of port A: 1'0
  Constant input on bit 1973 of port A: 1'0
  Constant input on bit 1974 of port A: 1'0
  Constant input on bit 1975 of port A: 1'0
  Constant input on bit 1976 of port A: 1'0
  Constant input on bit 1977 of port A: 1'0
  Constant input on bit 1978 of port A: 1'0
  Constant input on bit 1979 of port A: 1'0
  Constant input on bit 1980 of port A: 1'0
  Constant input on bit 1981 of port A: 1'0
  Constant input on bit 1982 of port A: 1'0
  Constant input on bit 1983 of port A: 1'0
  Constant input on bit 1984 of port A: 1'0
  Constant input on bit 1985 of port A: 1'0
  Constant input on bit 1986 of port A: 1'0
  Constant input on bit 1987 of port A: 1'0
  Constant input on bit 1988 of port A: 1'0
  Constant input on bit 1989 of port A: 1'0
  Constant input on bit 1990 of port A: 1'0
  Constant input on bit 1991 of port A: 1'0
  Constant input on bit 1992 of port A: 1'0
  Constant input on bit 1993 of port A: 1'0
  Constant input on bit 1994 of port A: 1'0
  Constant input on bit 1995 of port A: 1'0
  Constant input on bit 1996 of port A: 1'0
  Constant input on bit 1997 of port A: 1'0
  Constant input on bit 1998 of port A: 1'0
  Constant input on bit 1999 of port A: 1'0
  Constant input on bit 2000 of port A: 1'0
  Constant input on bit 2001 of port A: 1'0
  Constant input on bit 2002 of port A: 1'0
  Constant input on bit 2003 of port A: 1'0
  Constant input on bit 2004 of port A: 1'0
  Constant input on bit 2005 of port A: 1'0
  Constant input on bit 2006 of port A: 1'0
  Constant input on bit 2007 of port A: 1'0
  Constant input on bit 2008 of port A: 1'0
  Constant input on bit 2009 of port A: 1'0
  Constant input on bit 2010 of port A: 1'0
  Constant input on bit 2011 of port A: 1'0
  Constant input on bit 2012 of port A: 1'0
  Constant input on bit 2013 of port A: 1'0
  Constant input on bit 2014 of port A: 1'0
  Constant input on bit 2015 of port A: 1'0
  Constant input on bit 2016 of port A: 1'0
  Constant input on bit 2017 of port A: 1'0
  Constant input on bit 2018 of port A: 1'0
  Constant input on bit 2019 of port A: 1'0
  Constant input on bit 2020 of port A: 1'0
  Constant input on bit 2021 of port A: 1'0
  Constant input on bit 2022 of port A: 1'0
  Constant input on bit 2023 of port A: 1'0
  Constant input on bit 2024 of port A: 1'0
  Constant input on bit 2025 of port A: 1'0
  Constant input on bit 2026 of port A: 1'0
  Constant input on bit 2027 of port A: 1'0
  Constant input on bit 2028 of port A: 1'0
  Constant input on bit 2029 of port A: 1'0
  Constant input on bit 2030 of port A: 1'0
  Constant input on bit 2031 of port A: 1'0
  Constant input on bit 2032 of port A: 1'0
  Constant input on bit 2033 of port A: 1'0
  Constant input on bit 2034 of port A: 1'0
  Constant input on bit 2035 of port A: 1'0
  Constant input on bit 2036 of port A: 1'0
  Constant input on bit 2037 of port A: 1'0
  Constant input on bit 2038 of port A: 1'0
  Constant input on bit 2039 of port A: 1'0
  Constant input on bit 2040 of port A: 1'0
  Constant input on bit 2041 of port A: 1'0
  Constant input on bit 2042 of port A: 1'0
  Constant input on bit 2043 of port A: 1'0
  Constant input on bit 2044 of port A: 1'0
  Constant input on bit 2045 of port A: 1'0
  Constant input on bit 2046 of port A: 1'0
  Constant input on bit 2047 of port A: 1'0
Creating constmapped module `$paramod$constmap:d41c3e6700281f3d49fe96d4ea47a4e4eb91446f$paramod$7d00db8a59728ec0e93a9e75d12a59371a9099d5\_90_shift_shiftx'.

12.8. Executing OPT_MUXTREE pass (detect dead branches in mux trees).
Running muxtree optimizer on module $paramod$constmap:d41c3e6700281f3d49fe96d4ea47a4e4eb91446f$paramod$7d00db8a59728ec0e93a9e75d12a59371a9099d5\_90_shift_shiftx..
  Creating internal representation of mux trees.
  Evaluating internal representation of mux trees.
  Analyzing evaluation results.
    dead port 1/2 on $mux $procmux$817.
    dead port 2/2 on $mux $procmux$817.
    dead port 1/2 on $mux $procmux$820.
    dead port 2/2 on $mux $procmux$823.
    dead port 2/2 on $mux $procmux$829.
    dead port 2/2 on $mux $procmux$835.
    dead port 2/2 on $mux $procmux$841.
    dead port 2/2 on $mux $procmux$847.
    dead port 1/2 on $mux $procmux$853.
    dead port 2/2 on $mux $procmux$853.
    dead port 1/2 on $mux $procmux$856.
    dead port 1/2 on $mux $procmux$859.
    dead port 2/2 on $mux $procmux$859.
    dead port 1/2 on $mux $procmux$862.
    dead port 1/2 on $mux $procmux$865.
    dead port 2/2 on $mux $procmux$865.
    dead port 1/2 on $mux $procmux$868.
    dead port 1/2 on $mux $procmux$871.
    dead port 2/2 on $mux $procmux$871.
    dead port 1/2 on $mux $procmux$874.
    dead port 1/2 on $mux $procmux$877.
    dead port 2/2 on $mux $procmux$877.
    dead port 1/2 on $mux $procmux$880.
    dead port 1/2 on $mux $procmux$883.
    dead port 2/2 on $mux $procmux$883.
    dead port 1/2 on $mux $procmux$886.
Removed 26 multiplexer ports.
<suppressed ~2679 debug messages>

12.9. Executing OPT_EXPR pass (perform const folding).
Optimizing module $paramod$constmap:d41c3e6700281f3d49fe96d4ea47a4e4eb91446f$paramod$7d00db8a59728ec0e93a9e75d12a59371a9099d5\_90_shift_shiftx.
<suppressed ~42 debug messages>
Removed 0 unused cells and 64 unused wires.
Using template $paramod$constmap:d41c3e6700281f3d49fe96d4ea47a4e4eb91446f$paramod$7d00db8a59728ec0e93a9e75d12a59371a9099d5\_90_shift_shiftx for cells of type $shiftx.
Running "alumacc" on wrapper $extern:wrap:$add:Y_WIDTH=32:B_WIDTH=32:A_WIDTH=32:B_SIGNED=1:A_SIGNED=1:394426c56d1a028ba8fdd5469b163e04011def47.
Using template $extern:wrap:$add:Y_WIDTH=32:B_WIDTH=32:A_WIDTH=32:B_SIGNED=1:A_SIGNED=1:394426c56d1a028ba8fdd5469b163e04011def47 for cells of type $extern:wrap:$add:Y_WIDTH=32:B_WIDTH=32:A_WIDTH=32:B_SIGNED=1:A_SIGNED=1:394426c56d1a028ba8fdd5469b163e04011def47.
Using extmapper simplemap for cells of type $logic_not.
Using extmapper simplemap for cells of type $logic_and.
Using extmapper simplemap for cells of type $eq.
Running "alumacc" on wrapper $extern:wrap:$le:Y_WIDTH=1:B_WIDTH=32:A_WIDTH=32:B_SIGNED=1:A_SIGNED=1:394426c56d1a028ba8fdd5469b163e04011def47.
Using template $extern:wrap:$le:Y_WIDTH=1:B_WIDTH=32:A_WIDTH=32:B_SIGNED=1:A_SIGNED=1:394426c56d1a028ba8fdd5469b163e04011def47 for cells of type $extern:wrap:$le:Y_WIDTH=1:B_WIDTH=32:A_WIDTH=32:B_SIGNED=1:A_SIGNED=1:394426c56d1a028ba8fdd5469b163e04011def47.
Running "alumacc" on wrapper $extern:wrap:$gt:Y_WIDTH=1:B_WIDTH=32:A_WIDTH=32:B_SIGNED=1:A_SIGNED=1:394426c56d1a028ba8fdd5469b163e04011def47.
Using template $extern:wrap:$gt:Y_WIDTH=1:B_WIDTH=32:A_WIDTH=32:B_SIGNED=1:A_SIGNED=1:394426c56d1a028ba8fdd5469b163e04011def47 for cells of type $extern:wrap:$gt:Y_WIDTH=1:B_WIDTH=32:A_WIDTH=32:B_SIGNED=1:A_SIGNED=1:394426c56d1a028ba8fdd5469b163e04011def47.
Running "alumacc" on wrapper $extern:wrap:$add:Y_WIDTH=5:B_WIDTH=1:A_WIDTH=5:B_SIGNED=0:A_SIGNED=0:394426c56d1a028ba8fdd5469b163e04011def47.
Using template $extern:wrap:$add:Y_WIDTH=5:B_WIDTH=1:A_WIDTH=5:B_SIGNED=0:A_SIGNED=0:394426c56d1a028ba8fdd5469b163e04011def47 for cells of type $extern:wrap:$add:Y_WIDTH=5:B_WIDTH=1:A_WIDTH=5:B_SIGNED=0:A_SIGNED=0:394426c56d1a028ba8fdd5469b163e04011def47.
Using extmapper simplemap for cells of type $mux.
Running "alumacc" on wrapper $extern:wrap:$mul:Y_WIDTH=16:B_WIDTH=8:A_WIDTH=8:B_SIGNED=1:A_SIGNED=1:394426c56d1a028ba8fdd5469b163e04011def47.
Using template $extern:wrap:$mul:Y_WIDTH=16:B_WIDTH=8:A_WIDTH=8:B_SIGNED=1:A_SIGNED=1:394426c56d1a028ba8fdd5469b163e04011def47 for cells of type $extern:wrap:$mul:Y_WIDTH=16:B_WIDTH=8:A_WIDTH=8:B_SIGNED=1:A_SIGNED=1:394426c56d1a028ba8fdd5469b163e04011def47.
Analyzing pattern of constant bits for this cell:
  Constant input on bit 0 of port B: 1'0
  Constant input on bit 1 of port B: 1'0
  Constant input on bit 2 of port B: 1'0
  Constant input on bit 3 of port B: 1'0
  Constant input on bit 4 of port B: 1'0
  Constant input on bit 5 of port B: 1'0
  Constant input on bit 11 of port B: 1'0
  Constant input on bit 12 of port B: 1'0
  Constant input on bit 13 of port B: 1'0
  Constant input on bit 14 of port B: 1'0
  Constant input on bit 15 of port B: 1'0
  Constant input on bit 16 of port B: 1'0
  Constant input on bit 17 of port B: 1'0
  Constant input on bit 18 of port B: 1'0
  Constant input on bit 19 of port B: 1'0
  Constant input on bit 20 of port B: 1'0
  Constant input on bit 21 of port B: 1'0
  Constant input on bit 22 of port B: 1'0
  Constant input on bit 23 of port B: 1'0
  Constant input on bit 24 of port B: 1'0
  Constant input on bit 25 of port B: 1'0
  Constant input on bit 26 of port B: 1'0
  Constant input on bit 27 of port B: 1'0
  Constant input on bit 28 of port B: 1'0
  Constant input on bit 29 of port B: 1'0
  Constant input on bit 30 of port B: 1'0
  Constant input on bit 31 of port B: 1'0
  Constant input on bit 0 of port A: 1'1
  Constant input on bit 1 of port A: 1'1
  Constant input on bit 2 of port A: 1'1
  Constant input on bit 3 of port A: 1'1
  Constant input on bit 4 of port A: 1'1
  Constant input on bit 5 of port A: 1'1
  Constant input on bit 6 of port A: 1'1
  Constant input on bit 7 of port A: 1'1
  Constant input on bit 8 of port A: 1'1
  Constant input on bit 9 of port A: 1'1
  Constant input on bit 10 of port A: 1'1
  Constant input on bit 11 of port A: 1'1
  Constant input on bit 12 of port A: 1'1
  Constant input on bit 13 of port A: 1'1
  Constant input on bit 14 of port A: 1'1
  Constant input on bit 15 of port A: 1'1
  Constant input on bit 16 of port A: 1'1
  Constant input on bit 17 of port A: 1'1
  Constant input on bit 18 of port A: 1'1
  Constant input on bit 19 of port A: 1'1
  Constant input on bit 20 of port A: 1'1
  Constant input on bit 21 of port A: 1'1
  Constant input on bit 22 of port A: 1'1
  Constant input on bit 23 of port A: 1'1
  Constant input on bit 24 of port A: 1'1
  Constant input on bit 25 of port A: 1'1
  Constant input on bit 26 of port A: 1'1
  Constant input on bit 27 of port A: 1'1
  Constant input on bit 28 of port A: 1'1
  Constant input on bit 29 of port A: 1'1
  Constant input on bit 30 of port A: 1'1
  Constant input on bit 31 of port A: 1'1
  Constant input on bit 32 of port A: 1'1
  Constant input on bit 33 of port A: 1'1
  Constant input on bit 34 of port A: 1'1
  Constant input on bit 35 of port A: 1'1
  Constant input on bit 36 of port A: 1'1
  Constant input on bit 37 of port A: 1'1
  Constant input on bit 38 of port A: 1'1
  Constant input on bit 39 of port A: 1'1
  Constant input on bit 40 of port A: 1'1
  Constant input on bit 41 of port A: 1'1
  Constant input on bit 42 of port A: 1'1
  Constant input on bit 43 of port A: 1'1
  Constant input on bit 44 of port A: 1'1
  Constant input on bit 45 of port A: 1'1
  Constant input on bit 46 of port A: 1'1
  Constant input on bit 47 of port A: 1'1
  Constant input on bit 48 of port A: 1'1
  Constant input on bit 49 of port A: 1'1
  Constant input on bit 50 of port A: 1'1
  Constant input on bit 51 of port A: 1'1
  Constant input on bit 52 of port A: 1'1
  Constant input on bit 53 of port A: 1'1
  Constant input on bit 54 of port A: 1'1
  Constant input on bit 55 of port A: 1'1
  Constant input on bit 56 of port A: 1'1
  Constant input on bit 57 of port A: 1'1
  Constant input on bit 58 of port A: 1'1
  Constant input on bit 59 of port A: 1'1
  Constant input on bit 60 of port A: 1'1
  Constant input on bit 61 of port A: 1'1
  Constant input on bit 62 of port A: 1'1
  Constant input on bit 63 of port A: 1'1
  Constant input on bit 64 of port A: 1'1
  Constant input on bit 65 of port A: 1'1
  Constant input on bit 66 of port A: 1'1
  Constant input on bit 67 of port A: 1'1
  Constant input on bit 68 of port A: 1'1
  Constant input on bit 69 of port A: 1'1
  Constant input on bit 70 of port A: 1'1
  Constant input on bit 71 of port A: 1'1
  Constant input on bit 72 of port A: 1'1
  Constant input on bit 73 of port A: 1'1
  Constant input on bit 74 of port A: 1'1
  Constant input on bit 75 of port A: 1'1
  Constant input on bit 76 of port A: 1'1
  Constant input on bit 77 of port A: 1'1
  Constant input on bit 78 of port A: 1'1
  Constant input on bit 79 of port A: 1'1
  Constant input on bit 80 of port A: 1'1
  Constant input on bit 81 of port A: 1'1
  Constant input on bit 82 of port A: 1'1
  Constant input on bit 83 of port A: 1'1
  Constant input on bit 84 of port A: 1'1
  Constant input on bit 85 of port A: 1'1
  Constant input on bit 86 of port A: 1'1
  Constant input on bit 87 of port A: 1'1
  Constant input on bit 88 of port A: 1'1
  Constant input on bit 89 of port A: 1'1
  Constant input on bit 90 of port A: 1'1
  Constant input on bit 91 of port A: 1'1
  Constant input on bit 92 of port A: 1'1
  Constant input on bit 93 of port A: 1'1
  Constant input on bit 94 of port A: 1'1
  Constant input on bit 95 of port A: 1'1
  Constant input on bit 96 of port A: 1'1
  Constant input on bit 97 of port A: 1'1
  Constant input on bit 98 of port A: 1'1
  Constant input on bit 99 of port A: 1'1
  Constant input on bit 100 of port A: 1'1
  Constant input on bit 101 of port A: 1'1
  Constant input on bit 102 of port A: 1'1
  Constant input on bit 103 of port A: 1'1
  Constant input on bit 104 of port A: 1'1
  Constant input on bit 105 of port A: 1'1
  Constant input on bit 106 of port A: 1'1
  Constant input on bit 107 of port A: 1'1
  Constant input on bit 108 of port A: 1'1
  Constant input on bit 109 of port A: 1'1
  Constant input on bit 110 of port A: 1'1
  Constant input on bit 111 of port A: 1'1
  Constant input on bit 112 of port A: 1'1
  Constant input on bit 113 of port A: 1'1
  Constant input on bit 114 of port A: 1'1
  Constant input on bit 115 of port A: 1'1
  Constant input on bit 116 of port A: 1'1
  Constant input on bit 117 of port A: 1'1
  Constant input on bit 118 of port A: 1'1
  Constant input on bit 119 of port A: 1'1
  Constant input on bit 120 of port A: 1'1
  Constant input on bit 121 of port A: 1'1
  Constant input on bit 122 of port A: 1'1
  Constant input on bit 123 of port A: 1'1
  Constant input on bit 124 of port A: 1'1
  Constant input on bit 125 of port A: 1'1
  Constant input on bit 126 of port A: 1'1
  Constant input on bit 127 of port A: 1'1
  Constant input on bit 128 of port A: 1'1
  Constant input on bit 129 of port A: 1'1
  Constant input on bit 130 of port A: 1'1
  Constant input on bit 131 of port A: 1'1
  Constant input on bit 132 of port A: 1'1
  Constant input on bit 133 of port A: 1'1
  Constant input on bit 134 of port A: 1'1
  Constant input on bit 135 of port A: 1'1
  Constant input on bit 136 of port A: 1'1
  Constant input on bit 137 of port A: 1'1
  Constant input on bit 138 of port A: 1'1
  Constant input on bit 139 of port A: 1'1
  Constant input on bit 140 of port A: 1'1
  Constant input on bit 141 of port A: 1'1
  Constant input on bit 142 of port A: 1'1
  Constant input on bit 143 of port A: 1'1
  Constant input on bit 144 of port A: 1'1
  Constant input on bit 145 of port A: 1'1
  Constant input on bit 146 of port A: 1'1
  Constant input on bit 147 of port A: 1'1
  Constant input on bit 148 of port A: 1'1
  Constant input on bit 149 of port A: 1'1
  Constant input on bit 150 of port A: 1'1
  Constant input on bit 151 of port A: 1'1
  Constant input on bit 152 of port A: 1'1
  Constant input on bit 153 of port A: 1'1
  Constant input on bit 154 of port A: 1'1
  Constant input on bit 155 of port A: 1'1
  Constant input on bit 156 of port A: 1'1
  Constant input on bit 157 of port A: 1'1
  Constant input on bit 158 of port A: 1'1
  Constant input on bit 159 of port A: 1'1
  Constant input on bit 160 of port A: 1'1
  Constant input on bit 161 of port A: 1'1
  Constant input on bit 162 of port A: 1'1
  Constant input on bit 163 of port A: 1'1
  Constant input on bit 164 of port A: 1'1
  Constant input on bit 165 of port A: 1'1
  Constant input on bit 166 of port A: 1'1
  Constant input on bit 167 of port A: 1'1
  Constant input on bit 168 of port A: 1'1
  Constant input on bit 169 of port A: 1'1
  Constant input on bit 170 of port A: 1'1
  Constant input on bit 171 of port A: 1'1
  Constant input on bit 172 of port A: 1'1
  Constant input on bit 173 of port A: 1'1
  Constant input on bit 174 of port A: 1'1
  Constant input on bit 175 of port A: 1'1
  Constant input on bit 176 of port A: 1'1
  Constant input on bit 177 of port A: 1'1
  Constant input on bit 178 of port A: 1'1
  Constant input on bit 179 of port A: 1'1
  Constant input on bit 180 of port A: 1'1
  Constant input on bit 181 of port A: 1'1
  Constant input on bit 182 of port A: 1'1
  Constant input on bit 183 of port A: 1'1
  Constant input on bit 184 of port A: 1'1
  Constant input on bit 185 of port A: 1'1
  Constant input on bit 186 of port A: 1'1
  Constant input on bit 187 of port A: 1'1
  Constant input on bit 188 of port A: 1'1
  Constant input on bit 189 of port A: 1'1
  Constant input on bit 190 of port A: 1'1
  Constant input on bit 191 of port A: 1'1
  Constant input on bit 192 of port A: 1'1
  Constant input on bit 193 of port A: 1'1
  Constant input on bit 194 of port A: 1'1
  Constant input on bit 195 of port A: 1'1
  Constant input on bit 196 of port A: 1'1
  Constant input on bit 197 of port A: 1'1
  Constant input on bit 198 of port A: 1'1
  Constant input on bit 199 of port A: 1'1
  Constant input on bit 200 of port A: 1'1
  Constant input on bit 201 of port A: 1'1
  Constant input on bit 202 of port A: 1'1
  Constant input on bit 203 of port A: 1'1
  Constant input on bit 204 of port A: 1'1
  Constant input on bit 205 of port A: 1'1
  Constant input on bit 206 of port A: 1'1
  Constant input on bit 207 of port A: 1'1
  Constant input on bit 208 of port A: 1'1
  Constant input on bit 209 of port A: 1'1
  Constant input on bit 210 of port A: 1'1
  Constant input on bit 211 of port A: 1'1
  Constant input on bit 212 of port A: 1'1
  Constant input on bit 213 of port A: 1'1
  Constant input on bit 214 of port A: 1'1
  Constant input on bit 215 of port A: 1'1
  Constant input on bit 216 of port A: 1'1
  Constant input on bit 217 of port A: 1'1
  Constant input on bit 218 of port A: 1'1
  Constant input on bit 219 of port A: 1'1
  Constant input on bit 220 of port A: 1'1
  Constant input on bit 221 of port A: 1'1
  Constant input on bit 222 of port A: 1'1
  Constant input on bit 223 of port A: 1'1
  Constant input on bit 224 of port A: 1'1
  Constant input on bit 225 of port A: 1'1
  Constant input on bit 226 of port A: 1'1
  Constant input on bit 227 of port A: 1'1
  Constant input on bit 228 of port A: 1'1
  Constant input on bit 229 of port A: 1'1
  Constant input on bit 230 of port A: 1'1
  Constant input on bit 231 of port A: 1'1
  Constant input on bit 232 of port A: 1'1
  Constant input on bit 233 of port A: 1'1
  Constant input on bit 234 of port A: 1'1
  Constant input on bit 235 of port A: 1'1
  Constant input on bit 236 of port A: 1'1
  Constant input on bit 237 of port A: 1'1
  Constant input on bit 238 of port A: 1'1
  Constant input on bit 239 of port A: 1'1
  Constant input on bit 240 of port A: 1'1
  Constant input on bit 241 of port A: 1'1
  Constant input on bit 242 of port A: 1'1
  Constant input on bit 243 of port A: 1'1
  Constant input on bit 244 of port A: 1'1
  Constant input on bit 245 of port A: 1'1
  Constant input on bit 246 of port A: 1'1
  Constant input on bit 247 of port A: 1'1
  Constant input on bit 248 of port A: 1'1
  Constant input on bit 249 of port A: 1'1
  Constant input on bit 250 of port A: 1'1
  Constant input on bit 251 of port A: 1'1
  Constant input on bit 252 of port A: 1'1
  Constant input on bit 253 of port A: 1'1
  Constant input on bit 254 of port A: 1'1
  Constant input on bit 255 of port A: 1'1
  Constant input on bit 256 of port A: 1'1
  Constant input on bit 257 of port A: 1'1
  Constant input on bit 258 of port A: 1'1
  Constant input on bit 259 of port A: 1'1
  Constant input on bit 260 of port A: 1'1
  Constant input on bit 261 of port A: 1'1
  Constant input on bit 262 of port A: 1'1
  Constant input on bit 263 of port A: 1'1
  Constant input on bit 264 of port A: 1'1
  Constant input on bit 265 of port A: 1'1
  Constant input on bit 266 of port A: 1'1
  Constant input on bit 267 of port A: 1'1
  Constant input on bit 268 of port A: 1'1
  Constant input on bit 269 of port A: 1'1
  Constant input on bit 270 of port A: 1'1
  Constant input on bit 271 of port A: 1'1
  Constant input on bit 272 of port A: 1'1
  Constant input on bit 273 of port A: 1'1
  Constant input on bit 274 of port A: 1'1
  Constant input on bit 275 of port A: 1'1
  Constant input on bit 276 of port A: 1'1
  Constant input on bit 277 of port A: 1'1
  Constant input on bit 278 of port A: 1'1
  Constant input on bit 279 of port A: 1'1
  Constant input on bit 280 of port A: 1'1
  Constant input on bit 281 of port A: 1'1
  Constant input on bit 282 of port A: 1'1
  Constant input on bit 283 of port A: 1'1
  Constant input on bit 284 of port A: 1'1
  Constant input on bit 285 of port A: 1'1
  Constant input on bit 286 of port A: 1'1
  Constant input on bit 287 of port A: 1'1
  Constant input on bit 288 of port A: 1'1
  Constant input on bit 289 of port A: 1'1
  Constant input on bit 290 of port A: 1'1
  Constant input on bit 291 of port A: 1'1
  Constant input on bit 292 of port A: 1'1
  Constant input on bit 293 of port A: 1'1
  Constant input on bit 294 of port A: 1'1
  Constant input on bit 295 of port A: 1'1
  Constant input on bit 296 of port A: 1'1
  Constant input on bit 297 of port A: 1'1
  Constant input on bit 298 of port A: 1'1
  Constant input on bit 299 of port A: 1'1
  Constant input on bit 300 of port A: 1'1
  Constant input on bit 301 of port A: 1'1
  Constant input on bit 302 of port A: 1'1
  Constant input on bit 303 of port A: 1'1
  Constant input on bit 304 of port A: 1'1
  Constant input on bit 305 of port A: 1'1
  Constant input on bit 306 of port A: 1'1
  Constant input on bit 307 of port A: 1'1
  Constant input on bit 308 of port A: 1'1
  Constant input on bit 309 of port A: 1'1
  Constant input on bit 310 of port A: 1'1
  Constant input on bit 311 of port A: 1'1
  Constant input on bit 312 of port A: 1'1
  Constant input on bit 313 of port A: 1'1
  Constant input on bit 314 of port A: 1'1
  Constant input on bit 315 of port A: 1'1
  Constant input on bit 316 of port A: 1'1
  Constant input on bit 317 of port A: 1'1
  Constant input on bit 318 of port A: 1'1
  Constant input on bit 319 of port A: 1'1
  Constant input on bit 320 of port A: 1'1
  Constant input on bit 321 of port A: 1'1
  Constant input on bit 322 of port A: 1'1
  Constant input on bit 323 of port A: 1'1
  Constant input on bit 324 of port A: 1'1
  Constant input on bit 325 of port A: 1'1
  Constant input on bit 326 of port A: 1'1
  Constant input on bit 327 of port A: 1'1
  Constant input on bit 328 of port A: 1'1
  Constant input on bit 329 of port A: 1'1
  Constant input on bit 330 of port A: 1'1
  Constant input on bit 331 of port A: 1'1
  Constant input on bit 332 of port A: 1'1
  Constant input on bit 333 of port A: 1'1
  Constant input on bit 334 of port A: 1'1
  Constant input on bit 335 of port A: 1'1
  Constant input on bit 336 of port A: 1'1
  Constant input on bit 337 of port A: 1'1
  Constant input on bit 338 of port A: 1'1
  Constant input on bit 339 of port A: 1'1
  Constant input on bit 340 of port A: 1'1
  Constant input on bit 341 of port A: 1'1
  Constant input on bit 342 of port A: 1'1
  Constant input on bit 343 of port A: 1'1
  Constant input on bit 344 of port A: 1'1
  Constant input on bit 345 of port A: 1'1
  Constant input on bit 346 of port A: 1'1
  Constant input on bit 347 of port A: 1'1
  Constant input on bit 348 of port A: 1'1
  Constant input on bit 349 of port A: 1'1
  Constant input on bit 350 of port A: 1'1
  Constant input on bit 351 of port A: 1'1
  Constant input on bit 352 of port A: 1'1
  Constant input on bit 353 of port A: 1'1
  Constant input on bit 354 of port A: 1'1
  Constant input on bit 355 of port A: 1'1
  Constant input on bit 356 of port A: 1'1
  Constant input on bit 357 of port A: 1'1
  Constant input on bit 358 of port A: 1'1
  Constant input on bit 359 of port A: 1'1
  Constant input on bit 360 of port A: 1'1
  Constant input on bit 361 of port A: 1'1
  Constant input on bit 362 of port A: 1'1
  Constant input on bit 363 of port A: 1'1
  Constant input on bit 364 of port A: 1'1
  Constant input on bit 365 of port A: 1'1
  Constant input on bit 366 of port A: 1'1
  Constant input on bit 367 of port A: 1'1
  Constant input on bit 368 of port A: 1'1
  Constant input on bit 369 of port A: 1'1
  Constant input on bit 370 of port A: 1'1
  Constant input on bit 371 of port A: 1'1
  Constant input on bit 372 of port A: 1'1
  Constant input on bit 373 of port A: 1'1
  Constant input on bit 374 of port A: 1'1
  Constant input on bit 375 of port A: 1'1
  Constant input on bit 376 of port A: 1'1
  Constant input on bit 377 of port A: 1'1
  Constant input on bit 378 of port A: 1'1
  Constant input on bit 379 of port A: 1'1
  Constant input on bit 380 of port A: 1'1
  Constant input on bit 381 of port A: 1'1
  Constant input on bit 382 of port A: 1'1
  Constant input on bit 383 of port A: 1'1
  Constant input on bit 384 of port A: 1'1
  Constant input on bit 385 of port A: 1'1
  Constant input on bit 386 of port A: 1'1
  Constant input on bit 387 of port A: 1'1
  Constant input on bit 388 of port A: 1'1
  Constant input on bit 389 of port A: 1'1
  Constant input on bit 390 of port A: 1'1
  Constant input on bit 391 of port A: 1'1
  Constant input on bit 392 of port A: 1'1
  Constant input on bit 393 of port A: 1'1
  Constant input on bit 394 of port A: 1'1
  Constant input on bit 395 of port A: 1'1
  Constant input on bit 396 of port A: 1'1
  Constant input on bit 397 of port A: 1'1
  Constant input on bit 398 of port A: 1'1
  Constant input on bit 399 of port A: 1'1
  Constant input on bit 400 of port A: 1'1
  Constant input on bit 401 of port A: 1'1
  Constant input on bit 402 of port A: 1'1
  Constant input on bit 403 of port A: 1'1
  Constant input on bit 404 of port A: 1'1
  Constant input on bit 405 of port A: 1'1
  Constant input on bit 406 of port A: 1'1
  Constant input on bit 407 of port A: 1'1
  Constant input on bit 408 of port A: 1'1
  Constant input on bit 409 of port A: 1'1
  Constant input on bit 410 of port A: 1'1
  Constant input on bit 411 of port A: 1'1
  Constant input on bit 412 of port A: 1'1
  Constant input on bit 413 of port A: 1'1
  Constant input on bit 414 of port A: 1'1
  Constant input on bit 415 of port A: 1'1
  Constant input on bit 416 of port A: 1'1
  Constant input on bit 417 of port A: 1'1
  Constant input on bit 418 of port A: 1'1
  Constant input on bit 419 of port A: 1'1
  Constant input on bit 420 of port A: 1'1
  Constant input on bit 421 of port A: 1'1
  Constant input on bit 422 of port A: 1'1
  Constant input on bit 423 of port A: 1'1
  Constant input on bit 424 of port A: 1'1
  Constant input on bit 425 of port A: 1'1
  Constant input on bit 426 of port A: 1'1
  Constant input on bit 427 of port A: 1'1
  Constant input on bit 428 of port A: 1'1
  Constant input on bit 429 of port A: 1'1
  Constant input on bit 430 of port A: 1'1
  Constant input on bit 431 of port A: 1'1
  Constant input on bit 432 of port A: 1'1
  Constant input on bit 433 of port A: 1'1
  Constant input on bit 434 of port A: 1'1
  Constant input on bit 435 of port A: 1'1
  Constant input on bit 436 of port A: 1'1
  Constant input on bit 437 of port A: 1'1
  Constant input on bit 438 of port A: 1'1
  Constant input on bit 439 of port A: 1'1
  Constant input on bit 440 of port A: 1'1
  Constant input on bit 441 of port A: 1'1
  Constant input on bit 442 of port A: 1'1
  Constant input on bit 443 of port A: 1'1
  Constant input on bit 444 of port A: 1'1
  Constant input on bit 445 of port A: 1'1
  Constant input on bit 446 of port A: 1'1
  Constant input on bit 447 of port A: 1'1
  Constant input on bit 448 of port A: 1'1
  Constant input on bit 449 of port A: 1'1
  Constant input on bit 450 of port A: 1'1
  Constant input on bit 451 of port A: 1'1
  Constant input on bit 452 of port A: 1'1
  Constant input on bit 453 of port A: 1'1
  Constant input on bit 454 of port A: 1'1
  Constant input on bit 455 of port A: 1'1
  Constant input on bit 456 of port A: 1'1
  Constant input on bit 457 of port A: 1'1
  Constant input on bit 458 of port A: 1'1
  Constant input on bit 459 of port A: 1'1
  Constant input on bit 460 of port A: 1'1
  Constant input on bit 461 of port A: 1'1
  Constant input on bit 462 of port A: 1'1
  Constant input on bit 463 of port A: 1'1
  Constant input on bit 464 of port A: 1'1
  Constant input on bit 465 of port A: 1'1
  Constant input on bit 466 of port A: 1'1
  Constant input on bit 467 of port A: 1'1
  Constant input on bit 468 of port A: 1'1
  Constant input on bit 469 of port A: 1'1
  Constant input on bit 470 of port A: 1'1
  Constant input on bit 471 of port A: 1'1
  Constant input on bit 472 of port A: 1'1
  Constant input on bit 473 of port A: 1'1
  Constant input on bit 474 of port A: 1'1
  Constant input on bit 475 of port A: 1'1
  Constant input on bit 476 of port A: 1'1
  Constant input on bit 477 of port A: 1'1
  Constant input on bit 478 of port A: 1'1
  Constant input on bit 479 of port A: 1'1
  Constant input on bit 480 of port A: 1'1
  Constant input on bit 481 of port A: 1'1
  Constant input on bit 482 of port A: 1'1
  Constant input on bit 483 of port A: 1'1
  Constant input on bit 484 of port A: 1'1
  Constant input on bit 485 of port A: 1'1
  Constant input on bit 486 of port A: 1'1
  Constant input on bit 487 of port A: 1'1
  Constant input on bit 488 of port A: 1'1
  Constant input on bit 489 of port A: 1'1
  Constant input on bit 490 of port A: 1'1
  Constant input on bit 491 of port A: 1'1
  Constant input on bit 492 of port A: 1'1
  Constant input on bit 493 of port A: 1'1
  Constant input on bit 494 of port A: 1'1
  Constant input on bit 495 of port A: 1'1
  Constant input on bit 496 of port A: 1'1
  Constant input on bit 497 of port A: 1'1
  Constant input on bit 498 of port A: 1'1
  Constant input on bit 499 of port A: 1'1
  Constant input on bit 500 of port A: 1'1
  Constant input on bit 501 of port A: 1'1
  Constant input on bit 502 of port A: 1'1
  Constant input on bit 503 of port A: 1'1
  Constant input on bit 504 of port A: 1'1
  Constant input on bit 505 of port A: 1'1
  Constant input on bit 506 of port A: 1'1
  Constant input on bit 507 of port A: 1'1
  Constant input on bit 508 of port A: 1'1
  Constant input on bit 509 of port A: 1'1
  Constant input on bit 510 of port A: 1'1
  Constant input on bit 511 of port A: 1'1
  Constant input on bit 512 of port A: 1'1
  Constant input on bit 513 of port A: 1'1
  Constant input on bit 514 of port A: 1'1
  Constant input on bit 515 of port A: 1'1
  Constant input on bit 516 of port A: 1'1
  Constant input on bit 517 of port A: 1'1
  Constant input on bit 518 of port A: 1'1
  Constant input on bit 519 of port A: 1'1
  Constant input on bit 520 of port A: 1'1
  Constant input on bit 521 of port A: 1'1
  Constant input on bit 522 of port A: 1'1
  Constant input on bit 523 of port A: 1'1
  Constant input on bit 524 of port A: 1'1
  Constant input on bit 525 of port A: 1'1
  Constant input on bit 526 of port A: 1'1
  Constant input on bit 527 of port A: 1'1
  Constant input on bit 528 of port A: 1'1
  Constant input on bit 529 of port A: 1'1
  Constant input on bit 530 of port A: 1'1
  Constant input on bit 531 of port A: 1'1
  Constant input on bit 532 of port A: 1'1
  Constant input on bit 533 of port A: 1'1
  Constant input on bit 534 of port A: 1'1
  Constant input on bit 535 of port A: 1'1
  Constant input on bit 536 of port A: 1'1
  Constant input on bit 537 of port A: 1'1
  Constant input on bit 538 of port A: 1'1
  Constant input on bit 539 of port A: 1'1
  Constant input on bit 540 of port A: 1'1
  Constant input on bit 541 of port A: 1'1
  Constant input on bit 542 of port A: 1'1
  Constant input on bit 543 of port A: 1'1
  Constant input on bit 544 of port A: 1'1
  Constant input on bit 545 of port A: 1'1
  Constant input on bit 546 of port A: 1'1
  Constant input on bit 547 of port A: 1'1
  Constant input on bit 548 of port A: 1'1
  Constant input on bit 549 of port A: 1'1
  Constant input on bit 550 of port A: 1'1
  Constant input on bit 551 of port A: 1'1
  Constant input on bit 552 of port A: 1'1
  Constant input on bit 553 of port A: 1'1
  Constant input on bit 554 of port A: 1'1
  Constant input on bit 555 of port A: 1'1
  Constant input on bit 556 of port A: 1'1
  Constant input on bit 557 of port A: 1'1
  Constant input on bit 558 of port A: 1'1
  Constant input on bit 559 of port A: 1'1
  Constant input on bit 560 of port A: 1'1
  Constant input on bit 561 of port A: 1'1
  Constant input on bit 562 of port A: 1'1
  Constant input on bit 563 of port A: 1'1
  Constant input on bit 564 of port A: 1'1
  Constant input on bit 565 of port A: 1'1
  Constant input on bit 566 of port A: 1'1
  Constant input on bit 567 of port A: 1'1
  Constant input on bit 568 of port A: 1'1
  Constant input on bit 569 of port A: 1'1
  Constant input on bit 570 of port A: 1'1
  Constant input on bit 571 of port A: 1'1
  Constant input on bit 572 of port A: 1'1
  Constant input on bit 573 of port A: 1'1
  Constant input on bit 574 of port A: 1'1
  Constant input on bit 575 of port A: 1'1
  Constant input on bit 576 of port A: 1'1
  Constant input on bit 577 of port A: 1'1
  Constant input on bit 578 of port A: 1'1
  Constant input on bit 579 of port A: 1'1
  Constant input on bit 580 of port A: 1'1
  Constant input on bit 581 of port A: 1'1
  Constant input on bit 582 of port A: 1'1
  Constant input on bit 583 of port A: 1'1
  Constant input on bit 584 of port A: 1'1
  Constant input on bit 585 of port A: 1'1
  Constant input on bit 586 of port A: 1'1
  Constant input on bit 587 of port A: 1'1
  Constant input on bit 588 of port A: 1'1
  Constant input on bit 589 of port A: 1'1
  Constant input on bit 590 of port A: 1'1
  Constant input on bit 591 of port A: 1'1
  Constant input on bit 592 of port A: 1'1
  Constant input on bit 593 of port A: 1'1
  Constant input on bit 594 of port A: 1'1
  Constant input on bit 595 of port A: 1'1
  Constant input on bit 596 of port A: 1'1
  Constant input on bit 597 of port A: 1'1
  Constant input on bit 598 of port A: 1'1
  Constant input on bit 599 of port A: 1'1
  Constant input on bit 600 of port A: 1'1
  Constant input on bit 601 of port A: 1'1
  Constant input on bit 602 of port A: 1'1
  Constant input on bit 603 of port A: 1'1
  Constant input on bit 604 of port A: 1'1
  Constant input on bit 605 of port A: 1'1
  Constant input on bit 606 of port A: 1'1
  Constant input on bit 607 of port A: 1'1
  Constant input on bit 608 of port A: 1'1
  Constant input on bit 609 of port A: 1'1
  Constant input on bit 610 of port A: 1'1
  Constant input on bit 611 of port A: 1'1
  Constant input on bit 612 of port A: 1'1
  Constant input on bit 613 of port A: 1'1
  Constant input on bit 614 of port A: 1'1
  Constant input on bit 615 of port A: 1'1
  Constant input on bit 616 of port A: 1'1
  Constant input on bit 617 of port A: 1'1
  Constant input on bit 618 of port A: 1'1
  Constant input on bit 619 of port A: 1'1
  Constant input on bit 620 of port A: 1'1
  Constant input on bit 621 of port A: 1'1
  Constant input on bit 622 of port A: 1'1
  Constant input on bit 623 of port A: 1'1
  Constant input on bit 624 of port A: 1'1
  Constant input on bit 625 of port A: 1'1
  Constant input on bit 626 of port A: 1'1
  Constant input on bit 627 of port A: 1'1
  Constant input on bit 628 of port A: 1'1
  Constant input on bit 629 of port A: 1'1
  Constant input on bit 630 of port A: 1'1
  Constant input on bit 631 of port A: 1'1
  Constant input on bit 632 of port A: 1'1
  Constant input on bit 633 of port A: 1'1
  Constant input on bit 634 of port A: 1'1
  Constant input on bit 635 of port A: 1'1
  Constant input on bit 636 of port A: 1'1
  Constant input on bit 637 of port A: 1'1
  Constant input on bit 638 of port A: 1'1
  Constant input on bit 639 of port A: 1'1
  Constant input on bit 640 of port A: 1'1
  Constant input on bit 641 of port A: 1'1
  Constant input on bit 642 of port A: 1'1
  Constant input on bit 643 of port A: 1'1
  Constant input on bit 644 of port A: 1'1
  Constant input on bit 645 of port A: 1'1
  Constant input on bit 646 of port A: 1'1
  Constant input on bit 647 of port A: 1'1
  Constant input on bit 648 of port A: 1'1
  Constant input on bit 649 of port A: 1'1
  Constant input on bit 650 of port A: 1'1
  Constant input on bit 651 of port A: 1'1
  Constant input on bit 652 of port A: 1'1
  Constant input on bit 653 of port A: 1'1
  Constant input on bit 654 of port A: 1'1
  Constant input on bit 655 of port A: 1'1
  Constant input on bit 656 of port A: 1'1
  Constant input on bit 657 of port A: 1'1
  Constant input on bit 658 of port A: 1'1
  Constant input on bit 659 of port A: 1'1
  Constant input on bit 660 of port A: 1'1
  Constant input on bit 661 of port A: 1'1
  Constant input on bit 662 of port A: 1'1
  Constant input on bit 663 of port A: 1'1
  Constant input on bit 664 of port A: 1'1
  Constant input on bit 665 of port A: 1'1
  Constant input on bit 666 of port A: 1'1
  Constant input on bit 667 of port A: 1'1
  Constant input on bit 668 of port A: 1'1
  Constant input on bit 669 of port A: 1'1
  Constant input on bit 670 of port A: 1'1
  Constant input on bit 671 of port A: 1'1
  Constant input on bit 672 of port A: 1'1
  Constant input on bit 673 of port A: 1'1
  Constant input on bit 674 of port A: 1'1
  Constant input on bit 675 of port A: 1'1
  Constant input on bit 676 of port A: 1'1
  Constant input on bit 677 of port A: 1'1
  Constant input on bit 678 of port A: 1'1
  Constant input on bit 679 of port A: 1'1
  Constant input on bit 680 of port A: 1'1
  Constant input on bit 681 of port A: 1'1
  Constant input on bit 682 of port A: 1'1
  Constant input on bit 683 of port A: 1'1
  Constant input on bit 684 of port A: 1'1
  Constant input on bit 685 of port A: 1'1
  Constant input on bit 686 of port A: 1'1
  Constant input on bit 687 of port A: 1'1
  Constant input on bit 688 of port A: 1'1
  Constant input on bit 689 of port A: 1'1
  Constant input on bit 690 of port A: 1'1
  Constant input on bit 691 of port A: 1'1
  Constant input on bit 692 of port A: 1'1
  Constant input on bit 693 of port A: 1'1
  Constant input on bit 694 of port A: 1'1
  Constant input on bit 695 of port A: 1'1
  Constant input on bit 696 of port A: 1'1
  Constant input on bit 697 of port A: 1'1
  Constant input on bit 698 of port A: 1'1
  Constant input on bit 699 of port A: 1'1
  Constant input on bit 700 of port A: 1'1
  Constant input on bit 701 of port A: 1'1
  Constant input on bit 702 of port A: 1'1
  Constant input on bit 703 of port A: 1'1
  Constant input on bit 704 of port A: 1'1
  Constant input on bit 705 of port A: 1'1
  Constant input on bit 706 of port A: 1'1
  Constant input on bit 707 of port A: 1'1
  Constant input on bit 708 of port A: 1'1
  Constant input on bit 709 of port A: 1'1
  Constant input on bit 710 of port A: 1'1
  Constant input on bit 711 of port A: 1'1
  Constant input on bit 712 of port A: 1'1
  Constant input on bit 713 of port A: 1'1
  Constant input on bit 714 of port A: 1'1
  Constant input on bit 715 of port A: 1'1
  Constant input on bit 716 of port A: 1'1
  Constant input on bit 717 of port A: 1'1
  Constant input on bit 718 of port A: 1'1
  Constant input on bit 719 of port A: 1'1
  Constant input on bit 720 of port A: 1'1
  Constant input on bit 721 of port A: 1'1
  Constant input on bit 722 of port A: 1'1
  Constant input on bit 723 of port A: 1'1
  Constant input on bit 724 of port A: 1'1
  Constant input on bit 725 of port A: 1'1
  Constant input on bit 726 of port A: 1'1
  Constant input on bit 727 of port A: 1'1
  Constant input on bit 728 of port A: 1'1
  Constant input on bit 729 of port A: 1'1
  Constant input on bit 730 of port A: 1'1
  Constant input on bit 731 of port A: 1'1
  Constant input on bit 732 of port A: 1'1
  Constant input on bit 733 of port A: 1'1
  Constant input on bit 734 of port A: 1'1
  Constant input on bit 735 of port A: 1'1
  Constant input on bit 736 of port A: 1'1
  Constant input on bit 737 of port A: 1'1
  Constant input on bit 738 of port A: 1'1
  Constant input on bit 739 of port A: 1'1
  Constant input on bit 740 of port A: 1'1
  Constant input on bit 741 of port A: 1'1
  Constant input on bit 742 of port A: 1'1
  Constant input on bit 743 of port A: 1'1
  Constant input on bit 744 of port A: 1'1
  Constant input on bit 745 of port A: 1'1
  Constant input on bit 746 of port A: 1'1
  Constant input on bit 747 of port A: 1'1
  Constant input on bit 748 of port A: 1'1
  Constant input on bit 749 of port A: 1'1
  Constant input on bit 750 of port A: 1'1
  Constant input on bit 751 of port A: 1'1
  Constant input on bit 752 of port A: 1'1
  Constant input on bit 753 of port A: 1'1
  Constant input on bit 754 of port A: 1'1
  Constant input on bit 755 of port A: 1'1
  Constant input on bit 756 of port A: 1'1
  Constant input on bit 757 of port A: 1'1
  Constant input on bit 758 of port A: 1'1
  Constant input on bit 759 of port A: 1'1
  Constant input on bit 760 of port A: 1'1
  Constant input on bit 761 of port A: 1'1
  Constant input on bit 762 of port A: 1'1
  Constant input on bit 763 of port A: 1'1
  Constant input on bit 764 of port A: 1'1
  Constant input on bit 765 of port A: 1'1
  Constant input on bit 766 of port A: 1'1
  Constant input on bit 767 of port A: 1'1
  Constant input on bit 768 of port A: 1'1
  Constant input on bit 769 of port A: 1'1
  Constant input on bit 770 of port A: 1'1
  Constant input on bit 771 of port A: 1'1
  Constant input on bit 772 of port A: 1'1
  Constant input on bit 773 of port A: 1'1
  Constant input on bit 774 of port A: 1'1
  Constant input on bit 775 of port A: 1'1
  Constant input on bit 776 of port A: 1'1
  Constant input on bit 777 of port A: 1'1
  Constant input on bit 778 of port A: 1'1
  Constant input on bit 779 of port A: 1'1
  Constant input on bit 780 of port A: 1'1
  Constant input on bit 781 of port A: 1'1
  Constant input on bit 782 of port A: 1'1
  Constant input on bit 783 of port A: 1'1
  Constant input on bit 784 of port A: 1'1
  Constant input on bit 785 of port A: 1'1
  Constant input on bit 786 of port A: 1'1
  Constant input on bit 787 of port A: 1'1
  Constant input on bit 788 of port A: 1'1
  Constant input on bit 789 of port A: 1'1
  Constant input on bit 790 of port A: 1'1
  Constant input on bit 791 of port A: 1'1
  Constant input on bit 792 of port A: 1'1
  Constant input on bit 793 of port A: 1'1
  Constant input on bit 794 of port A: 1'1
  Constant input on bit 795 of port A: 1'1
  Constant input on bit 796 of port A: 1'1
  Constant input on bit 797 of port A: 1'1
  Constant input on bit 798 of port A: 1'1
  Constant input on bit 799 of port A: 1'1
  Constant input on bit 800 of port A: 1'1
  Constant input on bit 801 of port A: 1'1
  Constant input on bit 802 of port A: 1'1
  Constant input on bit 803 of port A: 1'1
  Constant input on bit 804 of port A: 1'1
  Constant input on bit 805 of port A: 1'1
  Constant input on bit 806 of port A: 1'1
  Constant input on bit 807 of port A: 1'1
  Constant input on bit 808 of port A: 1'1
  Constant input on bit 809 of port A: 1'1
  Constant input on bit 810 of port A: 1'1
  Constant input on bit 811 of port A: 1'1
  Constant input on bit 812 of port A: 1'1
  Constant input on bit 813 of port A: 1'1
  Constant input on bit 814 of port A: 1'1
  Constant input on bit 815 of port A: 1'1
  Constant input on bit 816 of port A: 1'1
  Constant input on bit 817 of port A: 1'1
  Constant input on bit 818 of port A: 1'1
  Constant input on bit 819 of port A: 1'1
  Constant input on bit 820 of port A: 1'1
  Constant input on bit 821 of port A: 1'1
  Constant input on bit 822 of port A: 1'1
  Constant input on bit 823 of port A: 1'1
  Constant input on bit 824 of port A: 1'1
  Constant input on bit 825 of port A: 1'1
  Constant input on bit 826 of port A: 1'1
  Constant input on bit 827 of port A: 1'1
  Constant input on bit 828 of port A: 1'1
  Constant input on bit 829 of port A: 1'1
  Constant input on bit 830 of port A: 1'1
  Constant input on bit 831 of port A: 1'1
  Constant input on bit 832 of port A: 1'1
  Constant input on bit 833 of port A: 1'1
  Constant input on bit 834 of port A: 1'1
  Constant input on bit 835 of port A: 1'1
  Constant input on bit 836 of port A: 1'1
  Constant input on bit 837 of port A: 1'1
  Constant input on bit 838 of port A: 1'1
  Constant input on bit 839 of port A: 1'1
  Constant input on bit 840 of port A: 1'1
  Constant input on bit 841 of port A: 1'1
  Constant input on bit 842 of port A: 1'1
  Constant input on bit 843 of port A: 1'1
  Constant input on bit 844 of port A: 1'1
  Constant input on bit 845 of port A: 1'1
  Constant input on bit 846 of port A: 1'1
  Constant input on bit 847 of port A: 1'1
  Constant input on bit 848 of port A: 1'1
  Constant input on bit 849 of port A: 1'1
  Constant input on bit 850 of port A: 1'1
  Constant input on bit 851 of port A: 1'1
  Constant input on bit 852 of port A: 1'1
  Constant input on bit 853 of port A: 1'1
  Constant input on bit 854 of port A: 1'1
  Constant input on bit 855 of port A: 1'1
  Constant input on bit 856 of port A: 1'1
  Constant input on bit 857 of port A: 1'1
  Constant input on bit 858 of port A: 1'1
  Constant input on bit 859 of port A: 1'1
  Constant input on bit 860 of port A: 1'1
  Constant input on bit 861 of port A: 1'1
  Constant input on bit 862 of port A: 1'1
  Constant input on bit 863 of port A: 1'1
  Constant input on bit 864 of port A: 1'1
  Constant input on bit 865 of port A: 1'1
  Constant input on bit 866 of port A: 1'1
  Constant input on bit 867 of port A: 1'1
  Constant input on bit 868 of port A: 1'1
  Constant input on bit 869 of port A: 1'1
  Constant input on bit 870 of port A: 1'1
  Constant input on bit 871 of port A: 1'1
  Constant input on bit 872 of port A: 1'1
  Constant input on bit 873 of port A: 1'1
  Constant input on bit 874 of port A: 1'1
  Constant input on bit 875 of port A: 1'1
  Constant input on bit 876 of port A: 1'1
  Constant input on bit 877 of port A: 1'1
  Constant input on bit 878 of port A: 1'1
  Constant input on bit 879 of port A: 1'1
  Constant input on bit 880 of port A: 1'1
  Constant input on bit 881 of port A: 1'1
  Constant input on bit 882 of port A: 1'1
  Constant input on bit 883 of port A: 1'1
  Constant input on bit 884 of port A: 1'1
  Constant input on bit 885 of port A: 1'1
  Constant input on bit 886 of port A: 1'1
  Constant input on bit 887 of port A: 1'1
  Constant input on bit 888 of port A: 1'1
  Constant input on bit 889 of port A: 1'1
  Constant input on bit 890 of port A: 1'1
  Constant input on bit 891 of port A: 1'1
  Constant input on bit 892 of port A: 1'1
  Constant input on bit 893 of port A: 1'1
  Constant input on bit 894 of port A: 1'1
  Constant input on bit 895 of port A: 1'1
  Constant input on bit 896 of port A: 1'1
  Constant input on bit 897 of port A: 1'1
  Constant input on bit 898 of port A: 1'1
  Constant input on bit 899 of port A: 1'1
  Constant input on bit 900 of port A: 1'1
  Constant input on bit 901 of port A: 1'1
  Constant input on bit 902 of port A: 1'1
  Constant input on bit 903 of port A: 1'1
  Constant input on bit 904 of port A: 1'1
  Constant input on bit 905 of port A: 1'1
  Constant input on bit 906 of port A: 1'1
  Constant input on bit 907 of port A: 1'1
  Constant input on bit 908 of port A: 1'1
  Constant input on bit 909 of port A: 1'1
  Constant input on bit 910 of port A: 1'1
  Constant input on bit 911 of port A: 1'1
  Constant input on bit 912 of port A: 1'1
  Constant input on bit 913 of port A: 1'1
  Constant input on bit 914 of port A: 1'1
  Constant input on bit 915 of port A: 1'1
  Constant input on bit 916 of port A: 1'1
  Constant input on bit 917 of port A: 1'1
  Constant input on bit 918 of port A: 1'1
  Constant input on bit 919 of port A: 1'1
  Constant input on bit 920 of port A: 1'1
  Constant input on bit 921 of port A: 1'1
  Constant input on bit 922 of port A: 1'1
  Constant input on bit 923 of port A: 1'1
  Constant input on bit 924 of port A: 1'1
  Constant input on bit 925 of port A: 1'1
  Constant input on bit 926 of port A: 1'1
  Constant input on bit 927 of port A: 1'1
  Constant input on bit 928 of port A: 1'1
  Constant input on bit 929 of port A: 1'1
  Constant input on bit 930 of port A: 1'1
  Constant input on bit 931 of port A: 1'1
  Constant input on bit 932 of port A: 1'1
  Constant input on bit 933 of port A: 1'1
  Constant input on bit 934 of port A: 1'1
  Constant input on bit 935 of port A: 1'1
  Constant input on bit 936 of port A: 1'1
  Constant input on bit 937 of port A: 1'1
  Constant input on bit 938 of port A: 1'1
  Constant input on bit 939 of port A: 1'1
  Constant input on bit 940 of port A: 1'1
  Constant input on bit 941 of port A: 1'1
  Constant input on bit 942 of port A: 1'1
  Constant input on bit 943 of port A: 1'1
  Constant input on bit 944 of port A: 1'1
  Constant input on bit 945 of port A: 1'1
  Constant input on bit 946 of port A: 1'1
  Constant input on bit 947 of port A: 1'1
  Constant input on bit 948 of port A: 1'1
  Constant input on bit 949 of port A: 1'1
  Constant input on bit 950 of port A: 1'1
  Constant input on bit 951 of port A: 1'1
  Constant input on bit 952 of port A: 1'1
  Constant input on bit 953 of port A: 1'1
  Constant input on bit 954 of port A: 1'1
  Constant input on bit 955 of port A: 1'1
  Constant input on bit 956 of port A: 1'1
  Constant input on bit 957 of port A: 1'1
  Constant input on bit 958 of port A: 1'1
  Constant input on bit 959 of port A: 1'1
  Constant input on bit 960 of port A: 1'1
  Constant input on bit 961 of port A: 1'1
  Constant input on bit 962 of port A: 1'1
  Constant input on bit 963 of port A: 1'1
  Constant input on bit 964 of port A: 1'1
  Constant input on bit 965 of port A: 1'1
  Constant input on bit 966 of port A: 1'1
  Constant input on bit 967 of port A: 1'1
  Constant input on bit 968 of port A: 1'1
  Constant input on bit 969 of port A: 1'1
  Constant input on bit 970 of port A: 1'1
  Constant input on bit 971 of port A: 1'1
  Constant input on bit 972 of port A: 1'1
  Constant input on bit 973 of port A: 1'1
  Constant input on bit 974 of port A: 1'1
  Constant input on bit 975 of port A: 1'1
  Constant input on bit 976 of port A: 1'1
  Constant input on bit 977 of port A: 1'1
  Constant input on bit 978 of port A: 1'1
  Constant input on bit 979 of port A: 1'1
  Constant input on bit 980 of port A: 1'1
  Constant input on bit 981 of port A: 1'1
  Constant input on bit 982 of port A: 1'1
  Constant input on bit 983 of port A: 1'1
  Constant input on bit 984 of port A: 1'1
  Constant input on bit 985 of port A: 1'1
  Constant input on bit 986 of port A: 1'1
  Constant input on bit 987 of port A: 1'1
  Constant input on bit 988 of port A: 1'1
  Constant input on bit 989 of port A: 1'1
  Constant input on bit 990 of port A: 1'1
  Constant input on bit 991 of port A: 1'1
  Constant input on bit 992 of port A: 1'1
  Constant input on bit 993 of port A: 1'1
  Constant input on bit 994 of port A: 1'1
  Constant input on bit 995 of port A: 1'1
  Constant input on bit 996 of port A: 1'1
  Constant input on bit 997 of port A: 1'1
  Constant input on bit 998 of port A: 1'1
  Constant input on bit 999 of port A: 1'1
  Constant input on bit 1000 of port A: 1'1
  Constant input on bit 1001 of port A: 1'1
  Constant input on bit 1002 of port A: 1'1
  Constant input on bit 1003 of port A: 1'1
  Constant input on bit 1004 of port A: 1'1
  Constant input on bit 1005 of port A: 1'1
  Constant input on bit 1006 of port A: 1'1
  Constant input on bit 1007 of port A: 1'1
  Constant input on bit 1008 of port A: 1'1
  Constant input on bit 1009 of port A: 1'1
  Constant input on bit 1010 of port A: 1'1
  Constant input on bit 1011 of port A: 1'1
  Constant input on bit 1012 of port A: 1'1
  Constant input on bit 1013 of port A: 1'1
  Constant input on bit 1014 of port A: 1'1
  Constant input on bit 1015 of port A: 1'1
  Constant input on bit 1016 of port A: 1'1
  Constant input on bit 1017 of port A: 1'1
  Constant input on bit 1018 of port A: 1'1
  Constant input on bit 1019 of port A: 1'1
  Constant input on bit 1020 of port A: 1'1
  Constant input on bit 1021 of port A: 1'1
  Constant input on bit 1022 of port A: 1'1
  Constant input on bit 1023 of port A: 1'1
  Constant input on bit 1024 of port A: 1'1
  Constant input on bit 1025 of port A: 1'1
  Constant input on bit 1026 of port A: 1'1
  Constant input on bit 1027 of port A: 1'1
  Constant input on bit 1028 of port A: 1'1
  Constant input on bit 1029 of port A: 1'1
  Constant input on bit 1030 of port A: 1'1
  Constant input on bit 1031 of port A: 1'1
  Constant input on bit 1032 of port A: 1'1
  Constant input on bit 1033 of port A: 1'1
  Constant input on bit 1034 of port A: 1'1
  Constant input on bit 1035 of port A: 1'1
  Constant input on bit 1036 of port A: 1'1
  Constant input on bit 1037 of port A: 1'1
  Constant input on bit 1038 of port A: 1'1
  Constant input on bit 1039 of port A: 1'1
  Constant input on bit 1040 of port A: 1'1
  Constant input on bit 1041 of port A: 1'1
  Constant input on bit 1042 of port A: 1'1
  Constant input on bit 1043 of port A: 1'1
  Constant input on bit 1044 of port A: 1'1
  Constant input on bit 1045 of port A: 1'1
  Constant input on bit 1046 of port A: 1'1
  Constant input on bit 1047 of port A: 1'1
  Constant input on bit 1048 of port A: 1'1
  Constant input on bit 1049 of port A: 1'1
  Constant input on bit 1050 of port A: 1'1
  Constant input on bit 1051 of port A: 1'1
  Constant input on bit 1052 of port A: 1'1
  Constant input on bit 1053 of port A: 1'1
  Constant input on bit 1054 of port A: 1'1
  Constant input on bit 1055 of port A: 1'1
  Constant input on bit 1056 of port A: 1'1
  Constant input on bit 1057 of port A: 1'1
  Constant input on bit 1058 of port A: 1'1
  Constant input on bit 1059 of port A: 1'1
  Constant input on bit 1060 of port A: 1'1
  Constant input on bit 1061 of port A: 1'1
  Constant input on bit 1062 of port A: 1'1
  Constant input on bit 1063 of port A: 1'1
  Constant input on bit 1064 of port A: 1'1
  Constant input on bit 1065 of port A: 1'1
  Constant input on bit 1066 of port A: 1'1
  Constant input on bit 1067 of port A: 1'1
  Constant input on bit 1068 of port A: 1'1
  Constant input on bit 1069 of port A: 1'1
  Constant input on bit 1070 of port A: 1'1
  Constant input on bit 1071 of port A: 1'1
  Constant input on bit 1072 of port A: 1'1
  Constant input on bit 1073 of port A: 1'1
  Constant input on bit 1074 of port A: 1'1
  Constant input on bit 1075 of port A: 1'1
  Constant input on bit 1076 of port A: 1'1
  Constant input on bit 1077 of port A: 1'1
  Constant input on bit 1078 of port A: 1'1
  Constant input on bit 1079 of port A: 1'1
  Constant input on bit 1080 of port A: 1'1
  Constant input on bit 1081 of port A: 1'1
  Constant input on bit 1082 of port A: 1'1
  Constant input on bit 1083 of port A: 1'1
  Constant input on bit 1084 of port A: 1'1
  Constant input on bit 1085 of port A: 1'1
  Constant input on bit 1086 of port A: 1'1
  Constant input on bit 1087 of port A: 1'1
  Constant input on bit 1088 of port A: 1'1
  Constant input on bit 1089 of port A: 1'1
  Constant input on bit 1090 of port A: 1'1
  Constant input on bit 1091 of port A: 1'1
  Constant input on bit 1092 of port A: 1'1
  Constant input on bit 1093 of port A: 1'1
  Constant input on bit 1094 of port A: 1'1
  Constant input on bit 1095 of port A: 1'1
  Constant input on bit 1096 of port A: 1'1
  Constant input on bit 1097 of port A: 1'1
  Constant input on bit 1098 of port A: 1'1
  Constant input on bit 1099 of port A: 1'1
  Constant input on bit 1100 of port A: 1'1
  Constant input on bit 1101 of port A: 1'1
  Constant input on bit 1102 of port A: 1'1
  Constant input on bit 1103 of port A: 1'1
  Constant input on bit 1104 of port A: 1'1
  Constant input on bit 1105 of port A: 1'1
  Constant input on bit 1106 of port A: 1'1
  Constant input on bit 1107 of port A: 1'1
  Constant input on bit 1108 of port A: 1'1
  Constant input on bit 1109 of port A: 1'1
  Constant input on bit 1110 of port A: 1'1
  Constant input on bit 1111 of port A: 1'1
  Constant input on bit 1112 of port A: 1'1
  Constant input on bit 1113 of port A: 1'1
  Constant input on bit 1114 of port A: 1'1
  Constant input on bit 1115 of port A: 1'1
  Constant input on bit 1116 of port A: 1'1
  Constant input on bit 1117 of port A: 1'1
  Constant input on bit 1118 of port A: 1'1
  Constant input on bit 1119 of port A: 1'1
  Constant input on bit 1120 of port A: 1'1
  Constant input on bit 1121 of port A: 1'1
  Constant input on bit 1122 of port A: 1'1
  Constant input on bit 1123 of port A: 1'1
  Constant input on bit 1124 of port A: 1'1
  Constant input on bit 1125 of port A: 1'1
  Constant input on bit 1126 of port A: 1'1
  Constant input on bit 1127 of port A: 1'1
  Constant input on bit 1128 of port A: 1'1
  Constant input on bit 1129 of port A: 1'1
  Constant input on bit 1130 of port A: 1'1
  Constant input on bit 1131 of port A: 1'1
  Constant input on bit 1132 of port A: 1'1
  Constant input on bit 1133 of port A: 1'1
  Constant input on bit 1134 of port A: 1'1
  Constant input on bit 1135 of port A: 1'1
  Constant input on bit 1136 of port A: 1'1
  Constant input on bit 1137 of port A: 1'1
  Constant input on bit 1138 of port A: 1'1
  Constant input on bit 1139 of port A: 1'1
  Constant input on bit 1140 of port A: 1'1
  Constant input on bit 1141 of port A: 1'1
  Constant input on bit 1142 of port A: 1'1
  Constant input on bit 1143 of port A: 1'1
  Constant input on bit 1144 of port A: 1'1
  Constant input on bit 1145 of port A: 1'1
  Constant input on bit 1146 of port A: 1'1
  Constant input on bit 1147 of port A: 1'1
  Constant input on bit 1148 of port A: 1'1
  Constant input on bit 1149 of port A: 1'1
  Constant input on bit 1150 of port A: 1'1
  Constant input on bit 1151 of port A: 1'1
  Constant input on bit 1152 of port A: 1'1
  Constant input on bit 1153 of port A: 1'1
  Constant input on bit 1154 of port A: 1'1
  Constant input on bit 1155 of port A: 1'1
  Constant input on bit 1156 of port A: 1'1
  Constant input on bit 1157 of port A: 1'1
  Constant input on bit 1158 of port A: 1'1
  Constant input on bit 1159 of port A: 1'1
  Constant input on bit 1160 of port A: 1'1
  Constant input on bit 1161 of port A: 1'1
  Constant input on bit 1162 of port A: 1'1
  Constant input on bit 1163 of port A: 1'1
  Constant input on bit 1164 of port A: 1'1
  Constant input on bit 1165 of port A: 1'1
  Constant input on bit 1166 of port A: 1'1
  Constant input on bit 1167 of port A: 1'1
  Constant input on bit 1168 of port A: 1'1
  Constant input on bit 1169 of port A: 1'1
  Constant input on bit 1170 of port A: 1'1
  Constant input on bit 1171 of port A: 1'1
  Constant input on bit 1172 of port A: 1'1
  Constant input on bit 1173 of port A: 1'1
  Constant input on bit 1174 of port A: 1'1
  Constant input on bit 1175 of port A: 1'1
  Constant input on bit 1176 of port A: 1'1
  Constant input on bit 1177 of port A: 1'1
  Constant input on bit 1178 of port A: 1'1
  Constant input on bit 1179 of port A: 1'1
  Constant input on bit 1180 of port A: 1'1
  Constant input on bit 1181 of port A: 1'1
  Constant input on bit 1182 of port A: 1'1
  Constant input on bit 1183 of port A: 1'1
  Constant input on bit 1184 of port A: 1'1
  Constant input on bit 1185 of port A: 1'1
  Constant input on bit 1186 of port A: 1'1
  Constant input on bit 1187 of port A: 1'1
  Constant input on bit 1188 of port A: 1'1
  Constant input on bit 1189 of port A: 1'1
  Constant input on bit 1190 of port A: 1'1
  Constant input on bit 1191 of port A: 1'1
  Constant input on bit 1192 of port A: 1'1
  Constant input on bit 1193 of port A: 1'1
  Constant input on bit 1194 of port A: 1'1
  Constant input on bit 1195 of port A: 1'1
  Constant input on bit 1196 of port A: 1'1
  Constant input on bit 1197 of port A: 1'1
  Constant input on bit 1198 of port A: 1'1
  Constant input on bit 1199 of port A: 1'1
  Constant input on bit 1200 of port A: 1'1
  Constant input on bit 1201 of port A: 1'1
  Constant input on bit 1202 of port A: 1'1
  Constant input on bit 1203 of port A: 1'1
  Constant input on bit 1204 of port A: 1'1
  Constant input on bit 1205 of port A: 1'1
  Constant input on bit 1206 of port A: 1'1
  Constant input on bit 1207 of port A: 1'1
  Constant input on bit 1208 of port A: 1'1
  Constant input on bit 1209 of port A: 1'1
  Constant input on bit 1210 of port A: 1'1
  Constant input on bit 1211 of port A: 1'1
  Constant input on bit 1212 of port A: 1'1
  Constant input on bit 1213 of port A: 1'1
  Constant input on bit 1214 of port A: 1'1
  Constant input on bit 1215 of port A: 1'1
  Constant input on bit 1216 of port A: 1'1
  Constant input on bit 1217 of port A: 1'1
  Constant input on bit 1218 of port A: 1'1
  Constant input on bit 1219 of port A: 1'1
  Constant input on bit 1220 of port A: 1'1
  Constant input on bit 1221 of port A: 1'1
  Constant input on bit 1222 of port A: 1'1
  Constant input on bit 1223 of port A: 1'1
  Constant input on bit 1224 of port A: 1'1
  Constant input on bit 1225 of port A: 1'1
  Constant input on bit 1226 of port A: 1'1
  Constant input on bit 1227 of port A: 1'1
  Constant input on bit 1228 of port A: 1'1
  Constant input on bit 1229 of port A: 1'1
  Constant input on bit 1230 of port A: 1'1
  Constant input on bit 1231 of port A: 1'1
  Constant input on bit 1232 of port A: 1'1
  Constant input on bit 1233 of port A: 1'1
  Constant input on bit 1234 of port A: 1'1
  Constant input on bit 1235 of port A: 1'1
  Constant input on bit 1236 of port A: 1'1
  Constant input on bit 1237 of port A: 1'1
  Constant input on bit 1238 of port A: 1'1
  Constant input on bit 1239 of port A: 1'1
  Constant input on bit 1240 of port A: 1'1
  Constant input on bit 1241 of port A: 1'1
  Constant input on bit 1242 of port A: 1'1
  Constant input on bit 1243 of port A: 1'1
  Constant input on bit 1244 of port A: 1'1
  Constant input on bit 1245 of port A: 1'1
  Constant input on bit 1246 of port A: 1'1
  Constant input on bit 1247 of port A: 1'1
  Constant input on bit 1248 of port A: 1'1
  Constant input on bit 1249 of port A: 1'1
  Constant input on bit 1250 of port A: 1'1
  Constant input on bit 1251 of port A: 1'1
  Constant input on bit 1252 of port A: 1'1
  Constant input on bit 1253 of port A: 1'1
  Constant input on bit 1254 of port A: 1'1
  Constant input on bit 1255 of port A: 1'1
  Constant input on bit 1256 of port A: 1'1
  Constant input on bit 1257 of port A: 1'1
  Constant input on bit 1258 of port A: 1'1
  Constant input on bit 1259 of port A: 1'1
  Constant input on bit 1260 of port A: 1'1
  Constant input on bit 1261 of port A: 1'1
  Constant input on bit 1262 of port A: 1'1
  Constant input on bit 1263 of port A: 1'1
  Constant input on bit 1264 of port A: 1'1
  Constant input on bit 1265 of port A: 1'1
  Constant input on bit 1266 of port A: 1'1
  Constant input on bit 1267 of port A: 1'1
  Constant input on bit 1268 of port A: 1'1
  Constant input on bit 1269 of port A: 1'1
  Constant input on bit 1270 of port A: 1'1
  Constant input on bit 1271 of port A: 1'1
  Constant input on bit 1272 of port A: 1'1
  Constant input on bit 1273 of port A: 1'1
  Constant input on bit 1274 of port A: 1'1
  Constant input on bit 1275 of port A: 1'1
  Constant input on bit 1276 of port A: 1'1
  Constant input on bit 1277 of port A: 1'1
  Constant input on bit 1278 of port A: 1'1
  Constant input on bit 1279 of port A: 1'1
  Constant input on bit 1280 of port A: 1'1
  Constant input on bit 1281 of port A: 1'1
  Constant input on bit 1282 of port A: 1'1
  Constant input on bit 1283 of port A: 1'1
  Constant input on bit 1284 of port A: 1'1
  Constant input on bit 1285 of port A: 1'1
  Constant input on bit 1286 of port A: 1'1
  Constant input on bit 1287 of port A: 1'1
  Constant input on bit 1288 of port A: 1'1
  Constant input on bit 1289 of port A: 1'1
  Constant input on bit 1290 of port A: 1'1
  Constant input on bit 1291 of port A: 1'1
  Constant input on bit 1292 of port A: 1'1
  Constant input on bit 1293 of port A: 1'1
  Constant input on bit 1294 of port A: 1'1
  Constant input on bit 1295 of port A: 1'1
  Constant input on bit 1296 of port A: 1'1
  Constant input on bit 1297 of port A: 1'1
  Constant input on bit 1298 of port A: 1'1
  Constant input on bit 1299 of port A: 1'1
  Constant input on bit 1300 of port A: 1'1
  Constant input on bit 1301 of port A: 1'1
  Constant input on bit 1302 of port A: 1'1
  Constant input on bit 1303 of port A: 1'1
  Constant input on bit 1304 of port A: 1'1
  Constant input on bit 1305 of port A: 1'1
  Constant input on bit 1306 of port A: 1'1
  Constant input on bit 1307 of port A: 1'1
  Constant input on bit 1308 of port A: 1'1
  Constant input on bit 1309 of port A: 1'1
  Constant input on bit 1310 of port A: 1'1
  Constant input on bit 1311 of port A: 1'1
  Constant input on bit 1312 of port A: 1'1
  Constant input on bit 1313 of port A: 1'1
  Constant input on bit 1314 of port A: 1'1
  Constant input on bit 1315 of port A: 1'1
  Constant input on bit 1316 of port A: 1'1
  Constant input on bit 1317 of port A: 1'1
  Constant input on bit 1318 of port A: 1'1
  Constant input on bit 1319 of port A: 1'1
  Constant input on bit 1320 of port A: 1'1
  Constant input on bit 1321 of port A: 1'1
  Constant input on bit 1322 of port A: 1'1
  Constant input on bit 1323 of port A: 1'1
  Constant input on bit 1324 of port A: 1'1
  Constant input on bit 1325 of port A: 1'1
  Constant input on bit 1326 of port A: 1'1
  Constant input on bit 1327 of port A: 1'1
  Constant input on bit 1328 of port A: 1'1
  Constant input on bit 1329 of port A: 1'1
  Constant input on bit 1330 of port A: 1'1
  Constant input on bit 1331 of port A: 1'1
  Constant input on bit 1332 of port A: 1'1
  Constant input on bit 1333 of port A: 1'1
  Constant input on bit 1334 of port A: 1'1
  Constant input on bit 1335 of port A: 1'1
  Constant input on bit 1336 of port A: 1'1
  Constant input on bit 1337 of port A: 1'1
  Constant input on bit 1338 of port A: 1'1
  Constant input on bit 1339 of port A: 1'1
  Constant input on bit 1340 of port A: 1'1
  Constant input on bit 1341 of port A: 1'1
  Constant input on bit 1342 of port A: 1'1
  Constant input on bit 1343 of port A: 1'1
  Constant input on bit 1344 of port A: 1'1
  Constant input on bit 1345 of port A: 1'1
  Constant input on bit 1346 of port A: 1'1
  Constant input on bit 1347 of port A: 1'1
  Constant input on bit 1348 of port A: 1'1
  Constant input on bit 1349 of port A: 1'1
  Constant input on bit 1350 of port A: 1'1
  Constant input on bit 1351 of port A: 1'1
  Constant input on bit 1352 of port A: 1'1
  Constant input on bit 1353 of port A: 1'1
  Constant input on bit 1354 of port A: 1'1
  Constant input on bit 1355 of port A: 1'1
  Constant input on bit 1356 of port A: 1'1
  Constant input on bit 1357 of port A: 1'1
  Constant input on bit 1358 of port A: 1'1
  Constant input on bit 1359 of port A: 1'1
  Constant input on bit 1360 of port A: 1'1
  Constant input on bit 1361 of port A: 1'1
  Constant input on bit 1362 of port A: 1'1
  Constant input on bit 1363 of port A: 1'1
  Constant input on bit 1364 of port A: 1'1
  Constant input on bit 1365 of port A: 1'1
  Constant input on bit 1366 of port A: 1'1
  Constant input on bit 1367 of port A: 1'1
  Constant input on bit 1368 of port A: 1'1
  Constant input on bit 1369 of port A: 1'1
  Constant input on bit 1370 of port A: 1'1
  Constant input on bit 1371 of port A: 1'1
  Constant input on bit 1372 of port A: 1'1
  Constant input on bit 1373 of port A: 1'1
  Constant input on bit 1374 of port A: 1'1
  Constant input on bit 1375 of port A: 1'1
  Constant input on bit 1376 of port A: 1'1
  Constant input on bit 1377 of port A: 1'1
  Constant input on bit 1378 of port A: 1'1
  Constant input on bit 1379 of port A: 1'1
  Constant input on bit 1380 of port A: 1'1
  Constant input on bit 1381 of port A: 1'1
  Constant input on bit 1382 of port A: 1'1
  Constant input on bit 1383 of port A: 1'1
  Constant input on bit 1384 of port A: 1'1
  Constant input on bit 1385 of port A: 1'1
  Constant input on bit 1386 of port A: 1'1
  Constant input on bit 1387 of port A: 1'1
  Constant input on bit 1388 of port A: 1'1
  Constant input on bit 1389 of port A: 1'1
  Constant input on bit 1390 of port A: 1'1
  Constant input on bit 1391 of port A: 1'1
  Constant input on bit 1392 of port A: 1'1
  Constant input on bit 1393 of port A: 1'1
  Constant input on bit 1394 of port A: 1'1
  Constant input on bit 1395 of port A: 1'1
  Constant input on bit 1396 of port A: 1'1
  Constant input on bit 1397 of port A: 1'1
  Constant input on bit 1398 of port A: 1'1
  Constant input on bit 1399 of port A: 1'1
  Constant input on bit 1400 of port A: 1'1
  Constant input on bit 1401 of port A: 1'1
  Constant input on bit 1402 of port A: 1'1
  Constant input on bit 1403 of port A: 1'1
  Constant input on bit 1404 of port A: 1'1
  Constant input on bit 1405 of port A: 1'1
  Constant input on bit 1406 of port A: 1'1
  Constant input on bit 1407 of port A: 1'1
  Constant input on bit 1408 of port A: 1'1
  Constant input on bit 1409 of port A: 1'1
  Constant input on bit 1410 of port A: 1'1
  Constant input on bit 1411 of port A: 1'1
  Constant input on bit 1412 of port A: 1'1
  Constant input on bit 1413 of port A: 1'1
  Constant input on bit 1414 of port A: 1'1
  Constant input on bit 1415 of port A: 1'1
  Constant input on bit 1416 of port A: 1'1
  Constant input on bit 1417 of port A: 1'1
  Constant input on bit 1418 of port A: 1'1
  Constant input on bit 1419 of port A: 1'1
  Constant input on bit 1420 of port A: 1'1
  Constant input on bit 1421 of port A: 1'1
  Constant input on bit 1422 of port A: 1'1
  Constant input on bit 1423 of port A: 1'1
  Constant input on bit 1424 of port A: 1'1
  Constant input on bit 1425 of port A: 1'1
  Constant input on bit 1426 of port A: 1'1
  Constant input on bit 1427 of port A: 1'1
  Constant input on bit 1428 of port A: 1'1
  Constant input on bit 1429 of port A: 1'1
  Constant input on bit 1430 of port A: 1'1
  Constant input on bit 1431 of port A: 1'1
  Constant input on bit 1432 of port A: 1'1
  Constant input on bit 1433 of port A: 1'1
  Constant input on bit 1434 of port A: 1'1
  Constant input on bit 1435 of port A: 1'1
  Constant input on bit 1436 of port A: 1'1
  Constant input on bit 1437 of port A: 1'1
  Constant input on bit 1438 of port A: 1'1
  Constant input on bit 1439 of port A: 1'1
  Constant input on bit 1440 of port A: 1'1
  Constant input on bit 1441 of port A: 1'1
  Constant input on bit 1442 of port A: 1'1
  Constant input on bit 1443 of port A: 1'1
  Constant input on bit 1444 of port A: 1'1
  Constant input on bit 1445 of port A: 1'1
  Constant input on bit 1446 of port A: 1'1
  Constant input on bit 1447 of port A: 1'1
  Constant input on bit 1448 of port A: 1'1
  Constant input on bit 1449 of port A: 1'1
  Constant input on bit 1450 of port A: 1'1
  Constant input on bit 1451 of port A: 1'1
  Constant input on bit 1452 of port A: 1'1
  Constant input on bit 1453 of port A: 1'1
  Constant input on bit 1454 of port A: 1'1
  Constant input on bit 1455 of port A: 1'1
  Constant input on bit 1456 of port A: 1'1
  Constant input on bit 1457 of port A: 1'1
  Constant input on bit 1458 of port A: 1'1
  Constant input on bit 1459 of port A: 1'1
  Constant input on bit 1460 of port A: 1'1
  Constant input on bit 1461 of port A: 1'1
  Constant input on bit 1462 of port A: 1'1
  Constant input on bit 1463 of port A: 1'1
  Constant input on bit 1464 of port A: 1'1
  Constant input on bit 1465 of port A: 1'1
  Constant input on bit 1466 of port A: 1'1
  Constant input on bit 1467 of port A: 1'1
  Constant input on bit 1468 of port A: 1'1
  Constant input on bit 1469 of port A: 1'1
  Constant input on bit 1470 of port A: 1'1
  Constant input on bit 1471 of port A: 1'1
  Constant input on bit 1472 of port A: 1'1
  Constant input on bit 1473 of port A: 1'1
  Constant input on bit 1474 of port A: 1'1
  Constant input on bit 1475 of port A: 1'1
  Constant input on bit 1476 of port A: 1'1
  Constant input on bit 1477 of port A: 1'1
  Constant input on bit 1478 of port A: 1'1
  Constant input on bit 1479 of port A: 1'1
  Constant input on bit 1480 of port A: 1'1
  Constant input on bit 1481 of port A: 1'1
  Constant input on bit 1482 of port A: 1'1
  Constant input on bit 1483 of port A: 1'1
  Constant input on bit 1484 of port A: 1'1
  Constant input on bit 1485 of port A: 1'1
  Constant input on bit 1486 of port A: 1'1
  Constant input on bit 1487 of port A: 1'1
  Constant input on bit 1488 of port A: 1'1
  Constant input on bit 1489 of port A: 1'1
  Constant input on bit 1490 of port A: 1'1
  Constant input on bit 1491 of port A: 1'1
  Constant input on bit 1492 of port A: 1'1
  Constant input on bit 1493 of port A: 1'1
  Constant input on bit 1494 of port A: 1'1
  Constant input on bit 1495 of port A: 1'1
  Constant input on bit 1496 of port A: 1'1
  Constant input on bit 1497 of port A: 1'1
  Constant input on bit 1498 of port A: 1'1
  Constant input on bit 1499 of port A: 1'1
  Constant input on bit 1500 of port A: 1'1
  Constant input on bit 1501 of port A: 1'1
  Constant input on bit 1502 of port A: 1'1
  Constant input on bit 1503 of port A: 1'1
  Constant input on bit 1504 of port A: 1'1
  Constant input on bit 1505 of port A: 1'1
  Constant input on bit 1506 of port A: 1'1
  Constant input on bit 1507 of port A: 1'1
  Constant input on bit 1508 of port A: 1'1
  Constant input on bit 1509 of port A: 1'1
  Constant input on bit 1510 of port A: 1'1
  Constant input on bit 1511 of port A: 1'1
  Constant input on bit 1512 of port A: 1'1
  Constant input on bit 1513 of port A: 1'1
  Constant input on bit 1514 of port A: 1'1
  Constant input on bit 1515 of port A: 1'1
  Constant input on bit 1516 of port A: 1'1
  Constant input on bit 1517 of port A: 1'1
  Constant input on bit 1518 of port A: 1'1
  Constant input on bit 1519 of port A: 1'1
  Constant input on bit 1520 of port A: 1'1
  Constant input on bit 1521 of port A: 1'1
  Constant input on bit 1522 of port A: 1'1
  Constant input on bit 1523 of port A: 1'1
  Constant input on bit 1524 of port A: 1'1
  Constant input on bit 1525 of port A: 1'1
  Constant input on bit 1526 of port A: 1'1
  Constant input on bit 1527 of port A: 1'1
  Constant input on bit 1528 of port A: 1'1
  Constant input on bit 1529 of port A: 1'1
  Constant input on bit 1530 of port A: 1'1
  Constant input on bit 1531 of port A: 1'1
  Constant input on bit 1532 of port A: 1'1
  Constant input on bit 1533 of port A: 1'1
  Constant input on bit 1534 of port A: 1'1
  Constant input on bit 1535 of port A: 1'1
  Constant input on bit 1536 of port A: 1'1
  Constant input on bit 1537 of port A: 1'1
  Constant input on bit 1538 of port A: 1'1
  Constant input on bit 1539 of port A: 1'1
  Constant input on bit 1540 of port A: 1'1
  Constant input on bit 1541 of port A: 1'1
  Constant input on bit 1542 of port A: 1'1
  Constant input on bit 1543 of port A: 1'1
  Constant input on bit 1544 of port A: 1'1
  Constant input on bit 1545 of port A: 1'1
  Constant input on bit 1546 of port A: 1'1
  Constant input on bit 1547 of port A: 1'1
  Constant input on bit 1548 of port A: 1'1
  Constant input on bit 1549 of port A: 1'1
  Constant input on bit 1550 of port A: 1'1
  Constant input on bit 1551 of port A: 1'1
  Constant input on bit 1552 of port A: 1'1
  Constant input on bit 1553 of port A: 1'1
  Constant input on bit 1554 of port A: 1'1
  Constant input on bit 1555 of port A: 1'1
  Constant input on bit 1556 of port A: 1'1
  Constant input on bit 1557 of port A: 1'1
  Constant input on bit 1558 of port A: 1'1
  Constant input on bit 1559 of port A: 1'1
  Constant input on bit 1560 of port A: 1'1
  Constant input on bit 1561 of port A: 1'1
  Constant input on bit 1562 of port A: 1'1
  Constant input on bit 1563 of port A: 1'1
  Constant input on bit 1564 of port A: 1'1
  Constant input on bit 1565 of port A: 1'1
  Constant input on bit 1566 of port A: 1'1
  Constant input on bit 1567 of port A: 1'1
  Constant input on bit 1568 of port A: 1'1
  Constant input on bit 1569 of port A: 1'1
  Constant input on bit 1570 of port A: 1'1
  Constant input on bit 1571 of port A: 1'1
  Constant input on bit 1572 of port A: 1'1
  Constant input on bit 1573 of port A: 1'1
  Constant input on bit 1574 of port A: 1'1
  Constant input on bit 1575 of port A: 1'1
  Constant input on bit 1576 of port A: 1'1
  Constant input on bit 1577 of port A: 1'1
  Constant input on bit 1578 of port A: 1'1
  Constant input on bit 1579 of port A: 1'1
  Constant input on bit 1580 of port A: 1'1
  Constant input on bit 1581 of port A: 1'1
  Constant input on bit 1582 of port A: 1'1
  Constant input on bit 1583 of port A: 1'1
  Constant input on bit 1584 of port A: 1'1
  Constant input on bit 1585 of port A: 1'1
  Constant input on bit 1586 of port A: 1'1
  Constant input on bit 1587 of port A: 1'1
  Constant input on bit 1588 of port A: 1'1
  Constant input on bit 1589 of port A: 1'1
  Constant input on bit 1590 of port A: 1'1
  Constant input on bit 1591 of port A: 1'1
  Constant input on bit 1592 of port A: 1'1
  Constant input on bit 1593 of port A: 1'1
  Constant input on bit 1594 of port A: 1'1
  Constant input on bit 1595 of port A: 1'1
  Constant input on bit 1596 of port A: 1'1
  Constant input on bit 1597 of port A: 1'1
  Constant input on bit 1598 of port A: 1'1
  Constant input on bit 1599 of port A: 1'1
  Constant input on bit 1600 of port A: 1'1
  Constant input on bit 1601 of port A: 1'1
  Constant input on bit 1602 of port A: 1'1
  Constant input on bit 1603 of port A: 1'1
  Constant input on bit 1604 of port A: 1'1
  Constant input on bit 1605 of port A: 1'1
  Constant input on bit 1606 of port A: 1'1
  Constant input on bit 1607 of port A: 1'1
  Constant input on bit 1608 of port A: 1'1
  Constant input on bit 1609 of port A: 1'1
  Constant input on bit 1610 of port A: 1'1
  Constant input on bit 1611 of port A: 1'1
  Constant input on bit 1612 of port A: 1'1
  Constant input on bit 1613 of port A: 1'1
  Constant input on bit 1614 of port A: 1'1
  Constant input on bit 1615 of port A: 1'1
  Constant input on bit 1616 of port A: 1'1
  Constant input on bit 1617 of port A: 1'1
  Constant input on bit 1618 of port A: 1'1
  Constant input on bit 1619 of port A: 1'1
  Constant input on bit 1620 of port A: 1'1
  Constant input on bit 1621 of port A: 1'1
  Constant input on bit 1622 of port A: 1'1
  Constant input on bit 1623 of port A: 1'1
  Constant input on bit 1624 of port A: 1'1
  Constant input on bit 1625 of port A: 1'1
  Constant input on bit 1626 of port A: 1'1
  Constant input on bit 1627 of port A: 1'1
  Constant input on bit 1628 of port A: 1'1
  Constant input on bit 1629 of port A: 1'1
  Constant input on bit 1630 of port A: 1'1
  Constant input on bit 1631 of port A: 1'1
  Constant input on bit 1632 of port A: 1'1
  Constant input on bit 1633 of port A: 1'1
  Constant input on bit 1634 of port A: 1'1
  Constant input on bit 1635 of port A: 1'1
  Constant input on bit 1636 of port A: 1'1
  Constant input on bit 1637 of port A: 1'1
  Constant input on bit 1638 of port A: 1'1
  Constant input on bit 1639 of port A: 1'1
  Constant input on bit 1640 of port A: 1'1
  Constant input on bit 1641 of port A: 1'1
  Constant input on bit 1642 of port A: 1'1
  Constant input on bit 1643 of port A: 1'1
  Constant input on bit 1644 of port A: 1'1
  Constant input on bit 1645 of port A: 1'1
  Constant input on bit 1646 of port A: 1'1
  Constant input on bit 1647 of port A: 1'1
  Constant input on bit 1648 of port A: 1'1
  Constant input on bit 1649 of port A: 1'1
  Constant input on bit 1650 of port A: 1'1
  Constant input on bit 1651 of port A: 1'1
  Constant input on bit 1652 of port A: 1'1
  Constant input on bit 1653 of port A: 1'1
  Constant input on bit 1654 of port A: 1'1
  Constant input on bit 1655 of port A: 1'1
  Constant input on bit 1656 of port A: 1'1
  Constant input on bit 1657 of port A: 1'1
  Constant input on bit 1658 of port A: 1'1
  Constant input on bit 1659 of port A: 1'1
  Constant input on bit 1660 of port A: 1'1
  Constant input on bit 1661 of port A: 1'1
  Constant input on bit 1662 of port A: 1'1
  Constant input on bit 1663 of port A: 1'1
  Constant input on bit 1664 of port A: 1'1
  Constant input on bit 1665 of port A: 1'1
  Constant input on bit 1666 of port A: 1'1
  Constant input on bit 1667 of port A: 1'1
  Constant input on bit 1668 of port A: 1'1
  Constant input on bit 1669 of port A: 1'1
  Constant input on bit 1670 of port A: 1'1
  Constant input on bit 1671 of port A: 1'1
  Constant input on bit 1672 of port A: 1'1
  Constant input on bit 1673 of port A: 1'1
  Constant input on bit 1674 of port A: 1'1
  Constant input on bit 1675 of port A: 1'1
  Constant input on bit 1676 of port A: 1'1
  Constant input on bit 1677 of port A: 1'1
  Constant input on bit 1678 of port A: 1'1
  Constant input on bit 1679 of port A: 1'1
  Constant input on bit 1680 of port A: 1'1
  Constant input on bit 1681 of port A: 1'1
  Constant input on bit 1682 of port A: 1'1
  Constant input on bit 1683 of port A: 1'1
  Constant input on bit 1684 of port A: 1'1
  Constant input on bit 1685 of port A: 1'1
  Constant input on bit 1686 of port A: 1'1
  Constant input on bit 1687 of port A: 1'1
  Constant input on bit 1688 of port A: 1'1
  Constant input on bit 1689 of port A: 1'1
  Constant input on bit 1690 of port A: 1'1
  Constant input on bit 1691 of port A: 1'1
  Constant input on bit 1692 of port A: 1'1
  Constant input on bit 1693 of port A: 1'1
  Constant input on bit 1694 of port A: 1'1
  Constant input on bit 1695 of port A: 1'1
  Constant input on bit 1696 of port A: 1'1
  Constant input on bit 1697 of port A: 1'1
  Constant input on bit 1698 of port A: 1'1
  Constant input on bit 1699 of port A: 1'1
  Constant input on bit 1700 of port A: 1'1
  Constant input on bit 1701 of port A: 1'1
  Constant input on bit 1702 of port A: 1'1
  Constant input on bit 1703 of port A: 1'1
  Constant input on bit 1704 of port A: 1'1
  Constant input on bit 1705 of port A: 1'1
  Constant input on bit 1706 of port A: 1'1
  Constant input on bit 1707 of port A: 1'1
  Constant input on bit 1708 of port A: 1'1
  Constant input on bit 1709 of port A: 1'1
  Constant input on bit 1710 of port A: 1'1
  Constant input on bit 1711 of port A: 1'1
  Constant input on bit 1712 of port A: 1'1
  Constant input on bit 1713 of port A: 1'1
  Constant input on bit 1714 of port A: 1'1
  Constant input on bit 1715 of port A: 1'1
  Constant input on bit 1716 of port A: 1'1
  Constant input on bit 1717 of port A: 1'1
  Constant input on bit 1718 of port A: 1'1
  Constant input on bit 1719 of port A: 1'1
  Constant input on bit 1720 of port A: 1'1
  Constant input on bit 1721 of port A: 1'1
  Constant input on bit 1722 of port A: 1'1
  Constant input on bit 1723 of port A: 1'1
  Constant input on bit 1724 of port A: 1'1
  Constant input on bit 1725 of port A: 1'1
  Constant input on bit 1726 of port A: 1'1
  Constant input on bit 1727 of port A: 1'1
  Constant input on bit 1728 of port A: 1'1
  Constant input on bit 1729 of port A: 1'1
  Constant input on bit 1730 of port A: 1'1
  Constant input on bit 1731 of port A: 1'1
  Constant input on bit 1732 of port A: 1'1
  Constant input on bit 1733 of port A: 1'1
  Constant input on bit 1734 of port A: 1'1
  Constant input on bit 1735 of port A: 1'1
  Constant input on bit 1736 of port A: 1'1
  Constant input on bit 1737 of port A: 1'1
  Constant input on bit 1738 of port A: 1'1
  Constant input on bit 1739 of port A: 1'1
  Constant input on bit 1740 of port A: 1'1
  Constant input on bit 1741 of port A: 1'1
  Constant input on bit 1742 of port A: 1'1
  Constant input on bit 1743 of port A: 1'1
  Constant input on bit 1744 of port A: 1'1
  Constant input on bit 1745 of port A: 1'1
  Constant input on bit 1746 of port A: 1'1
  Constant input on bit 1747 of port A: 1'1
  Constant input on bit 1748 of port A: 1'1
  Constant input on bit 1749 of port A: 1'1
  Constant input on bit 1750 of port A: 1'1
  Constant input on bit 1751 of port A: 1'1
  Constant input on bit 1752 of port A: 1'1
  Constant input on bit 1753 of port A: 1'1
  Constant input on bit 1754 of port A: 1'1
  Constant input on bit 1755 of port A: 1'1
  Constant input on bit 1756 of port A: 1'1
  Constant input on bit 1757 of port A: 1'1
  Constant input on bit 1758 of port A: 1'1
  Constant input on bit 1759 of port A: 1'1
  Constant input on bit 1760 of port A: 1'1
  Constant input on bit 1761 of port A: 1'1
  Constant input on bit 1762 of port A: 1'1
  Constant input on bit 1763 of port A: 1'1
  Constant input on bit 1764 of port A: 1'1
  Constant input on bit 1765 of port A: 1'1
  Constant input on bit 1766 of port A: 1'1
  Constant input on bit 1767 of port A: 1'1
  Constant input on bit 1768 of port A: 1'1
  Constant input on bit 1769 of port A: 1'1
  Constant input on bit 1770 of port A: 1'1
  Constant input on bit 1771 of port A: 1'1
  Constant input on bit 1772 of port A: 1'1
  Constant input on bit 1773 of port A: 1'1
  Constant input on bit 1774 of port A: 1'1
  Constant input on bit 1775 of port A: 1'1
  Constant input on bit 1776 of port A: 1'1
  Constant input on bit 1777 of port A: 1'1
  Constant input on bit 1778 of port A: 1'1
  Constant input on bit 1779 of port A: 1'1
  Constant input on bit 1780 of port A: 1'1
  Constant input on bit 1781 of port A: 1'1
  Constant input on bit 1782 of port A: 1'1
  Constant input on bit 1783 of port A: 1'1
  Constant input on bit 1784 of port A: 1'1
  Constant input on bit 1785 of port A: 1'1
  Constant input on bit 1786 of port A: 1'1
  Constant input on bit 1787 of port A: 1'1
  Constant input on bit 1788 of port A: 1'1
  Constant input on bit 1789 of port A: 1'1
  Constant input on bit 1790 of port A: 1'1
  Constant input on bit 1791 of port A: 1'1
  Constant input on bit 1792 of port A: 1'1
  Constant input on bit 1793 of port A: 1'1
  Constant input on bit 1794 of port A: 1'1
  Constant input on bit 1795 of port A: 1'1
  Constant input on bit 1796 of port A: 1'1
  Constant input on bit 1797 of port A: 1'1
  Constant input on bit 1798 of port A: 1'1
  Constant input on bit 1799 of port A: 1'1
  Constant input on bit 1800 of port A: 1'1
  Constant input on bit 1801 of port A: 1'1
  Constant input on bit 1802 of port A: 1'1
  Constant input on bit 1803 of port A: 1'1
  Constant input on bit 1804 of port A: 1'1
  Constant input on bit 1805 of port A: 1'1
  Constant input on bit 1806 of port A: 1'1
  Constant input on bit 1807 of port A: 1'1
  Constant input on bit 1808 of port A: 1'1
  Constant input on bit 1809 of port A: 1'1
  Constant input on bit 1810 of port A: 1'1
  Constant input on bit 1811 of port A: 1'1
  Constant input on bit 1812 of port A: 1'1
  Constant input on bit 1813 of port A: 1'1
  Constant input on bit 1814 of port A: 1'1
  Constant input on bit 1815 of port A: 1'1
  Constant input on bit 1816 of port A: 1'1
  Constant input on bit 1817 of port A: 1'1
  Constant input on bit 1818 of port A: 1'1
  Constant input on bit 1819 of port A: 1'1
  Constant input on bit 1820 of port A: 1'1
  Constant input on bit 1821 of port A: 1'1
  Constant input on bit 1822 of port A: 1'1
  Constant input on bit 1823 of port A: 1'1
  Constant input on bit 1824 of port A: 1'1
  Constant input on bit 1825 of port A: 1'1
  Constant input on bit 1826 of port A: 1'1
  Constant input on bit 1827 of port A: 1'1
  Constant input on bit 1828 of port A: 1'1
  Constant input on bit 1829 of port A: 1'1
  Constant input on bit 1830 of port A: 1'1
  Constant input on bit 1831 of port A: 1'1
  Constant input on bit 1832 of port A: 1'1
  Constant input on bit 1833 of port A: 1'1
  Constant input on bit 1834 of port A: 1'1
  Constant input on bit 1835 of port A: 1'1
  Constant input on bit 1836 of port A: 1'1
  Constant input on bit 1837 of port A: 1'1
  Constant input on bit 1838 of port A: 1'1
  Constant input on bit 1839 of port A: 1'1
  Constant input on bit 1840 of port A: 1'1
  Constant input on bit 1841 of port A: 1'1
  Constant input on bit 1842 of port A: 1'1
  Constant input on bit 1843 of port A: 1'1
  Constant input on bit 1844 of port A: 1'1
  Constant input on bit 1845 of port A: 1'1
  Constant input on bit 1846 of port A: 1'1
  Constant input on bit 1847 of port A: 1'1
  Constant input on bit 1848 of port A: 1'1
  Constant input on bit 1849 of port A: 1'1
  Constant input on bit 1850 of port A: 1'1
  Constant input on bit 1851 of port A: 1'1
  Constant input on bit 1852 of port A: 1'1
  Constant input on bit 1853 of port A: 1'1
  Constant input on bit 1854 of port A: 1'1
  Constant input on bit 1855 of port A: 1'1
  Constant input on bit 1856 of port A: 1'1
  Constant input on bit 1857 of port A: 1'1
  Constant input on bit 1858 of port A: 1'1
  Constant input on bit 1859 of port A: 1'1
  Constant input on bit 1860 of port A: 1'1
  Constant input on bit 1861 of port A: 1'1
  Constant input on bit 1862 of port A: 1'1
  Constant input on bit 1863 of port A: 1'1
  Constant input on bit 1864 of port A: 1'1
  Constant input on bit 1865 of port A: 1'1
  Constant input on bit 1866 of port A: 1'1
  Constant input on bit 1867 of port A: 1'1
  Constant input on bit 1868 of port A: 1'1
  Constant input on bit 1869 of port A: 1'1
  Constant input on bit 1870 of port A: 1'1
  Constant input on bit 1871 of port A: 1'1
  Constant input on bit 1872 of port A: 1'1
  Constant input on bit 1873 of port A: 1'1
  Constant input on bit 1874 of port A: 1'1
  Constant input on bit 1875 of port A: 1'1
  Constant input on bit 1876 of port A: 1'1
  Constant input on bit 1877 of port A: 1'1
  Constant input on bit 1878 of port A: 1'1
  Constant input on bit 1879 of port A: 1'1
  Constant input on bit 1880 of port A: 1'1
  Constant input on bit 1881 of port A: 1'1
  Constant input on bit 1882 of port A: 1'1
  Constant input on bit 1883 of port A: 1'1
  Constant input on bit 1884 of port A: 1'1
  Constant input on bit 1885 of port A: 1'1
  Constant input on bit 1886 of port A: 1'1
  Constant input on bit 1887 of port A: 1'1
  Constant input on bit 1888 of port A: 1'1
  Constant input on bit 1889 of port A: 1'1
  Constant input on bit 1890 of port A: 1'1
  Constant input on bit 1891 of port A: 1'1
  Constant input on bit 1892 of port A: 1'1
  Constant input on bit 1893 of port A: 1'1
  Constant input on bit 1894 of port A: 1'1
  Constant input on bit 1895 of port A: 1'1
  Constant input on bit 1896 of port A: 1'1
  Constant input on bit 1897 of port A: 1'1
  Constant input on bit 1898 of port A: 1'1
  Constant input on bit 1899 of port A: 1'1
  Constant input on bit 1900 of port A: 1'1
  Constant input on bit 1901 of port A: 1'1
  Constant input on bit 1902 of port A: 1'1
  Constant input on bit 1903 of port A: 1'1
  Constant input on bit 1904 of port A: 1'1
  Constant input on bit 1905 of port A: 1'1
  Constant input on bit 1906 of port A: 1'1
  Constant input on bit 1907 of port A: 1'1
  Constant input on bit 1908 of port A: 1'1
  Constant input on bit 1909 of port A: 1'1
  Constant input on bit 1910 of port A: 1'1
  Constant input on bit 1911 of port A: 1'1
  Constant input on bit 1912 of port A: 1'1
  Constant input on bit 1913 of port A: 1'1
  Constant input on bit 1914 of port A: 1'1
  Constant input on bit 1915 of port A: 1'1
  Constant input on bit 1916 of port A: 1'1
  Constant input on bit 1917 of port A: 1'1
  Constant input on bit 1918 of port A: 1'1
  Constant input on bit 1919 of port A: 1'1
  Constant input on bit 1920 of port A: 1'1
  Constant input on bit 1921 of port A: 1'1
  Constant input on bit 1922 of port A: 1'1
  Constant input on bit 1923 of port A: 1'1
  Constant input on bit 1924 of port A: 1'1
  Constant input on bit 1925 of port A: 1'1
  Constant input on bit 1926 of port A: 1'1
  Constant input on bit 1927 of port A: 1'1
  Constant input on bit 1928 of port A: 1'1
  Constant input on bit 1929 of port A: 1'1
  Constant input on bit 1930 of port A: 1'1
  Constant input on bit 1931 of port A: 1'1
  Constant input on bit 1932 of port A: 1'1
  Constant input on bit 1933 of port A: 1'1
  Constant input on bit 1934 of port A: 1'1
  Constant input on bit 1935 of port A: 1'1
  Constant input on bit 1936 of port A: 1'1
  Constant input on bit 1937 of port A: 1'1
  Constant input on bit 1938 of port A: 1'1
  Constant input on bit 1939 of port A: 1'1
  Constant input on bit 1940 of port A: 1'1
  Constant input on bit 1941 of port A: 1'1
  Constant input on bit 1942 of port A: 1'1
  Constant input on bit 1943 of port A: 1'1
  Constant input on bit 1944 of port A: 1'1
  Constant input on bit 1945 of port A: 1'1
  Constant input on bit 1946 of port A: 1'1
  Constant input on bit 1947 of port A: 1'1
  Constant input on bit 1948 of port A: 1'1
  Constant input on bit 1949 of port A: 1'1
  Constant input on bit 1950 of port A: 1'1
  Constant input on bit 1951 of port A: 1'1
  Constant input on bit 1952 of port A: 1'1
  Constant input on bit 1953 of port A: 1'1
  Constant input on bit 1954 of port A: 1'1
  Constant input on bit 1955 of port A: 1'1
  Constant input on bit 1956 of port A: 1'1
  Constant input on bit 1957 of port A: 1'1
  Constant input on bit 1958 of port A: 1'1
  Constant input on bit 1959 of port A: 1'1
  Constant input on bit 1960 of port A: 1'1
  Constant input on bit 1961 of port A: 1'1
  Constant input on bit 1962 of port A: 1'1
  Constant input on bit 1963 of port A: 1'1
  Constant input on bit 1964 of port A: 1'1
  Constant input on bit 1965 of port A: 1'1
  Constant input on bit 1966 of port A: 1'1
  Constant input on bit 1967 of port A: 1'1
  Constant input on bit 1968 of port A: 1'1
  Constant input on bit 1969 of port A: 1'1
  Constant input on bit 1970 of port A: 1'1
  Constant input on bit 1971 of port A: 1'1
  Constant input on bit 1972 of port A: 1'1
  Constant input on bit 1973 of port A: 1'1
  Constant input on bit 1974 of port A: 1'1
  Constant input on bit 1975 of port A: 1'1
  Constant input on bit 1976 of port A: 1'1
  Constant input on bit 1977 of port A: 1'1
  Constant input on bit 1978 of port A: 1'1
  Constant input on bit 1979 of port A: 1'1
  Constant input on bit 1980 of port A: 1'1
  Constant input on bit 1981 of port A: 1'1
  Constant input on bit 1982 of port A: 1'1
  Constant input on bit 1983 of port A: 1'1
  Constant input on bit 1984 of port A: 1'1
  Constant input on bit 1985 of port A: 1'1
  Constant input on bit 1986 of port A: 1'1
  Constant input on bit 1987 of port A: 1'1
  Constant input on bit 1988 of port A: 1'1
  Constant input on bit 1989 of port A: 1'1
  Constant input on bit 1990 of port A: 1'1
  Constant input on bit 1991 of port A: 1'1
  Constant input on bit 1992 of port A: 1'1
  Constant input on bit 1993 of port A: 1'1
  Constant input on bit 1994 of port A: 1'1
  Constant input on bit 1995 of port A: 1'1
  Constant input on bit 1996 of port A: 1'1
  Constant input on bit 1997 of port A: 1'1
  Constant input on bit 1998 of port A: 1'1
  Constant input on bit 1999 of port A: 1'1
  Constant input on bit 2000 of port A: 1'1
  Constant input on bit 2001 of port A: 1'1
  Constant input on bit 2002 of port A: 1'1
  Constant input on bit 2003 of port A: 1'1
  Constant input on bit 2004 of port A: 1'1
  Constant input on bit 2005 of port A: 1'1
  Constant input on bit 2006 of port A: 1'1
  Constant input on bit 2007 of port A: 1'1
  Constant input on bit 2008 of port A: 1'1
  Constant input on bit 2009 of port A: 1'1
  Constant input on bit 2010 of port A: 1'1
  Constant input on bit 2011 of port A: 1'1
  Constant input on bit 2012 of port A: 1'1
  Constant input on bit 2013 of port A: 1'1
  Constant input on bit 2014 of port A: 1'1
  Constant input on bit 2015 of port A: 1'1
  Constant input on bit 2016 of port A: 1'1
  Constant input on bit 2017 of port A: 1'1
  Constant input on bit 2018 of port A: 1'1
  Constant input on bit 2019 of port A: 1'1
  Constant input on bit 2020 of port A: 1'1
  Constant input on bit 2021 of port A: 1'1
  Constant input on bit 2022 of port A: 1'1
  Constant input on bit 2023 of port A: 1'1
  Constant input on bit 2024 of port A: 1'1
  Constant input on bit 2025 of port A: 1'1
  Constant input on bit 2026 of port A: 1'1
  Constant input on bit 2027 of port A: 1'1
  Constant input on bit 2028 of port A: 1'1
  Constant input on bit 2029 of port A: 1'1
  Constant input on bit 2030 of port A: 1'1
  Constant input on bit 2031 of port A: 1'1
  Constant input on bit 2032 of port A: 1'1
  Constant input on bit 2033 of port A: 1'1
  Constant input on bit 2034 of port A: 1'1
  Constant input on bit 2035 of port A: 1'1
  Constant input on bit 2036 of port A: 1'1
  Constant input on bit 2037 of port A: 1'1
  Constant input on bit 2038 of port A: 1'1
  Constant input on bit 2039 of port A: 1'1
  Constant input on bit 2040 of port A: 1'1
  Constant input on bit 2041 of port A: 1'1
  Constant input on bit 2042 of port A: 1'1
  Constant input on bit 2043 of port A: 1'1
  Constant input on bit 2044 of port A: 1'1
  Constant input on bit 2045 of port A: 1'1
  Constant input on bit 2046 of port A: 1'1
  Constant input on bit 2047 of port A: 1'1
Creating constmapped module `$paramod$constmap:3581dd07aa838894cc02f97fb98493f05b8aa029$paramod$7d00db8a59728ec0e93a9e75d12a59371a9099d5\_90_shift_shiftx'.

12.20. Executing OPT_MUXTREE pass (detect dead branches in mux trees).
Running muxtree optimizer on module $paramod$constmap:3581dd07aa838894cc02f97fb98493f05b8aa029$paramod$7d00db8a59728ec0e93a9e75d12a59371a9099d5\_90_shift_shiftx..
  Creating internal representation of mux trees.
  Evaluating internal representation of mux trees.
  Analyzing evaluation results.
    dead port 1/2 on $mux $procmux$817.
    dead port 2/2 on $mux $procmux$817.
    dead port 1/2 on $mux $procmux$820.
    dead port 2/2 on $mux $procmux$823.
    dead port 2/2 on $mux $procmux$829.
    dead port 2/2 on $mux $procmux$835.
    dead port 2/2 on $mux $procmux$841.
    dead port 2/2 on $mux $procmux$847.
    dead port 1/2 on $mux $procmux$853.
    dead port 2/2 on $mux $procmux$853.
    dead port 1/2 on $mux $procmux$856.
    dead port 1/2 on $mux $procmux$859.
    dead port 2/2 on $mux $procmux$859.
    dead port 1/2 on $mux $procmux$862.
    dead port 1/2 on $mux $procmux$865.
    dead port 2/2 on $mux $procmux$865.
    dead port 1/2 on $mux $procmux$868.
    dead port 1/2 on $mux $procmux$871.
    dead port 2/2 on $mux $procmux$871.
    dead port 1/2 on $mux $procmux$874.
    dead port 1/2 on $mux $procmux$877.
    dead port 2/2 on $mux $procmux$877.
    dead port 1/2 on $mux $procmux$880.
    dead port 1/2 on $mux $procmux$883.
    dead port 2/2 on $mux $procmux$883.
    dead port 1/2 on $mux $procmux$886.
Removed 26 multiplexer ports.
<suppressed ~213 debug messages>

12.21. Executing OPT_EXPR pass (perform const folding).
Optimizing module $paramod$constmap:3581dd07aa838894cc02f97fb98493f05b8aa029$paramod$7d00db8a59728ec0e93a9e75d12a59371a9099d5\_90_shift_shiftx.
<suppressed ~42 debug messages>
Removed 0 unused cells and 64 unused wires.
Using template $paramod$constmap:3581dd07aa838894cc02f97fb98493f05b8aa029$paramod$7d00db8a59728ec0e93a9e75d12a59371a9099d5\_90_shift_shiftx for cells of type $shiftx.
Analyzing pattern of constant bits for this cell:
  Constant input on bit 0 of port B: 1'0
  Constant input on bit 1 of port B: 1'0
  Constant input on bit 2 of port B: 1'0
  Constant input on bit 3 of port B: 1'0
  Constant input on bit 4 of port B: 1'0
  Constant input on bit 5 of port B: 1'0
  Constant input on bit 11 of port B: 1'0
  Constant input on bit 12 of port B: 1'0
  Constant input on bit 13 of port B: 1'0
  Constant input on bit 14 of port B: 1'0
  Constant input on bit 15 of port B: 1'0
  Constant input on bit 16 of port B: 1'0
  Constant input on bit 17 of port B: 1'0
  Constant input on bit 18 of port B: 1'0
  Constant input on bit 19 of port B: 1'0
  Constant input on bit 20 of port B: 1'0
  Constant input on bit 21 of port B: 1'0
  Constant input on bit 22 of port B: 1'0
  Constant input on bit 23 of port B: 1'0
  Constant input on bit 24 of port B: 1'0
  Constant input on bit 25 of port B: 1'0
  Constant input on bit 26 of port B: 1'0
  Constant input on bit 27 of port B: 1'0
  Constant input on bit 28 of port B: 1'0
  Constant input on bit 29 of port B: 1'0
  Constant input on bit 30 of port B: 1'0
  Constant input on bit 31 of port B: 1'0
  Constant input on bit 0 of port A: 1'0
  Constant input on bit 1 of port A: 1'0
  Constant input on bit 2 of port A: 1'0
  Constant input on bit 3 of port A: 1'0
  Constant input on bit 4 of port A: 1'0
  Constant input on bit 5 of port A: 1'0
  Constant input on bit 6 of port A: 1'0
  Constant input on bit 7 of port A: 1'0
  Constant input on bit 8 of port A: 1'0
  Constant input on bit 9 of port A: 1'0
  Constant input on bit 10 of port A: 1'0
  Constant input on bit 11 of port A: 1'0
  Constant input on bit 12 of port A: 1'0
  Constant input on bit 13 of port A: 1'0
  Constant input on bit 14 of port A: 1'0
  Constant input on bit 15 of port A: 1'0
  Constant input on bit 16 of port A: 1'0
  Constant input on bit 17 of port A: 1'0
  Constant input on bit 18 of port A: 1'0
  Constant input on bit 19 of port A: 1'0
  Constant input on bit 20 of port A: 1'0
  Constant input on bit 21 of port A: 1'0
  Constant input on bit 22 of port A: 1'0
  Constant input on bit 23 of port A: 1'0
  Constant input on bit 24 of port A: 1'0
  Constant input on bit 25 of port A: 1'0
  Constant input on bit 26 of port A: 1'0
  Constant input on bit 27 of port A: 1'0
  Constant input on bit 28 of port A: 1'0
  Constant input on bit 29 of port A: 1'0
  Constant input on bit 30 of port A: 1'0
  Constant input on bit 31 of port A: 1'0
  Constant input on bit 32 of port A: 1'0
  Constant input on bit 33 of port A: 1'0
  Constant input on bit 34 of port A: 1'0
  Constant input on bit 35 of port A: 1'0
  Constant input on bit 36 of port A: 1'0
  Constant input on bit 37 of port A: 1'0
  Constant input on bit 38 of port A: 1'0
  Constant input on bit 39 of port A: 1'0
  Constant input on bit 40 of port A: 1'0
  Constant input on bit 41 of port A: 1'0
  Constant input on bit 42 of port A: 1'0
  Constant input on bit 43 of port A: 1'0
  Constant input on bit 44 of port A: 1'0
  Constant input on bit 45 of port A: 1'0
  Constant input on bit 46 of port A: 1'0
  Constant input on bit 47 of port A: 1'0
  Constant input on bit 48 of port A: 1'0
  Constant input on bit 49 of port A: 1'0
  Constant input on bit 50 of port A: 1'0
  Constant input on bit 51 of port A: 1'0
  Constant input on bit 52 of port A: 1'0
  Constant input on bit 53 of port A: 1'0
  Constant input on bit 54 of port A: 1'0
  Constant input on bit 55 of port A: 1'0
  Constant input on bit 56 of port A: 1'0
  Constant input on bit 57 of port A: 1'0
  Constant input on bit 58 of port A: 1'0
  Constant input on bit 59 of port A: 1'0
  Constant input on bit 60 of port A: 1'0
  Constant input on bit 61 of port A: 1'0
  Constant input on bit 62 of port A: 1'0
  Constant input on bit 63 of port A: 1'0
  Constant input on bit 64 of port A: 1'0
  Constant input on bit 65 of port A: 1'0
  Constant input on bit 66 of port A: 1'0
  Constant input on bit 67 of port A: 1'0
  Constant input on bit 68 of port A: 1'0
  Constant input on bit 69 of port A: 1'0
  Constant input on bit 70 of port A: 1'0
  Constant input on bit 71 of port A: 1'0
  Constant input on bit 72 of port A: 1'0
  Constant input on bit 73 of port A: 1'0
  Constant input on bit 74 of port A: 1'0
  Constant input on bit 75 of port A: 1'0
  Constant input on bit 76 of port A: 1'0
  Constant input on bit 77 of port A: 1'0
  Constant input on bit 78 of port A: 1'0
  Constant input on bit 79 of port A: 1'0
  Constant input on bit 80 of port A: 1'0
  Constant input on bit 81 of port A: 1'0
  Constant input on bit 82 of port A: 1'0
  Constant input on bit 83 of port A: 1'0
  Constant input on bit 84 of port A: 1'0
  Constant input on bit 85 of port A: 1'0
  Constant input on bit 86 of port A: 1'0
  Constant input on bit 87 of port A: 1'0
  Constant input on bit 88 of port A: 1'0
  Constant input on bit 89 of port A: 1'0
  Constant input on bit 90 of port A: 1'0
  Constant input on bit 91 of port A: 1'0
  Constant input on bit 92 of port A: 1'0
  Constant input on bit 93 of port A: 1'0
  Constant input on bit 94 of port A: 1'0
  Constant input on bit 95 of port A: 1'0
  Constant input on bit 96 of port A: 1'0
  Constant input on bit 97 of port A: 1'0
  Constant input on bit 98 of port A: 1'0
  Constant input on bit 99 of port A: 1'0
  Constant input on bit 100 of port A: 1'0
  Constant input on bit 101 of port A: 1'0
  Constant input on bit 102 of port A: 1'0
  Constant input on bit 103 of port A: 1'0
  Constant input on bit 104 of port A: 1'0
  Constant input on bit 105 of port A: 1'0
  Constant input on bit 106 of port A: 1'0
  Constant input on bit 107 of port A: 1'0
  Constant input on bit 108 of port A: 1'0
  Constant input on bit 109 of port A: 1'0
  Constant input on bit 110 of port A: 1'0
  Constant input on bit 111 of port A: 1'0
  Constant input on bit 112 of port A: 1'0
  Constant input on bit 113 of port A: 1'0
  Constant input on bit 114 of port A: 1'0
  Constant input on bit 115 of port A: 1'0
  Constant input on bit 116 of port A: 1'0
  Constant input on bit 117 of port A: 1'0
  Constant input on bit 118 of port A: 1'0
  Constant input on bit 119 of port A: 1'0
  Constant input on bit 120 of port A: 1'0
  Constant input on bit 121 of port A: 1'0
  Constant input on bit 122 of port A: 1'0
  Constant input on bit 123 of port A: 1'0
  Constant input on bit 124 of port A: 1'0
  Constant input on bit 125 of port A: 1'0
  Constant input on bit 126 of port A: 1'0
  Constant input on bit 127 of port A: 1'0
  Constant input on bit 128 of port A: 1'0
  Constant input on bit 129 of port A: 1'0
  Constant input on bit 130 of port A: 1'0
  Constant input on bit 131 of port A: 1'0
  Constant input on bit 132 of port A: 1'0
  Constant input on bit 133 of port A: 1'0
  Constant input on bit 134 of port A: 1'0
  Constant input on bit 135 of port A: 1'0
  Constant input on bit 136 of port A: 1'0
  Constant input on bit 137 of port A: 1'0
  Constant input on bit 138 of port A: 1'0
  Constant input on bit 139 of port A: 1'0
  Constant input on bit 140 of port A: 1'0
  Constant input on bit 141 of port A: 1'0
  Constant input on bit 142 of port A: 1'0
  Constant input on bit 143 of port A: 1'0
  Constant input on bit 144 of port A: 1'0
  Constant input on bit 145 of port A: 1'0
  Constant input on bit 146 of port A: 1'0
  Constant input on bit 147 of port A: 1'0
  Constant input on bit 148 of port A: 1'0
  Constant input on bit 149 of port A: 1'0
  Constant input on bit 150 of port A: 1'0
  Constant input on bit 151 of port A: 1'0
  Constant input on bit 152 of port A: 1'0
  Constant input on bit 153 of port A: 1'0
  Constant input on bit 154 of port A: 1'0
  Constant input on bit 155 of port A: 1'0
  Constant input on bit 156 of port A: 1'0
  Constant input on bit 157 of port A: 1'0
  Constant input on bit 158 of port A: 1'0
  Constant input on bit 159 of port A: 1'0
  Constant input on bit 160 of port A: 1'0
  Constant input on bit 161 of port A: 1'0
  Constant input on bit 162 of port A: 1'0
  Constant input on bit 163 of port A: 1'0
  Constant input on bit 164 of port A: 1'0
  Constant input on bit 165 of port A: 1'0
  Constant input on bit 166 of port A: 1'0
  Constant input on bit 167 of port A: 1'0
  Constant input on bit 168 of port A: 1'0
  Constant input on bit 169 of port A: 1'0
  Constant input on bit 170 of port A: 1'0
  Constant input on bit 171 of port A: 1'0
  Constant input on bit 172 of port A: 1'0
  Constant input on bit 173 of port A: 1'0
  Constant input on bit 174 of port A: 1'0
  Constant input on bit 175 of port A: 1'0
  Constant input on bit 176 of port A: 1'0
  Constant input on bit 177 of port A: 1'0
  Constant input on bit 178 of port A: 1'0
  Constant input on bit 179 of port A: 1'0
  Constant input on bit 180 of port A: 1'0
  Constant input on bit 181 of port A: 1'0
  Constant input on bit 182 of port A: 1'0
  Constant input on bit 183 of port A: 1'0
  Constant input on bit 184 of port A: 1'0
  Constant input on bit 185 of port A: 1'0
  Constant input on bit 186 of port A: 1'0
  Constant input on bit 187 of port A: 1'0
  Constant input on bit 188 of port A: 1'0
  Constant input on bit 189 of port A: 1'0
  Constant input on bit 190 of port A: 1'0
  Constant input on bit 191 of port A: 1'0
  Constant input on bit 192 of port A: 1'0
  Constant input on bit 193 of port A: 1'0
  Constant input on bit 194 of port A: 1'0
  Constant input on bit 195 of port A: 1'0
  Constant input on bit 196 of port A: 1'0
  Constant input on bit 197 of port A: 1'0
  Constant input on bit 198 of port A: 1'0
  Constant input on bit 199 of port A: 1'0
  Constant input on bit 200 of port A: 1'0
  Constant input on bit 201 of port A: 1'0
  Constant input on bit 202 of port A: 1'0
  Constant input on bit 203 of port A: 1'0
  Constant input on bit 204 of port A: 1'0
  Constant input on bit 205 of port A: 1'0
  Constant input on bit 206 of port A: 1'0
  Constant input on bit 207 of port A: 1'0
  Constant input on bit 208 of port A: 1'0
  Constant input on bit 209 of port A: 1'0
  Constant input on bit 210 of port A: 1'0
  Constant input on bit 211 of port A: 1'0
  Constant input on bit 212 of port A: 1'0
  Constant input on bit 213 of port A: 1'0
  Constant input on bit 214 of port A: 1'0
  Constant input on bit 215 of port A: 1'0
  Constant input on bit 216 of port A: 1'0
  Constant input on bit 217 of port A: 1'0
  Constant input on bit 218 of port A: 1'0
  Constant input on bit 219 of port A: 1'0
  Constant input on bit 220 of port A: 1'0
  Constant input on bit 221 of port A: 1'0
  Constant input on bit 222 of port A: 1'0
  Constant input on bit 223 of port A: 1'0
  Constant input on bit 224 of port A: 1'0
  Constant input on bit 225 of port A: 1'0
  Constant input on bit 226 of port A: 1'0
  Constant input on bit 227 of port A: 1'0
  Constant input on bit 228 of port A: 1'0
  Constant input on bit 229 of port A: 1'0
  Constant input on bit 230 of port A: 1'0
  Constant input on bit 231 of port A: 1'0
  Constant input on bit 232 of port A: 1'0
  Constant input on bit 233 of port A: 1'0
  Constant input on bit 234 of port A: 1'0
  Constant input on bit 235 of port A: 1'0
  Constant input on bit 236 of port A: 1'0
  Constant input on bit 237 of port A: 1'0
  Constant input on bit 238 of port A: 1'0
  Constant input on bit 239 of port A: 1'0
  Constant input on bit 240 of port A: 1'0
  Constant input on bit 241 of port A: 1'0
  Constant input on bit 242 of port A: 1'0
  Constant input on bit 243 of port A: 1'0
  Constant input on bit 244 of port A: 1'0
  Constant input on bit 245 of port A: 1'0
  Constant input on bit 246 of port A: 1'0
  Constant input on bit 247 of port A: 1'0
  Constant input on bit 248 of port A: 1'0
  Constant input on bit 249 of port A: 1'0
  Constant input on bit 250 of port A: 1'0
  Constant input on bit 251 of port A: 1'0
  Constant input on bit 252 of port A: 1'0
  Constant input on bit 253 of port A: 1'0
  Constant input on bit 254 of port A: 1'0
  Constant input on bit 255 of port A: 1'0
  Constant input on bit 256 of port A: 1'0
  Constant input on bit 257 of port A: 1'0
  Constant input on bit 258 of port A: 1'0
  Constant input on bit 259 of port A: 1'0
  Constant input on bit 260 of port A: 1'0
  Constant input on bit 261 of port A: 1'0
  Constant input on bit 262 of port A: 1'0
  Constant input on bit 263 of port A: 1'0
  Constant input on bit 264 of port A: 1'0
  Constant input on bit 265 of port A: 1'0
  Constant input on bit 266 of port A: 1'0
  Constant input on bit 267 of port A: 1'0
  Constant input on bit 268 of port A: 1'0
  Constant input on bit 269 of port A: 1'0
  Constant input on bit 270 of port A: 1'0
  Constant input on bit 271 of port A: 1'0
  Constant input on bit 272 of port A: 1'0
  Constant input on bit 273 of port A: 1'0
  Constant input on bit 274 of port A: 1'0
  Constant input on bit 275 of port A: 1'0
  Constant input on bit 276 of port A: 1'0
  Constant input on bit 277 of port A: 1'0
  Constant input on bit 278 of port A: 1'0
  Constant input on bit 279 of port A: 1'0
  Constant input on bit 280 of port A: 1'0
  Constant input on bit 281 of port A: 1'0
  Constant input on bit 282 of port A: 1'0
  Constant input on bit 283 of port A: 1'0
  Constant input on bit 284 of port A: 1'0
  Constant input on bit 285 of port A: 1'0
  Constant input on bit 286 of port A: 1'0
  Constant input on bit 287 of port A: 1'0
  Constant input on bit 288 of port A: 1'0
  Constant input on bit 289 of port A: 1'0
  Constant input on bit 290 of port A: 1'0
  Constant input on bit 291 of port A: 1'0
  Constant input on bit 292 of port A: 1'0
  Constant input on bit 293 of port A: 1'0
  Constant input on bit 294 of port A: 1'0
  Constant input on bit 295 of port A: 1'0
  Constant input on bit 296 of port A: 1'0
  Constant input on bit 297 of port A: 1'0
  Constant input on bit 298 of port A: 1'0
  Constant input on bit 299 of port A: 1'0
  Constant input on bit 300 of port A: 1'0
  Constant input on bit 301 of port A: 1'0
  Constant input on bit 302 of port A: 1'0
  Constant input on bit 303 of port A: 1'0
  Constant input on bit 304 of port A: 1'0
  Constant input on bit 305 of port A: 1'0
  Constant input on bit 306 of port A: 1'0
  Constant input on bit 307 of port A: 1'0
  Constant input on bit 308 of port A: 1'0
  Constant input on bit 309 of port A: 1'0
  Constant input on bit 310 of port A: 1'0
  Constant input on bit 311 of port A: 1'0
  Constant input on bit 312 of port A: 1'0
  Constant input on bit 313 of port A: 1'0
  Constant input on bit 314 of port A: 1'0
  Constant input on bit 315 of port A: 1'0
  Constant input on bit 316 of port A: 1'0
  Constant input on bit 317 of port A: 1'0
  Constant input on bit 318 of port A: 1'0
  Constant input on bit 319 of port A: 1'0
  Constant input on bit 320 of port A: 1'0
  Constant input on bit 321 of port A: 1'0
  Constant input on bit 322 of port A: 1'0
  Constant input on bit 323 of port A: 1'0
  Constant input on bit 324 of port A: 1'0
  Constant input on bit 325 of port A: 1'0
  Constant input on bit 326 of port A: 1'0
  Constant input on bit 327 of port A: 1'0
  Constant input on bit 328 of port A: 1'0
  Constant input on bit 329 of port A: 1'0
  Constant input on bit 330 of port A: 1'0
  Constant input on bit 331 of port A: 1'0
  Constant input on bit 332 of port A: 1'0
  Constant input on bit 333 of port A: 1'0
  Constant input on bit 334 of port A: 1'0
  Constant input on bit 335 of port A: 1'0
  Constant input on bit 336 of port A: 1'0
  Constant input on bit 337 of port A: 1'0
  Constant input on bit 338 of port A: 1'0
  Constant input on bit 339 of port A: 1'0
  Constant input on bit 340 of port A: 1'0
  Constant input on bit 341 of port A: 1'0
  Constant input on bit 342 of port A: 1'0
  Constant input on bit 343 of port A: 1'0
  Constant input on bit 344 of port A: 1'0
  Constant input on bit 345 of port A: 1'0
  Constant input on bit 346 of port A: 1'0
  Constant input on bit 347 of port A: 1'0
  Constant input on bit 348 of port A: 1'0
  Constant input on bit 349 of port A: 1'0
  Constant input on bit 350 of port A: 1'0
  Constant input on bit 351 of port A: 1'0
  Constant input on bit 352 of port A: 1'0
  Constant input on bit 353 of port A: 1'0
  Constant input on bit 354 of port A: 1'0
  Constant input on bit 355 of port A: 1'0
  Constant input on bit 356 of port A: 1'0
  Constant input on bit 357 of port A: 1'0
  Constant input on bit 358 of port A: 1'0
  Constant input on bit 359 of port A: 1'0
  Constant input on bit 360 of port A: 1'0
  Constant input on bit 361 of port A: 1'0
  Constant input on bit 362 of port A: 1'0
  Constant input on bit 363 of port A: 1'0
  Constant input on bit 364 of port A: 1'0
  Constant input on bit 365 of port A: 1'0
  Constant input on bit 366 of port A: 1'0
  Constant input on bit 367 of port A: 1'0
  Constant input on bit 368 of port A: 1'0
  Constant input on bit 369 of port A: 1'0
  Constant input on bit 370 of port A: 1'0
  Constant input on bit 371 of port A: 1'0
  Constant input on bit 372 of port A: 1'0
  Constant input on bit 373 of port A: 1'0
  Constant input on bit 374 of port A: 1'0
  Constant input on bit 375 of port A: 1'0
  Constant input on bit 376 of port A: 1'0
  Constant input on bit 377 of port A: 1'0
  Constant input on bit 378 of port A: 1'0
  Constant input on bit 379 of port A: 1'0
  Constant input on bit 380 of port A: 1'0
  Constant input on bit 381 of port A: 1'0
  Constant input on bit 382 of port A: 1'0
  Constant input on bit 383 of port A: 1'0
  Constant input on bit 384 of port A: 1'0
  Constant input on bit 385 of port A: 1'0
  Constant input on bit 386 of port A: 1'0
  Constant input on bit 387 of port A: 1'0
  Constant input on bit 388 of port A: 1'0
  Constant input on bit 389 of port A: 1'0
  Constant input on bit 390 of port A: 1'0
  Constant input on bit 391 of port A: 1'0
  Constant input on bit 392 of port A: 1'0
  Constant input on bit 393 of port A: 1'0
  Constant input on bit 394 of port A: 1'0
  Constant input on bit 395 of port A: 1'0
  Constant input on bit 396 of port A: 1'0
  Constant input on bit 397 of port A: 1'0
  Constant input on bit 398 of port A: 1'0
  Constant input on bit 399 of port A: 1'0
  Constant input on bit 400 of port A: 1'0
  Constant input on bit 401 of port A: 1'0
  Constant input on bit 402 of port A: 1'0
  Constant input on bit 403 of port A: 1'0
  Constant input on bit 404 of port A: 1'0
  Constant input on bit 405 of port A: 1'0
  Constant input on bit 406 of port A: 1'0
  Constant input on bit 407 of port A: 1'0
  Constant input on bit 408 of port A: 1'0
  Constant input on bit 409 of port A: 1'0
  Constant input on bit 410 of port A: 1'0
  Constant input on bit 411 of port A: 1'0
  Constant input on bit 412 of port A: 1'0
  Constant input on bit 413 of port A: 1'0
  Constant input on bit 414 of port A: 1'0
  Constant input on bit 415 of port A: 1'0
  Constant input on bit 416 of port A: 1'0
  Constant input on bit 417 of port A: 1'0
  Constant input on bit 418 of port A: 1'0
  Constant input on bit 419 of port A: 1'0
  Constant input on bit 420 of port A: 1'0
  Constant input on bit 421 of port A: 1'0
  Constant input on bit 422 of port A: 1'0
  Constant input on bit 423 of port A: 1'0
  Constant input on bit 424 of port A: 1'0
  Constant input on bit 425 of port A: 1'0
  Constant input on bit 426 of port A: 1'0
  Constant input on bit 427 of port A: 1'0
  Constant input on bit 428 of port A: 1'0
  Constant input on bit 429 of port A: 1'0
  Constant input on bit 430 of port A: 1'0
  Constant input on bit 431 of port A: 1'0
  Constant input on bit 432 of port A: 1'0
  Constant input on bit 433 of port A: 1'0
  Constant input on bit 434 of port A: 1'0
  Constant input on bit 435 of port A: 1'0
  Constant input on bit 436 of port A: 1'0
  Constant input on bit 437 of port A: 1'0
  Constant input on bit 438 of port A: 1'0
  Constant input on bit 439 of port A: 1'0
  Constant input on bit 440 of port A: 1'0
  Constant input on bit 441 of port A: 1'0
  Constant input on bit 442 of port A: 1'0
  Constant input on bit 443 of port A: 1'0
  Constant input on bit 444 of port A: 1'0
  Constant input on bit 445 of port A: 1'0
  Constant input on bit 446 of port A: 1'0
  Constant input on bit 447 of port A: 1'0
  Constant input on bit 448 of port A: 1'0
  Constant input on bit 449 of port A: 1'0
  Constant input on bit 450 of port A: 1'0
  Constant input on bit 451 of port A: 1'0
  Constant input on bit 452 of port A: 1'0
  Constant input on bit 453 of port A: 1'0
  Constant input on bit 454 of port A: 1'0
  Constant input on bit 455 of port A: 1'0
  Constant input on bit 456 of port A: 1'0
  Constant input on bit 457 of port A: 1'0
  Constant input on bit 458 of port A: 1'0
  Constant input on bit 459 of port A: 1'0
  Constant input on bit 460 of port A: 1'0
  Constant input on bit 461 of port A: 1'0
  Constant input on bit 462 of port A: 1'0
  Constant input on bit 463 of port A: 1'0
  Constant input on bit 464 of port A: 1'0
  Constant input on bit 465 of port A: 1'0
  Constant input on bit 466 of port A: 1'0
  Constant input on bit 467 of port A: 1'0
  Constant input on bit 468 of port A: 1'0
  Constant input on bit 469 of port A: 1'0
  Constant input on bit 470 of port A: 1'0
  Constant input on bit 471 of port A: 1'0
  Constant input on bit 472 of port A: 1'0
  Constant input on bit 473 of port A: 1'0
  Constant input on bit 474 of port A: 1'0
  Constant input on bit 475 of port A: 1'0
  Constant input on bit 476 of port A: 1'0
  Constant input on bit 477 of port A: 1'0
  Constant input on bit 478 of port A: 1'0
  Constant input on bit 479 of port A: 1'0
  Constant input on bit 480 of port A: 1'0
  Constant input on bit 481 of port A: 1'0
  Constant input on bit 482 of port A: 1'0
  Constant input on bit 483 of port A: 1'0
  Constant input on bit 484 of port A: 1'0
  Constant input on bit 485 of port A: 1'0
  Constant input on bit 486 of port A: 1'0
  Constant input on bit 487 of port A: 1'0
  Constant input on bit 488 of port A: 1'0
  Constant input on bit 489 of port A: 1'0
  Constant input on bit 490 of port A: 1'0
  Constant input on bit 491 of port A: 1'0
  Constant input on bit 492 of port A: 1'0
  Constant input on bit 493 of port A: 1'0
  Constant input on bit 494 of port A: 1'0
  Constant input on bit 495 of port A: 1'0
  Constant input on bit 496 of port A: 1'0
  Constant input on bit 497 of port A: 1'0
  Constant input on bit 498 of port A: 1'0
  Constant input on bit 499 of port A: 1'0
  Constant input on bit 500 of port A: 1'0
  Constant input on bit 501 of port A: 1'0
  Constant input on bit 502 of port A: 1'0
  Constant input on bit 503 of port A: 1'0
  Constant input on bit 504 of port A: 1'0
  Constant input on bit 505 of port A: 1'0
  Constant input on bit 506 of port A: 1'0
  Constant input on bit 507 of port A: 1'0
  Constant input on bit 508 of port A: 1'0
  Constant input on bit 509 of port A: 1'0
  Constant input on bit 510 of port A: 1'0
  Constant input on bit 511 of port A: 1'0
  Constant input on bit 512 of port A: 1'0
  Constant input on bit 513 of port A: 1'0
  Constant input on bit 514 of port A: 1'0
  Constant input on bit 515 of port A: 1'0
  Constant input on bit 516 of port A: 1'0
  Constant input on bit 517 of port A: 1'0
  Constant input on bit 518 of port A: 1'0
  Constant input on bit 519 of port A: 1'0
  Constant input on bit 520 of port A: 1'0
  Constant input on bit 521 of port A: 1'0
  Constant input on bit 522 of port A: 1'0
  Constant input on bit 523 of port A: 1'0
  Constant input on bit 524 of port A: 1'0
  Constant input on bit 525 of port A: 1'0
  Constant input on bit 526 of port A: 1'0
  Constant input on bit 527 of port A: 1'0
  Constant input on bit 528 of port A: 1'0
  Constant input on bit 529 of port A: 1'0
  Constant input on bit 530 of port A: 1'0
  Constant input on bit 531 of port A: 1'0
  Constant input on bit 532 of port A: 1'0
  Constant input on bit 533 of port A: 1'0
  Constant input on bit 534 of port A: 1'0
  Constant input on bit 535 of port A: 1'0
  Constant input on bit 536 of port A: 1'0
  Constant input on bit 537 of port A: 1'0
  Constant input on bit 538 of port A: 1'0
  Constant input on bit 539 of port A: 1'0
  Constant input on bit 540 of port A: 1'0
  Constant input on bit 541 of port A: 1'0
  Constant input on bit 542 of port A: 1'0
  Constant input on bit 543 of port A: 1'0
  Constant input on bit 544 of port A: 1'0
  Constant input on bit 545 of port A: 1'0
  Constant input on bit 546 of port A: 1'0
  Constant input on bit 547 of port A: 1'0
  Constant input on bit 548 of port A: 1'0
  Constant input on bit 549 of port A: 1'0
  Constant input on bit 550 of port A: 1'0
  Constant input on bit 551 of port A: 1'0
  Constant input on bit 552 of port A: 1'0
  Constant input on bit 553 of port A: 1'0
  Constant input on bit 554 of port A: 1'0
  Constant input on bit 555 of port A: 1'0
  Constant input on bit 556 of port A: 1'0
  Constant input on bit 557 of port A: 1'0
  Constant input on bit 558 of port A: 1'0
  Constant input on bit 559 of port A: 1'0
  Constant input on bit 560 of port A: 1'0
  Constant input on bit 561 of port A: 1'0
  Constant input on bit 562 of port A: 1'0
  Constant input on bit 563 of port A: 1'0
  Constant input on bit 564 of port A: 1'0
  Constant input on bit 565 of port A: 1'0
  Constant input on bit 566 of port A: 1'0
  Constant input on bit 567 of port A: 1'0
  Constant input on bit 568 of port A: 1'0
  Constant input on bit 569 of port A: 1'0
  Constant input on bit 570 of port A: 1'0
  Constant input on bit 571 of port A: 1'0
  Constant input on bit 572 of port A: 1'0
  Constant input on bit 573 of port A: 1'0
  Constant input on bit 574 of port A: 1'0
  Constant input on bit 575 of port A: 1'0
  Constant input on bit 576 of port A: 1'0
  Constant input on bit 577 of port A: 1'0
  Constant input on bit 578 of port A: 1'0
  Constant input on bit 579 of port A: 1'0
  Constant input on bit 580 of port A: 1'0
  Constant input on bit 581 of port A: 1'0
  Constant input on bit 582 of port A: 1'0
  Constant input on bit 583 of port A: 1'0
  Constant input on bit 584 of port A: 1'0
  Constant input on bit 585 of port A: 1'0
  Constant input on bit 586 of port A: 1'0
  Constant input on bit 587 of port A: 1'0
  Constant input on bit 588 of port A: 1'0
  Constant input on bit 589 of port A: 1'0
  Constant input on bit 590 of port A: 1'0
  Constant input on bit 591 of port A: 1'0
  Constant input on bit 592 of port A: 1'0
  Constant input on bit 593 of port A: 1'0
  Constant input on bit 594 of port A: 1'0
  Constant input on bit 595 of port A: 1'0
  Constant input on bit 596 of port A: 1'0
  Constant input on bit 597 of port A: 1'0
  Constant input on bit 598 of port A: 1'0
  Constant input on bit 599 of port A: 1'0
  Constant input on bit 600 of port A: 1'0
  Constant input on bit 601 of port A: 1'0
  Constant input on bit 602 of port A: 1'0
  Constant input on bit 603 of port A: 1'0
  Constant input on bit 604 of port A: 1'0
  Constant input on bit 605 of port A: 1'0
  Constant input on bit 606 of port A: 1'0
  Constant input on bit 607 of port A: 1'0
  Constant input on bit 608 of port A: 1'0
  Constant input on bit 609 of port A: 1'0
  Constant input on bit 610 of port A: 1'0
  Constant input on bit 611 of port A: 1'0
  Constant input on bit 612 of port A: 1'0
  Constant input on bit 613 of port A: 1'0
  Constant input on bit 614 of port A: 1'0
  Constant input on bit 615 of port A: 1'0
  Constant input on bit 616 of port A: 1'0
  Constant input on bit 617 of port A: 1'0
  Constant input on bit 618 of port A: 1'0
  Constant input on bit 619 of port A: 1'0
  Constant input on bit 620 of port A: 1'0
  Constant input on bit 621 of port A: 1'0
  Constant input on bit 622 of port A: 1'0
  Constant input on bit 623 of port A: 1'0
  Constant input on bit 624 of port A: 1'0
  Constant input on bit 625 of port A: 1'0
  Constant input on bit 626 of port A: 1'0
  Constant input on bit 627 of port A: 1'0
  Constant input on bit 628 of port A: 1'0
  Constant input on bit 629 of port A: 1'0
  Constant input on bit 630 of port A: 1'0
  Constant input on bit 631 of port A: 1'0
  Constant input on bit 632 of port A: 1'0
  Constant input on bit 633 of port A: 1'0
  Constant input on bit 634 of port A: 1'0
  Constant input on bit 635 of port A: 1'0
  Constant input on bit 636 of port A: 1'0
  Constant input on bit 637 of port A: 1'0
  Constant input on bit 638 of port A: 1'0
  Constant input on bit 639 of port A: 1'0
  Constant input on bit 640 of port A: 1'0
  Constant input on bit 641 of port A: 1'0
  Constant input on bit 642 of port A: 1'0
  Constant input on bit 643 of port A: 1'0
  Constant input on bit 644 of port A: 1'0
  Constant input on bit 645 of port A: 1'0
  Constant input on bit 646 of port A: 1'0
  Constant input on bit 647 of port A: 1'0
  Constant input on bit 648 of port A: 1'0
  Constant input on bit 649 of port A: 1'0
  Constant input on bit 650 of port A: 1'0
  Constant input on bit 651 of port A: 1'0
  Constant input on bit 652 of port A: 1'0
  Constant input on bit 653 of port A: 1'0
  Constant input on bit 654 of port A: 1'0
  Constant input on bit 655 of port A: 1'0
  Constant input on bit 656 of port A: 1'0
  Constant input on bit 657 of port A: 1'0
  Constant input on bit 658 of port A: 1'0
  Constant input on bit 659 of port A: 1'0
  Constant input on bit 660 of port A: 1'0
  Constant input on bit 661 of port A: 1'0
  Constant input on bit 662 of port A: 1'0
  Constant input on bit 663 of port A: 1'0
  Constant input on bit 664 of port A: 1'0
  Constant input on bit 665 of port A: 1'0
  Constant input on bit 666 of port A: 1'0
  Constant input on bit 667 of port A: 1'0
  Constant input on bit 668 of port A: 1'0
  Constant input on bit 669 of port A: 1'0
  Constant input on bit 670 of port A: 1'0
  Constant input on bit 671 of port A: 1'0
  Constant input on bit 672 of port A: 1'0
  Constant input on bit 673 of port A: 1'0
  Constant input on bit 674 of port A: 1'0
  Constant input on bit 675 of port A: 1'0
  Constant input on bit 676 of port A: 1'0
  Constant input on bit 677 of port A: 1'0
  Constant input on bit 678 of port A: 1'0
  Constant input on bit 679 of port A: 1'0
  Constant input on bit 680 of port A: 1'0
  Constant input on bit 681 of port A: 1'0
  Constant input on bit 682 of port A: 1'0
  Constant input on bit 683 of port A: 1'0
  Constant input on bit 684 of port A: 1'0
  Constant input on bit 685 of port A: 1'0
  Constant input on bit 686 of port A: 1'0
  Constant input on bit 687 of port A: 1'0
  Constant input on bit 688 of port A: 1'0
  Constant input on bit 689 of port A: 1'0
  Constant input on bit 690 of port A: 1'0
  Constant input on bit 691 of port A: 1'0
  Constant input on bit 692 of port A: 1'0
  Constant input on bit 693 of port A: 1'0
  Constant input on bit 694 of port A: 1'0
  Constant input on bit 695 of port A: 1'0
  Constant input on bit 696 of port A: 1'0
  Constant input on bit 697 of port A: 1'0
  Constant input on bit 698 of port A: 1'0
  Constant input on bit 699 of port A: 1'0
  Constant input on bit 700 of port A: 1'0
  Constant input on bit 701 of port A: 1'0
  Constant input on bit 702 of port A: 1'0
  Constant input on bit 703 of port A: 1'0
  Constant input on bit 704 of port A: 1'0
  Constant input on bit 705 of port A: 1'0
  Constant input on bit 706 of port A: 1'0
  Constant input on bit 707 of port A: 1'0
  Constant input on bit 708 of port A: 1'0
  Constant input on bit 709 of port A: 1'0
  Constant input on bit 710 of port A: 1'0
  Constant input on bit 711 of port A: 1'0
  Constant input on bit 712 of port A: 1'0
  Constant input on bit 713 of port A: 1'0
  Constant input on bit 714 of port A: 1'0
  Constant input on bit 715 of port A: 1'0
  Constant input on bit 716 of port A: 1'0
  Constant input on bit 717 of port A: 1'0
  Constant input on bit 718 of port A: 1'0
  Constant input on bit 719 of port A: 1'0
  Constant input on bit 720 of port A: 1'0
  Constant input on bit 721 of port A: 1'0
  Constant input on bit 722 of port A: 1'0
  Constant input on bit 723 of port A: 1'0
  Constant input on bit 724 of port A: 1'0
  Constant input on bit 725 of port A: 1'0
  Constant input on bit 726 of port A: 1'0
  Constant input on bit 727 of port A: 1'0
  Constant input on bit 728 of port A: 1'0
  Constant input on bit 729 of port A: 1'0
  Constant input on bit 730 of port A: 1'0
  Constant input on bit 731 of port A: 1'0
  Constant input on bit 732 of port A: 1'0
  Constant input on bit 733 of port A: 1'0
  Constant input on bit 734 of port A: 1'0
  Constant input on bit 735 of port A: 1'0
  Constant input on bit 736 of port A: 1'0
  Constant input on bit 737 of port A: 1'0
  Constant input on bit 738 of port A: 1'0
  Constant input on bit 739 of port A: 1'0
  Constant input on bit 740 of port A: 1'0
  Constant input on bit 741 of port A: 1'0
  Constant input on bit 742 of port A: 1'0
  Constant input on bit 743 of port A: 1'0
  Constant input on bit 744 of port A: 1'0
  Constant input on bit 745 of port A: 1'0
  Constant input on bit 746 of port A: 1'0
  Constant input on bit 747 of port A: 1'0
  Constant input on bit 748 of port A: 1'0
  Constant input on bit 749 of port A: 1'0
  Constant input on bit 750 of port A: 1'0
  Constant input on bit 751 of port A: 1'0
  Constant input on bit 752 of port A: 1'0
  Constant input on bit 753 of port A: 1'0
  Constant input on bit 754 of port A: 1'0
  Constant input on bit 755 of port A: 1'0
  Constant input on bit 756 of port A: 1'0
  Constant input on bit 757 of port A: 1'0
  Constant input on bit 758 of port A: 1'0
  Constant input on bit 759 of port A: 1'0
  Constant input on bit 760 of port A: 1'0
  Constant input on bit 761 of port A: 1'0
  Constant input on bit 762 of port A: 1'0
  Constant input on bit 763 of port A: 1'0
  Constant input on bit 764 of port A: 1'0
  Constant input on bit 765 of port A: 1'0
  Constant input on bit 766 of port A: 1'0
  Constant input on bit 767 of port A: 1'0
  Constant input on bit 768 of port A: 1'0
  Constant input on bit 769 of port A: 1'0
  Constant input on bit 770 of port A: 1'0
  Constant input on bit 771 of port A: 1'0
  Constant input on bit 772 of port A: 1'0
  Constant input on bit 773 of port A: 1'0
  Constant input on bit 774 of port A: 1'0
  Constant input on bit 775 of port A: 1'0
  Constant input on bit 776 of port A: 1'0
  Constant input on bit 777 of port A: 1'0
  Constant input on bit 778 of port A: 1'0
  Constant input on bit 779 of port A: 1'0
  Constant input on bit 780 of port A: 1'0
  Constant input on bit 781 of port A: 1'0
  Constant input on bit 782 of port A: 1'0
  Constant input on bit 783 of port A: 1'0
  Constant input on bit 784 of port A: 1'0
  Constant input on bit 785 of port A: 1'0
  Constant input on bit 786 of port A: 1'0
  Constant input on bit 787 of port A: 1'0
  Constant input on bit 788 of port A: 1'0
  Constant input on bit 789 of port A: 1'0
  Constant input on bit 790 of port A: 1'0
  Constant input on bit 791 of port A: 1'0
  Constant input on bit 792 of port A: 1'0
  Constant input on bit 793 of port A: 1'0
  Constant input on bit 794 of port A: 1'0
  Constant input on bit 795 of port A: 1'0
  Constant input on bit 796 of port A: 1'0
  Constant input on bit 797 of port A: 1'0
  Constant input on bit 798 of port A: 1'0
  Constant input on bit 799 of port A: 1'0
  Constant input on bit 800 of port A: 1'0
  Constant input on bit 801 of port A: 1'0
  Constant input on bit 802 of port A: 1'0
  Constant input on bit 803 of port A: 1'0
  Constant input on bit 804 of port A: 1'0
  Constant input on bit 805 of port A: 1'0
  Constant input on bit 806 of port A: 1'0
  Constant input on bit 807 of port A: 1'0
  Constant input on bit 808 of port A: 1'0
  Constant input on bit 809 of port A: 1'0
  Constant input on bit 810 of port A: 1'0
  Constant input on bit 811 of port A: 1'0
  Constant input on bit 812 of port A: 1'0
  Constant input on bit 813 of port A: 1'0
  Constant input on bit 814 of port A: 1'0
  Constant input on bit 815 of port A: 1'0
  Constant input on bit 816 of port A: 1'0
  Constant input on bit 817 of port A: 1'0
  Constant input on bit 818 of port A: 1'0
  Constant input on bit 819 of port A: 1'0
  Constant input on bit 820 of port A: 1'0
  Constant input on bit 821 of port A: 1'0
  Constant input on bit 822 of port A: 1'0
  Constant input on bit 823 of port A: 1'0
  Constant input on bit 824 of port A: 1'0
  Constant input on bit 825 of port A: 1'0
  Constant input on bit 826 of port A: 1'0
  Constant input on bit 827 of port A: 1'0
  Constant input on bit 828 of port A: 1'0
  Constant input on bit 829 of port A: 1'0
  Constant input on bit 830 of port A: 1'0
  Constant input on bit 831 of port A: 1'0
  Constant input on bit 832 of port A: 1'0
  Constant input on bit 833 of port A: 1'0
  Constant input on bit 834 of port A: 1'0
  Constant input on bit 835 of port A: 1'0
  Constant input on bit 836 of port A: 1'0
  Constant input on bit 837 of port A: 1'0
  Constant input on bit 838 of port A: 1'0
  Constant input on bit 839 of port A: 1'0
  Constant input on bit 840 of port A: 1'0
  Constant input on bit 841 of port A: 1'0
  Constant input on bit 842 of port A: 1'0
  Constant input on bit 843 of port A: 1'0
  Constant input on bit 844 of port A: 1'0
  Constant input on bit 845 of port A: 1'0
  Constant input on bit 846 of port A: 1'0
  Constant input on bit 847 of port A: 1'0
  Constant input on bit 848 of port A: 1'0
  Constant input on bit 849 of port A: 1'0
  Constant input on bit 850 of port A: 1'0
  Constant input on bit 851 of port A: 1'0
  Constant input on bit 852 of port A: 1'0
  Constant input on bit 853 of port A: 1'0
  Constant input on bit 854 of port A: 1'0
  Constant input on bit 855 of port A: 1'0
  Constant input on bit 856 of port A: 1'0
  Constant input on bit 857 of port A: 1'0
  Constant input on bit 858 of port A: 1'0
  Constant input on bit 859 of port A: 1'0
  Constant input on bit 860 of port A: 1'0
  Constant input on bit 861 of port A: 1'0
  Constant input on bit 862 of port A: 1'0
  Constant input on bit 863 of port A: 1'0
  Constant input on bit 864 of port A: 1'0
  Constant input on bit 865 of port A: 1'0
  Constant input on bit 866 of port A: 1'0
  Constant input on bit 867 of port A: 1'0
  Constant input on bit 868 of port A: 1'0
  Constant input on bit 869 of port A: 1'0
  Constant input on bit 870 of port A: 1'0
  Constant input on bit 871 of port A: 1'0
  Constant input on bit 872 of port A: 1'0
  Constant input on bit 873 of port A: 1'0
  Constant input on bit 874 of port A: 1'0
  Constant input on bit 875 of port A: 1'0
  Constant input on bit 876 of port A: 1'0
  Constant input on bit 877 of port A: 1'0
  Constant input on bit 878 of port A: 1'0
  Constant input on bit 879 of port A: 1'0
  Constant input on bit 880 of port A: 1'0
  Constant input on bit 881 of port A: 1'0
  Constant input on bit 882 of port A: 1'0
  Constant input on bit 883 of port A: 1'0
  Constant input on bit 884 of port A: 1'0
  Constant input on bit 885 of port A: 1'0
  Constant input on bit 886 of port A: 1'0
  Constant input on bit 887 of port A: 1'0
  Constant input on bit 888 of port A: 1'0
  Constant input on bit 889 of port A: 1'0
  Constant input on bit 890 of port A: 1'0
  Constant input on bit 891 of port A: 1'0
  Constant input on bit 892 of port A: 1'0
  Constant input on bit 893 of port A: 1'0
  Constant input on bit 894 of port A: 1'0
  Constant input on bit 895 of port A: 1'0
  Constant input on bit 896 of port A: 1'0
  Constant input on bit 897 of port A: 1'0
  Constant input on bit 898 of port A: 1'0
  Constant input on bit 899 of port A: 1'0
  Constant input on bit 900 of port A: 1'0
  Constant input on bit 901 of port A: 1'0
  Constant input on bit 902 of port A: 1'0
  Constant input on bit 903 of port A: 1'0
  Constant input on bit 904 of port A: 1'0
  Constant input on bit 905 of port A: 1'0
  Constant input on bit 906 of port A: 1'0
  Constant input on bit 907 of port A: 1'0
  Constant input on bit 908 of port A: 1'0
  Constant input on bit 909 of port A: 1'0
  Constant input on bit 910 of port A: 1'0
  Constant input on bit 911 of port A: 1'0
  Constant input on bit 912 of port A: 1'0
  Constant input on bit 913 of port A: 1'0
  Constant input on bit 914 of port A: 1'0
  Constant input on bit 915 of port A: 1'0
  Constant input on bit 916 of port A: 1'0
  Constant input on bit 917 of port A: 1'0
  Constant input on bit 918 of port A: 1'0
  Constant input on bit 919 of port A: 1'0
  Constant input on bit 920 of port A: 1'0
  Constant input on bit 921 of port A: 1'0
  Constant input on bit 922 of port A: 1'0
  Constant input on bit 923 of port A: 1'0
  Constant input on bit 924 of port A: 1'0
  Constant input on bit 925 of port A: 1'0
  Constant input on bit 926 of port A: 1'0
  Constant input on bit 927 of port A: 1'0
  Constant input on bit 928 of port A: 1'0
  Constant input on bit 929 of port A: 1'0
  Constant input on bit 930 of port A: 1'0
  Constant input on bit 931 of port A: 1'0
  Constant input on bit 932 of port A: 1'0
  Constant input on bit 933 of port A: 1'0
  Constant input on bit 934 of port A: 1'0
  Constant input on bit 935 of port A: 1'0
  Constant input on bit 936 of port A: 1'0
  Constant input on bit 937 of port A: 1'0
  Constant input on bit 938 of port A: 1'0
  Constant input on bit 939 of port A: 1'0
  Constant input on bit 940 of port A: 1'0
  Constant input on bit 941 of port A: 1'0
  Constant input on bit 942 of port A: 1'0
  Constant input on bit 943 of port A: 1'0
  Constant input on bit 944 of port A: 1'0
  Constant input on bit 945 of port A: 1'0
  Constant input on bit 946 of port A: 1'0
  Constant input on bit 947 of port A: 1'0
  Constant input on bit 948 of port A: 1'0
  Constant input on bit 949 of port A: 1'0
  Constant input on bit 950 of port A: 1'0
  Constant input on bit 951 of port A: 1'0
  Constant input on bit 952 of port A: 1'0
  Constant input on bit 953 of port A: 1'0
  Constant input on bit 954 of port A: 1'0
  Constant input on bit 955 of port A: 1'0
  Constant input on bit 956 of port A: 1'0
  Constant input on bit 957 of port A: 1'0
  Constant input on bit 958 of port A: 1'0
  Constant input on bit 959 of port A: 1'0
  Constant input on bit 960 of port A: 1'0
  Constant input on bit 961 of port A: 1'0
  Constant input on bit 962 of port A: 1'0
  Constant input on bit 963 of port A: 1'0
  Constant input on bit 964 of port A: 1'0
  Constant input on bit 965 of port A: 1'0
  Constant input on bit 966 of port A: 1'0
  Constant input on bit 967 of port A: 1'0
  Constant input on bit 968 of port A: 1'0
  Constant input on bit 969 of port A: 1'0
  Constant input on bit 970 of port A: 1'0
  Constant input on bit 971 of port A: 1'0
  Constant input on bit 972 of port A: 1'0
  Constant input on bit 973 of port A: 1'0
  Constant input on bit 974 of port A: 1'0
  Constant input on bit 975 of port A: 1'0
  Constant input on bit 976 of port A: 1'0
  Constant input on bit 977 of port A: 1'0
  Constant input on bit 978 of port A: 1'0
  Constant input on bit 979 of port A: 1'0
  Constant input on bit 980 of port A: 1'0
  Constant input on bit 981 of port A: 1'0
  Constant input on bit 982 of port A: 1'0
  Constant input on bit 983 of port A: 1'0
  Constant input on bit 984 of port A: 1'0
  Constant input on bit 985 of port A: 1'0
  Constant input on bit 986 of port A: 1'0
  Constant input on bit 987 of port A: 1'0
  Constant input on bit 988 of port A: 1'0
  Constant input on bit 989 of port A: 1'0
  Constant input on bit 990 of port A: 1'0
  Constant input on bit 991 of port A: 1'0
  Constant input on bit 992 of port A: 1'0
  Constant input on bit 993 of port A: 1'0
  Constant input on bit 994 of port A: 1'0
  Constant input on bit 995 of port A: 1'0
  Constant input on bit 996 of port A: 1'0
  Constant input on bit 997 of port A: 1'0
  Constant input on bit 998 of port A: 1'0
  Constant input on bit 999 of port A: 1'0
  Constant input on bit 1000 of port A: 1'0
  Constant input on bit 1001 of port A: 1'0
  Constant input on bit 1002 of port A: 1'0
  Constant input on bit 1003 of port A: 1'0
  Constant input on bit 1004 of port A: 1'0
  Constant input on bit 1005 of port A: 1'0
  Constant input on bit 1006 of port A: 1'0
  Constant input on bit 1007 of port A: 1'0
  Constant input on bit 1008 of port A: 1'0
  Constant input on bit 1009 of port A: 1'0
  Constant input on bit 1010 of port A: 1'0
  Constant input on bit 1011 of port A: 1'0
  Constant input on bit 1012 of port A: 1'0
  Constant input on bit 1013 of port A: 1'0
  Constant input on bit 1014 of port A: 1'0
  Constant input on bit 1015 of port A: 1'0
  Constant input on bit 1016 of port A: 1'0
  Constant input on bit 1017 of port A: 1'0
  Constant input on bit 1018 of port A: 1'0
  Constant input on bit 1019 of port A: 1'0
  Constant input on bit 1020 of port A: 1'0
  Constant input on bit 1021 of port A: 1'0
  Constant input on bit 1022 of port A: 1'0
  Constant input on bit 1023 of port A: 1'0
  Constant input on bit 1024 of port A: 1'0
  Constant input on bit 1025 of port A: 1'0
  Constant input on bit 1026 of port A: 1'0
  Constant input on bit 1027 of port A: 1'0
  Constant input on bit 1028 of port A: 1'0
  Constant input on bit 1029 of port A: 1'0
  Constant input on bit 1030 of port A: 1'0
  Constant input on bit 1031 of port A: 1'0
  Constant input on bit 1032 of port A: 1'0
  Constant input on bit 1033 of port A: 1'0
  Constant input on bit 1034 of port A: 1'0
  Constant input on bit 1035 of port A: 1'0
  Constant input on bit 1036 of port A: 1'0
  Constant input on bit 1037 of port A: 1'0
  Constant input on bit 1038 of port A: 1'0
  Constant input on bit 1039 of port A: 1'0
  Constant input on bit 1040 of port A: 1'0
  Constant input on bit 1041 of port A: 1'0
  Constant input on bit 1042 of port A: 1'0
  Constant input on bit 1043 of port A: 1'0
  Constant input on bit 1044 of port A: 1'0
  Constant input on bit 1045 of port A: 1'0
  Constant input on bit 1046 of port A: 1'0
  Constant input on bit 1047 of port A: 1'0
  Constant input on bit 1048 of port A: 1'0
  Constant input on bit 1049 of port A: 1'0
  Constant input on bit 1050 of port A: 1'0
  Constant input on bit 1051 of port A: 1'0
  Constant input on bit 1052 of port A: 1'0
  Constant input on bit 1053 of port A: 1'0
  Constant input on bit 1054 of port A: 1'0
  Constant input on bit 1055 of port A: 1'0
  Constant input on bit 1056 of port A: 1'0
  Constant input on bit 1057 of port A: 1'0
  Constant input on bit 1058 of port A: 1'0
  Constant input on bit 1059 of port A: 1'0
  Constant input on bit 1060 of port A: 1'0
  Constant input on bit 1061 of port A: 1'0
  Constant input on bit 1062 of port A: 1'0
  Constant input on bit 1063 of port A: 1'0
  Constant input on bit 1064 of port A: 1'0
  Constant input on bit 1065 of port A: 1'0
  Constant input on bit 1066 of port A: 1'0
  Constant input on bit 1067 of port A: 1'0
  Constant input on bit 1068 of port A: 1'0
  Constant input on bit 1069 of port A: 1'0
  Constant input on bit 1070 of port A: 1'0
  Constant input on bit 1071 of port A: 1'0
  Constant input on bit 1072 of port A: 1'0
  Constant input on bit 1073 of port A: 1'0
  Constant input on bit 1074 of port A: 1'0
  Constant input on bit 1075 of port A: 1'0
  Constant input on bit 1076 of port A: 1'0
  Constant input on bit 1077 of port A: 1'0
  Constant input on bit 1078 of port A: 1'0
  Constant input on bit 1079 of port A: 1'0
  Constant input on bit 1080 of port A: 1'0
  Constant input on bit 1081 of port A: 1'0
  Constant input on bit 1082 of port A: 1'0
  Constant input on bit 1083 of port A: 1'0
  Constant input on bit 1084 of port A: 1'0
  Constant input on bit 1085 of port A: 1'0
  Constant input on bit 1086 of port A: 1'0
  Constant input on bit 1087 of port A: 1'0
  Constant input on bit 1088 of port A: 1'0
  Constant input on bit 1089 of port A: 1'0
  Constant input on bit 1090 of port A: 1'0
  Constant input on bit 1091 of port A: 1'0
  Constant input on bit 1092 of port A: 1'0
  Constant input on bit 1093 of port A: 1'0
  Constant input on bit 1094 of port A: 1'0
  Constant input on bit 1095 of port A: 1'0
  Constant input on bit 1096 of port A: 1'0
  Constant input on bit 1097 of port A: 1'0
  Constant input on bit 1098 of port A: 1'0
  Constant input on bit 1099 of port A: 1'0
  Constant input on bit 1100 of port A: 1'0
  Constant input on bit 1101 of port A: 1'0
  Constant input on bit 1102 of port A: 1'0
  Constant input on bit 1103 of port A: 1'0
  Constant input on bit 1104 of port A: 1'0
  Constant input on bit 1105 of port A: 1'0
  Constant input on bit 1106 of port A: 1'0
  Constant input on bit 1107 of port A: 1'0
  Constant input on bit 1108 of port A: 1'0
  Constant input on bit 1109 of port A: 1'0
  Constant input on bit 1110 of port A: 1'0
  Constant input on bit 1111 of port A: 1'0
  Constant input on bit 1112 of port A: 1'0
  Constant input on bit 1113 of port A: 1'0
  Constant input on bit 1114 of port A: 1'0
  Constant input on bit 1115 of port A: 1'0
  Constant input on bit 1116 of port A: 1'0
  Constant input on bit 1117 of port A: 1'0
  Constant input on bit 1118 of port A: 1'0
  Constant input on bit 1119 of port A: 1'0
  Constant input on bit 1120 of port A: 1'0
  Constant input on bit 1121 of port A: 1'0
  Constant input on bit 1122 of port A: 1'0
  Constant input on bit 1123 of port A: 1'0
  Constant input on bit 1124 of port A: 1'0
  Constant input on bit 1125 of port A: 1'0
  Constant input on bit 1126 of port A: 1'0
  Constant input on bit 1127 of port A: 1'0
  Constant input on bit 1128 of port A: 1'0
  Constant input on bit 1129 of port A: 1'0
  Constant input on bit 1130 of port A: 1'0
  Constant input on bit 1131 of port A: 1'0
  Constant input on bit 1132 of port A: 1'0
  Constant input on bit 1133 of port A: 1'0
  Constant input on bit 1134 of port A: 1'0
  Constant input on bit 1135 of port A: 1'0
  Constant input on bit 1136 of port A: 1'0
  Constant input on bit 1137 of port A: 1'0
  Constant input on bit 1138 of port A: 1'0
  Constant input on bit 1139 of port A: 1'0
  Constant input on bit 1140 of port A: 1'0
  Constant input on bit 1141 of port A: 1'0
  Constant input on bit 1142 of port A: 1'0
  Constant input on bit 1143 of port A: 1'0
  Constant input on bit 1144 of port A: 1'0
  Constant input on bit 1145 of port A: 1'0
  Constant input on bit 1146 of port A: 1'0
  Constant input on bit 1147 of port A: 1'0
  Constant input on bit 1148 of port A: 1'0
  Constant input on bit 1149 of port A: 1'0
  Constant input on bit 1150 of port A: 1'0
  Constant input on bit 1151 of port A: 1'0
  Constant input on bit 1152 of port A: 1'0
  Constant input on bit 1153 of port A: 1'0
  Constant input on bit 1154 of port A: 1'0
  Constant input on bit 1155 of port A: 1'0
  Constant input on bit 1156 of port A: 1'0
  Constant input on bit 1157 of port A: 1'0
  Constant input on bit 1158 of port A: 1'0
  Constant input on bit 1159 of port A: 1'0
  Constant input on bit 1160 of port A: 1'0
  Constant input on bit 1161 of port A: 1'0
  Constant input on bit 1162 of port A: 1'0
  Constant input on bit 1163 of port A: 1'0
  Constant input on bit 1164 of port A: 1'0
  Constant input on bit 1165 of port A: 1'0
  Constant input on bit 1166 of port A: 1'0
  Constant input on bit 1167 of port A: 1'0
  Constant input on bit 1168 of port A: 1'0
  Constant input on bit 1169 of port A: 1'0
  Constant input on bit 1170 of port A: 1'0
  Constant input on bit 1171 of port A: 1'0
  Constant input on bit 1172 of port A: 1'0
  Constant input on bit 1173 of port A: 1'0
  Constant input on bit 1174 of port A: 1'0
  Constant input on bit 1175 of port A: 1'0
  Constant input on bit 1176 of port A: 1'0
  Constant input on bit 1177 of port A: 1'0
  Constant input on bit 1178 of port A: 1'0
  Constant input on bit 1179 of port A: 1'0
  Constant input on bit 1180 of port A: 1'0
  Constant input on bit 1181 of port A: 1'0
  Constant input on bit 1182 of port A: 1'0
  Constant input on bit 1183 of port A: 1'0
  Constant input on bit 1184 of port A: 1'0
  Constant input on bit 1185 of port A: 1'0
  Constant input on bit 1186 of port A: 1'0
  Constant input on bit 1187 of port A: 1'0
  Constant input on bit 1188 of port A: 1'0
  Constant input on bit 1189 of port A: 1'0
  Constant input on bit 1190 of port A: 1'0
  Constant input on bit 1191 of port A: 1'0
  Constant input on bit 1192 of port A: 1'0
  Constant input on bit 1193 of port A: 1'0
  Constant input on bit 1194 of port A: 1'0
  Constant input on bit 1195 of port A: 1'0
  Constant input on bit 1196 of port A: 1'0
  Constant input on bit 1197 of port A: 1'0
  Constant input on bit 1198 of port A: 1'0
  Constant input on bit 1199 of port A: 1'0
  Constant input on bit 1200 of port A: 1'0
  Constant input on bit 1201 of port A: 1'0
  Constant input on bit 1202 of port A: 1'0
  Constant input on bit 1203 of port A: 1'0
  Constant input on bit 1204 of port A: 1'0
  Constant input on bit 1205 of port A: 1'0
  Constant input on bit 1206 of port A: 1'0
  Constant input on bit 1207 of port A: 1'0
  Constant input on bit 1208 of port A: 1'0
  Constant input on bit 1209 of port A: 1'0
  Constant input on bit 1210 of port A: 1'0
  Constant input on bit 1211 of port A: 1'0
  Constant input on bit 1212 of port A: 1'0
  Constant input on bit 1213 of port A: 1'0
  Constant input on bit 1214 of port A: 1'0
  Constant input on bit 1215 of port A: 1'0
  Constant input on bit 1216 of port A: 1'0
  Constant input on bit 1217 of port A: 1'0
  Constant input on bit 1218 of port A: 1'0
  Constant input on bit 1219 of port A: 1'0
  Constant input on bit 1220 of port A: 1'0
  Constant input on bit 1221 of port A: 1'0
  Constant input on bit 1222 of port A: 1'0
  Constant input on bit 1223 of port A: 1'0
  Constant input on bit 1224 of port A: 1'0
  Constant input on bit 1225 of port A: 1'0
  Constant input on bit 1226 of port A: 1'0
  Constant input on bit 1227 of port A: 1'0
  Constant input on bit 1228 of port A: 1'0
  Constant input on bit 1229 of port A: 1'0
  Constant input on bit 1230 of port A: 1'0
  Constant input on bit 1231 of port A: 1'0
  Constant input on bit 1232 of port A: 1'0
  Constant input on bit 1233 of port A: 1'0
  Constant input on bit 1234 of port A: 1'0
  Constant input on bit 1235 of port A: 1'0
  Constant input on bit 1236 of port A: 1'0
  Constant input on bit 1237 of port A: 1'0
  Constant input on bit 1238 of port A: 1'0
  Constant input on bit 1239 of port A: 1'0
  Constant input on bit 1240 of port A: 1'0
  Constant input on bit 1241 of port A: 1'0
  Constant input on bit 1242 of port A: 1'0
  Constant input on bit 1243 of port A: 1'0
  Constant input on bit 1244 of port A: 1'0
  Constant input on bit 1245 of port A: 1'0
  Constant input on bit 1246 of port A: 1'0
  Constant input on bit 1247 of port A: 1'0
  Constant input on bit 1248 of port A: 1'0
  Constant input on bit 1249 of port A: 1'0
  Constant input on bit 1250 of port A: 1'0
  Constant input on bit 1251 of port A: 1'0
  Constant input on bit 1252 of port A: 1'0
  Constant input on bit 1253 of port A: 1'0
  Constant input on bit 1254 of port A: 1'0
  Constant input on bit 1255 of port A: 1'0
  Constant input on bit 1256 of port A: 1'0
  Constant input on bit 1257 of port A: 1'0
  Constant input on bit 1258 of port A: 1'0
  Constant input on bit 1259 of port A: 1'0
  Constant input on bit 1260 of port A: 1'0
  Constant input on bit 1261 of port A: 1'0
  Constant input on bit 1262 of port A: 1'0
  Constant input on bit 1263 of port A: 1'0
  Constant input on bit 1264 of port A: 1'0
  Constant input on bit 1265 of port A: 1'0
  Constant input on bit 1266 of port A: 1'0
  Constant input on bit 1267 of port A: 1'0
  Constant input on bit 1268 of port A: 1'0
  Constant input on bit 1269 of port A: 1'0
  Constant input on bit 1270 of port A: 1'0
  Constant input on bit 1271 of port A: 1'0
  Constant input on bit 1272 of port A: 1'0
  Constant input on bit 1273 of port A: 1'0
  Constant input on bit 1274 of port A: 1'0
  Constant input on bit 1275 of port A: 1'0
  Constant input on bit 1276 of port A: 1'0
  Constant input on bit 1277 of port A: 1'0
  Constant input on bit 1278 of port A: 1'0
  Constant input on bit 1279 of port A: 1'0
  Constant input on bit 1280 of port A: 1'0
  Constant input on bit 1281 of port A: 1'0
  Constant input on bit 1282 of port A: 1'0
  Constant input on bit 1283 of port A: 1'0
  Constant input on bit 1284 of port A: 1'0
  Constant input on bit 1285 of port A: 1'0
  Constant input on bit 1286 of port A: 1'0
  Constant input on bit 1287 of port A: 1'0
  Constant input on bit 1288 of port A: 1'0
  Constant input on bit 1289 of port A: 1'0
  Constant input on bit 1290 of port A: 1'0
  Constant input on bit 1291 of port A: 1'0
  Constant input on bit 1292 of port A: 1'0
  Constant input on bit 1293 of port A: 1'0
  Constant input on bit 1294 of port A: 1'0
  Constant input on bit 1295 of port A: 1'0
  Constant input on bit 1296 of port A: 1'0
  Constant input on bit 1297 of port A: 1'0
  Constant input on bit 1298 of port A: 1'0
  Constant input on bit 1299 of port A: 1'0
  Constant input on bit 1300 of port A: 1'0
  Constant input on bit 1301 of port A: 1'0
  Constant input on bit 1302 of port A: 1'0
  Constant input on bit 1303 of port A: 1'0
  Constant input on bit 1304 of port A: 1'0
  Constant input on bit 1305 of port A: 1'0
  Constant input on bit 1306 of port A: 1'0
  Constant input on bit 1307 of port A: 1'0
  Constant input on bit 1308 of port A: 1'0
  Constant input on bit 1309 of port A: 1'0
  Constant input on bit 1310 of port A: 1'0
  Constant input on bit 1311 of port A: 1'0
  Constant input on bit 1312 of port A: 1'0
  Constant input on bit 1313 of port A: 1'0
  Constant input on bit 1314 of port A: 1'0
  Constant input on bit 1315 of port A: 1'0
  Constant input on bit 1316 of port A: 1'0
  Constant input on bit 1317 of port A: 1'0
  Constant input on bit 1318 of port A: 1'0
  Constant input on bit 1319 of port A: 1'0
  Constant input on bit 1320 of port A: 1'0
  Constant input on bit 1321 of port A: 1'0
  Constant input on bit 1322 of port A: 1'0
  Constant input on bit 1323 of port A: 1'0
  Constant input on bit 1324 of port A: 1'0
  Constant input on bit 1325 of port A: 1'0
  Constant input on bit 1326 of port A: 1'0
  Constant input on bit 1327 of port A: 1'0
  Constant input on bit 1328 of port A: 1'0
  Constant input on bit 1329 of port A: 1'0
  Constant input on bit 1330 of port A: 1'0
  Constant input on bit 1331 of port A: 1'0
  Constant input on bit 1332 of port A: 1'0
  Constant input on bit 1333 of port A: 1'0
  Constant input on bit 1334 of port A: 1'0
  Constant input on bit 1335 of port A: 1'0
  Constant input on bit 1336 of port A: 1'0
  Constant input on bit 1337 of port A: 1'0
  Constant input on bit 1338 of port A: 1'0
  Constant input on bit 1339 of port A: 1'0
  Constant input on bit 1340 of port A: 1'0
  Constant input on bit 1341 of port A: 1'0
  Constant input on bit 1342 of port A: 1'0
  Constant input on bit 1343 of port A: 1'0
  Constant input on bit 1344 of port A: 1'0
  Constant input on bit 1345 of port A: 1'0
  Constant input on bit 1346 of port A: 1'0
  Constant input on bit 1347 of port A: 1'0
  Constant input on bit 1348 of port A: 1'0
  Constant input on bit 1349 of port A: 1'0
  Constant input on bit 1350 of port A: 1'0
  Constant input on bit 1351 of port A: 1'0
  Constant input on bit 1352 of port A: 1'0
  Constant input on bit 1353 of port A: 1'0
  Constant input on bit 1354 of port A: 1'0
  Constant input on bit 1355 of port A: 1'0
  Constant input on bit 1356 of port A: 1'0
  Constant input on bit 1357 of port A: 1'0
  Constant input on bit 1358 of port A: 1'0
  Constant input on bit 1359 of port A: 1'0
  Constant input on bit 1360 of port A: 1'0
  Constant input on bit 1361 of port A: 1'0
  Constant input on bit 1362 of port A: 1'0
  Constant input on bit 1363 of port A: 1'0
  Constant input on bit 1364 of port A: 1'0
  Constant input on bit 1365 of port A: 1'0
  Constant input on bit 1366 of port A: 1'0
  Constant input on bit 1367 of port A: 1'0
  Constant input on bit 1368 of port A: 1'0
  Constant input on bit 1369 of port A: 1'0
  Constant input on bit 1370 of port A: 1'0
  Constant input on bit 1371 of port A: 1'0
  Constant input on bit 1372 of port A: 1'0
  Constant input on bit 1373 of port A: 1'0
  Constant input on bit 1374 of port A: 1'0
  Constant input on bit 1375 of port A: 1'0
  Constant input on bit 1376 of port A: 1'0
  Constant input on bit 1377 of port A: 1'0
  Constant input on bit 1378 of port A: 1'0
  Constant input on bit 1379 of port A: 1'0
  Constant input on bit 1380 of port A: 1'0
  Constant input on bit 1381 of port A: 1'0
  Constant input on bit 1382 of port A: 1'0
  Constant input on bit 1383 of port A: 1'0
  Constant input on bit 1384 of port A: 1'0
  Constant input on bit 1385 of port A: 1'0
  Constant input on bit 1386 of port A: 1'0
  Constant input on bit 1387 of port A: 1'0
  Constant input on bit 1388 of port A: 1'0
  Constant input on bit 1389 of port A: 1'0
  Constant input on bit 1390 of port A: 1'0
  Constant input on bit 1391 of port A: 1'0
  Constant input on bit 1392 of port A: 1'0
  Constant input on bit 1393 of port A: 1'0
  Constant input on bit 1394 of port A: 1'0
  Constant input on bit 1395 of port A: 1'0
  Constant input on bit 1396 of port A: 1'0
  Constant input on bit 1397 of port A: 1'0
  Constant input on bit 1398 of port A: 1'0
  Constant input on bit 1399 of port A: 1'0
  Constant input on bit 1400 of port A: 1'0
  Constant input on bit 1401 of port A: 1'0
  Constant input on bit 1402 of port A: 1'0
  Constant input on bit 1403 of port A: 1'0
  Constant input on bit 1404 of port A: 1'0
  Constant input on bit 1405 of port A: 1'0
  Constant input on bit 1406 of port A: 1'0
  Constant input on bit 1407 of port A: 1'0
  Constant input on bit 1408 of port A: 1'0
  Constant input on bit 1409 of port A: 1'0
  Constant input on bit 1410 of port A: 1'0
  Constant input on bit 1411 of port A: 1'0
  Constant input on bit 1412 of port A: 1'0
  Constant input on bit 1413 of port A: 1'0
  Constant input on bit 1414 of port A: 1'0
  Constant input on bit 1415 of port A: 1'0
  Constant input on bit 1416 of port A: 1'0
  Constant input on bit 1417 of port A: 1'0
  Constant input on bit 1418 of port A: 1'0
  Constant input on bit 1419 of port A: 1'0
  Constant input on bit 1420 of port A: 1'0
  Constant input on bit 1421 of port A: 1'0
  Constant input on bit 1422 of port A: 1'0
  Constant input on bit 1423 of port A: 1'0
  Constant input on bit 1424 of port A: 1'0
  Constant input on bit 1425 of port A: 1'0
  Constant input on bit 1426 of port A: 1'0
  Constant input on bit 1427 of port A: 1'0
  Constant input on bit 1428 of port A: 1'0
  Constant input on bit 1429 of port A: 1'0
  Constant input on bit 1430 of port A: 1'0
  Constant input on bit 1431 of port A: 1'0
  Constant input on bit 1432 of port A: 1'0
  Constant input on bit 1433 of port A: 1'0
  Constant input on bit 1434 of port A: 1'0
  Constant input on bit 1435 of port A: 1'0
  Constant input on bit 1436 of port A: 1'0
  Constant input on bit 1437 of port A: 1'0
  Constant input on bit 1438 of port A: 1'0
  Constant input on bit 1439 of port A: 1'0
  Constant input on bit 1440 of port A: 1'0
  Constant input on bit 1441 of port A: 1'0
  Constant input on bit 1442 of port A: 1'0
  Constant input on bit 1443 of port A: 1'0
  Constant input on bit 1444 of port A: 1'0
  Constant input on bit 1445 of port A: 1'0
  Constant input on bit 1446 of port A: 1'0
  Constant input on bit 1447 of port A: 1'0
  Constant input on bit 1448 of port A: 1'0
  Constant input on bit 1449 of port A: 1'0
  Constant input on bit 1450 of port A: 1'0
  Constant input on bit 1451 of port A: 1'0
  Constant input on bit 1452 of port A: 1'0
  Constant input on bit 1453 of port A: 1'0
  Constant input on bit 1454 of port A: 1'0
  Constant input on bit 1455 of port A: 1'0
  Constant input on bit 1456 of port A: 1'0
  Constant input on bit 1457 of port A: 1'0
  Constant input on bit 1458 of port A: 1'0
  Constant input on bit 1459 of port A: 1'0
  Constant input on bit 1460 of port A: 1'0
  Constant input on bit 1461 of port A: 1'0
  Constant input on bit 1462 of port A: 1'0
  Constant input on bit 1463 of port A: 1'0
  Constant input on bit 1464 of port A: 1'0
  Constant input on bit 1465 of port A: 1'0
  Constant input on bit 1466 of port A: 1'0
  Constant input on bit 1467 of port A: 1'0
  Constant input on bit 1468 of port A: 1'0
  Constant input on bit 1469 of port A: 1'0
  Constant input on bit 1470 of port A: 1'0
  Constant input on bit 1471 of port A: 1'0
  Constant input on bit 1472 of port A: 1'0
  Constant input on bit 1473 of port A: 1'0
  Constant input on bit 1474 of port A: 1'0
  Constant input on bit 1475 of port A: 1'0
  Constant input on bit 1476 of port A: 1'0
  Constant input on bit 1477 of port A: 1'0
  Constant input on bit 1478 of port A: 1'0
  Constant input on bit 1479 of port A: 1'0
  Constant input on bit 1480 of port A: 1'0
  Constant input on bit 1481 of port A: 1'0
  Constant input on bit 1482 of port A: 1'0
  Constant input on bit 1483 of port A: 1'0
  Constant input on bit 1484 of port A: 1'0
  Constant input on bit 1485 of port A: 1'0
  Constant input on bit 1486 of port A: 1'0
  Constant input on bit 1487 of port A: 1'0
  Constant input on bit 1488 of port A: 1'0
  Constant input on bit 1489 of port A: 1'0
  Constant input on bit 1490 of port A: 1'0
  Constant input on bit 1491 of port A: 1'0
  Constant input on bit 1492 of port A: 1'0
  Constant input on bit 1493 of port A: 1'0
  Constant input on bit 1494 of port A: 1'0
  Constant input on bit 1495 of port A: 1'0
  Constant input on bit 1496 of port A: 1'0
  Constant input on bit 1497 of port A: 1'0
  Constant input on bit 1498 of port A: 1'0
  Constant input on bit 1499 of port A: 1'0
  Constant input on bit 1500 of port A: 1'0
  Constant input on bit 1501 of port A: 1'0
  Constant input on bit 1502 of port A: 1'0
  Constant input on bit 1503 of port A: 1'0
  Constant input on bit 1504 of port A: 1'0
  Constant input on bit 1505 of port A: 1'0
  Constant input on bit 1506 of port A: 1'0
  Constant input on bit 1507 of port A: 1'0
  Constant input on bit 1508 of port A: 1'0
  Constant input on bit 1509 of port A: 1'0
  Constant input on bit 1510 of port A: 1'0
  Constant input on bit 1511 of port A: 1'0
  Constant input on bit 1512 of port A: 1'0
  Constant input on bit 1513 of port A: 1'0
  Constant input on bit 1514 of port A: 1'0
  Constant input on bit 1515 of port A: 1'0
  Constant input on bit 1516 of port A: 1'0
  Constant input on bit 1517 of port A: 1'0
  Constant input on bit 1518 of port A: 1'0
  Constant input on bit 1519 of port A: 1'0
  Constant input on bit 1520 of port A: 1'0
  Constant input on bit 1521 of port A: 1'0
  Constant input on bit 1522 of port A: 1'0
  Constant input on bit 1523 of port A: 1'0
  Constant input on bit 1524 of port A: 1'0
  Constant input on bit 1525 of port A: 1'0
  Constant input on bit 1526 of port A: 1'0
  Constant input on bit 1527 of port A: 1'0
  Constant input on bit 1528 of port A: 1'0
  Constant input on bit 1529 of port A: 1'0
  Constant input on bit 1530 of port A: 1'0
  Constant input on bit 1531 of port A: 1'0
  Constant input on bit 1532 of port A: 1'0
  Constant input on bit 1533 of port A: 1'0
  Constant input on bit 1534 of port A: 1'0
  Constant input on bit 1535 of port A: 1'0
  Constant input on bit 1536 of port A: 1'0
  Constant input on bit 1537 of port A: 1'0
  Constant input on bit 1538 of port A: 1'0
  Constant input on bit 1539 of port A: 1'0
  Constant input on bit 1540 of port A: 1'0
  Constant input on bit 1541 of port A: 1'0
  Constant input on bit 1542 of port A: 1'0
  Constant input on bit 1543 of port A: 1'0
  Constant input on bit 1544 of port A: 1'0
  Constant input on bit 1545 of port A: 1'0
  Constant input on bit 1546 of port A: 1'0
  Constant input on bit 1547 of port A: 1'0
  Constant input on bit 1548 of port A: 1'0
  Constant input on bit 1549 of port A: 1'0
  Constant input on bit 1550 of port A: 1'0
  Constant input on bit 1551 of port A: 1'0
  Constant input on bit 1552 of port A: 1'0
  Constant input on bit 1553 of port A: 1'0
  Constant input on bit 1554 of port A: 1'0
  Constant input on bit 1555 of port A: 1'0
  Constant input on bit 1556 of port A: 1'0
  Constant input on bit 1557 of port A: 1'0
  Constant input on bit 1558 of port A: 1'0
  Constant input on bit 1559 of port A: 1'0
  Constant input on bit 1560 of port A: 1'0
  Constant input on bit 1561 of port A: 1'0
  Constant input on bit 1562 of port A: 1'0
  Constant input on bit 1563 of port A: 1'0
  Constant input on bit 1564 of port A: 1'0
  Constant input on bit 1565 of port A: 1'0
  Constant input on bit 1566 of port A: 1'0
  Constant input on bit 1567 of port A: 1'0
  Constant input on bit 1568 of port A: 1'0
  Constant input on bit 1569 of port A: 1'0
  Constant input on bit 1570 of port A: 1'0
  Constant input on bit 1571 of port A: 1'0
  Constant input on bit 1572 of port A: 1'0
  Constant input on bit 1573 of port A: 1'0
  Constant input on bit 1574 of port A: 1'0
  Constant input on bit 1575 of port A: 1'0
  Constant input on bit 1576 of port A: 1'0
  Constant input on bit 1577 of port A: 1'0
  Constant input on bit 1578 of port A: 1'0
  Constant input on bit 1579 of port A: 1'0
  Constant input on bit 1580 of port A: 1'0
  Constant input on bit 1581 of port A: 1'0
  Constant input on bit 1582 of port A: 1'0
  Constant input on bit 1583 of port A: 1'0
  Constant input on bit 1584 of port A: 1'0
  Constant input on bit 1585 of port A: 1'0
  Constant input on bit 1586 of port A: 1'0
  Constant input on bit 1587 of port A: 1'0
  Constant input on bit 1588 of port A: 1'0
  Constant input on bit 1589 of port A: 1'0
  Constant input on bit 1590 of port A: 1'0
  Constant input on bit 1591 of port A: 1'0
  Constant input on bit 1592 of port A: 1'0
  Constant input on bit 1593 of port A: 1'0
  Constant input on bit 1594 of port A: 1'0
  Constant input on bit 1595 of port A: 1'0
  Constant input on bit 1596 of port A: 1'0
  Constant input on bit 1597 of port A: 1'0
  Constant input on bit 1598 of port A: 1'0
  Constant input on bit 1599 of port A: 1'0
  Constant input on bit 1600 of port A: 1'0
  Constant input on bit 1601 of port A: 1'0
  Constant input on bit 1602 of port A: 1'0
  Constant input on bit 1603 of port A: 1'0
  Constant input on bit 1604 of port A: 1'0
  Constant input on bit 1605 of port A: 1'0
  Constant input on bit 1606 of port A: 1'0
  Constant input on bit 1607 of port A: 1'0
  Constant input on bit 1608 of port A: 1'0
  Constant input on bit 1609 of port A: 1'0
  Constant input on bit 1610 of port A: 1'0
  Constant input on bit 1611 of port A: 1'0
  Constant input on bit 1612 of port A: 1'0
  Constant input on bit 1613 of port A: 1'0
  Constant input on bit 1614 of port A: 1'0
  Constant input on bit 1615 of port A: 1'0
  Constant input on bit 1616 of port A: 1'0
  Constant input on bit 1617 of port A: 1'0
  Constant input on bit 1618 of port A: 1'0
  Constant input on bit 1619 of port A: 1'0
  Constant input on bit 1620 of port A: 1'0
  Constant input on bit 1621 of port A: 1'0
  Constant input on bit 1622 of port A: 1'0
  Constant input on bit 1623 of port A: 1'0
  Constant input on bit 1624 of port A: 1'0
  Constant input on bit 1625 of port A: 1'0
  Constant input on bit 1626 of port A: 1'0
  Constant input on bit 1627 of port A: 1'0
  Constant input on bit 1628 of port A: 1'0
  Constant input on bit 1629 of port A: 1'0
  Constant input on bit 1630 of port A: 1'0
  Constant input on bit 1631 of port A: 1'0
  Constant input on bit 1632 of port A: 1'0
  Constant input on bit 1633 of port A: 1'0
  Constant input on bit 1634 of port A: 1'0
  Constant input on bit 1635 of port A: 1'0
  Constant input on bit 1636 of port A: 1'0
  Constant input on bit 1637 of port A: 1'0
  Constant input on bit 1638 of port A: 1'0
  Constant input on bit 1639 of port A: 1'0
  Constant input on bit 1640 of port A: 1'0
  Constant input on bit 1641 of port A: 1'0
  Constant input on bit 1642 of port A: 1'0
  Constant input on bit 1643 of port A: 1'0
  Constant input on bit 1644 of port A: 1'0
  Constant input on bit 1645 of port A: 1'0
  Constant input on bit 1646 of port A: 1'0
  Constant input on bit 1647 of port A: 1'0
  Constant input on bit 1648 of port A: 1'0
  Constant input on bit 1649 of port A: 1'0
  Constant input on bit 1650 of port A: 1'0
  Constant input on bit 1651 of port A: 1'0
  Constant input on bit 1652 of port A: 1'0
  Constant input on bit 1653 of port A: 1'0
  Constant input on bit 1654 of port A: 1'0
  Constant input on bit 1655 of port A: 1'0
  Constant input on bit 1656 of port A: 1'0
  Constant input on bit 1657 of port A: 1'0
  Constant input on bit 1658 of port A: 1'0
  Constant input on bit 1659 of port A: 1'0
  Constant input on bit 1660 of port A: 1'0
  Constant input on bit 1661 of port A: 1'0
  Constant input on bit 1662 of port A: 1'0
  Constant input on bit 1663 of port A: 1'0
  Constant input on bit 1664 of port A: 1'0
  Constant input on bit 1665 of port A: 1'0
  Constant input on bit 1666 of port A: 1'0
  Constant input on bit 1667 of port A: 1'0
  Constant input on bit 1668 of port A: 1'0
  Constant input on bit 1669 of port A: 1'0
  Constant input on bit 1670 of port A: 1'0
  Constant input on bit 1671 of port A: 1'0
  Constant input on bit 1672 of port A: 1'0
  Constant input on bit 1673 of port A: 1'0
  Constant input on bit 1674 of port A: 1'0
  Constant input on bit 1675 of port A: 1'0
  Constant input on bit 1676 of port A: 1'0
  Constant input on bit 1677 of port A: 1'0
  Constant input on bit 1678 of port A: 1'0
  Constant input on bit 1679 of port A: 1'0
  Constant input on bit 1680 of port A: 1'0
  Constant input on bit 1681 of port A: 1'0
  Constant input on bit 1682 of port A: 1'0
  Constant input on bit 1683 of port A: 1'0
  Constant input on bit 1684 of port A: 1'0
  Constant input on bit 1685 of port A: 1'0
  Constant input on bit 1686 of port A: 1'0
  Constant input on bit 1687 of port A: 1'0
  Constant input on bit 1688 of port A: 1'0
  Constant input on bit 1689 of port A: 1'0
  Constant input on bit 1690 of port A: 1'0
  Constant input on bit 1691 of port A: 1'0
  Constant input on bit 1692 of port A: 1'0
  Constant input on bit 1693 of port A: 1'0
  Constant input on bit 1694 of port A: 1'0
  Constant input on bit 1695 of port A: 1'0
  Constant input on bit 1696 of port A: 1'0
  Constant input on bit 1697 of port A: 1'0
  Constant input on bit 1698 of port A: 1'0
  Constant input on bit 1699 of port A: 1'0
  Constant input on bit 1700 of port A: 1'0
  Constant input on bit 1701 of port A: 1'0
  Constant input on bit 1702 of port A: 1'0
  Constant input on bit 1703 of port A: 1'0
  Constant input on bit 1704 of port A: 1'0
  Constant input on bit 1705 of port A: 1'0
  Constant input on bit 1706 of port A: 1'0
  Constant input on bit 1707 of port A: 1'0
  Constant input on bit 1708 of port A: 1'0
  Constant input on bit 1709 of port A: 1'0
  Constant input on bit 1710 of port A: 1'0
  Constant input on bit 1711 of port A: 1'0
  Constant input on bit 1712 of port A: 1'0
  Constant input on bit 1713 of port A: 1'0
  Constant input on bit 1714 of port A: 1'0
  Constant input on bit 1715 of port A: 1'0
  Constant input on bit 1716 of port A: 1'0
  Constant input on bit 1717 of port A: 1'0
  Constant input on bit 1718 of port A: 1'0
  Constant input on bit 1719 of port A: 1'0
  Constant input on bit 1720 of port A: 1'0
  Constant input on bit 1721 of port A: 1'0
  Constant input on bit 1722 of port A: 1'0
  Constant input on bit 1723 of port A: 1'0
  Constant input on bit 1724 of port A: 1'0
  Constant input on bit 1725 of port A: 1'0
  Constant input on bit 1726 of port A: 1'0
  Constant input on bit 1727 of port A: 1'0
  Constant input on bit 1728 of port A: 1'0
  Constant input on bit 1729 of port A: 1'0
  Constant input on bit 1730 of port A: 1'0
  Constant input on bit 1731 of port A: 1'0
  Constant input on bit 1732 of port A: 1'0
  Constant input on bit 1733 of port A: 1'0
  Constant input on bit 1734 of port A: 1'0
  Constant input on bit 1735 of port A: 1'0
  Constant input on bit 1736 of port A: 1'0
  Constant input on bit 1737 of port A: 1'0
  Constant input on bit 1738 of port A: 1'0
  Constant input on bit 1739 of port A: 1'0
  Constant input on bit 1740 of port A: 1'0
  Constant input on bit 1741 of port A: 1'0
  Constant input on bit 1742 of port A: 1'0
  Constant input on bit 1743 of port A: 1'0
  Constant input on bit 1744 of port A: 1'0
  Constant input on bit 1745 of port A: 1'0
  Constant input on bit 1746 of port A: 1'0
  Constant input on bit 1747 of port A: 1'0
  Constant input on bit 1748 of port A: 1'0
  Constant input on bit 1749 of port A: 1'0
  Constant input on bit 1750 of port A: 1'0
  Constant input on bit 1751 of port A: 1'0
  Constant input on bit 1752 of port A: 1'0
  Constant input on bit 1753 of port A: 1'0
  Constant input on bit 1754 of port A: 1'0
  Constant input on bit 1755 of port A: 1'0
  Constant input on bit 1756 of port A: 1'0
  Constant input on bit 1757 of port A: 1'0
  Constant input on bit 1758 of port A: 1'0
  Constant input on bit 1759 of port A: 1'0
  Constant input on bit 1760 of port A: 1'0
  Constant input on bit 1761 of port A: 1'0
  Constant input on bit 1762 of port A: 1'0
  Constant input on bit 1763 of port A: 1'0
  Constant input on bit 1764 of port A: 1'0
  Constant input on bit 1765 of port A: 1'0
  Constant input on bit 1766 of port A: 1'0
  Constant input on bit 1767 of port A: 1'0
  Constant input on bit 1768 of port A: 1'0
  Constant input on bit 1769 of port A: 1'0
  Constant input on bit 1770 of port A: 1'0
  Constant input on bit 1771 of port A: 1'0
  Constant input on bit 1772 of port A: 1'0
  Constant input on bit 1773 of port A: 1'0
  Constant input on bit 1774 of port A: 1'0
  Constant input on bit 1775 of port A: 1'0
  Constant input on bit 1776 of port A: 1'0
  Constant input on bit 1777 of port A: 1'0
  Constant input on bit 1778 of port A: 1'0
  Constant input on bit 1779 of port A: 1'0
  Constant input on bit 1780 of port A: 1'0
  Constant input on bit 1781 of port A: 1'0
  Constant input on bit 1782 of port A: 1'0
  Constant input on bit 1783 of port A: 1'0
  Constant input on bit 1784 of port A: 1'0
  Constant input on bit 1785 of port A: 1'0
  Constant input on bit 1786 of port A: 1'0
  Constant input on bit 1787 of port A: 1'0
  Constant input on bit 1788 of port A: 1'0
  Constant input on bit 1789 of port A: 1'0
  Constant input on bit 1790 of port A: 1'0
  Constant input on bit 1791 of port A: 1'0
  Constant input on bit 1792 of port A: 1'0
  Constant input on bit 1793 of port A: 1'0
  Constant input on bit 1794 of port A: 1'0
  Constant input on bit 1795 of port A: 1'0
  Constant input on bit 1796 of port A: 1'0
  Constant input on bit 1797 of port A: 1'0
  Constant input on bit 1798 of port A: 1'0
  Constant input on bit 1799 of port A: 1'0
  Constant input on bit 1800 of port A: 1'0
  Constant input on bit 1801 of port A: 1'0
  Constant input on bit 1802 of port A: 1'0
  Constant input on bit 1803 of port A: 1'0
  Constant input on bit 1804 of port A: 1'0
  Constant input on bit 1805 of port A: 1'0
  Constant input on bit 1806 of port A: 1'0
  Constant input on bit 1807 of port A: 1'0
  Constant input on bit 1808 of port A: 1'0
  Constant input on bit 1809 of port A: 1'0
  Constant input on bit 1810 of port A: 1'0
  Constant input on bit 1811 of port A: 1'0
  Constant input on bit 1812 of port A: 1'0
  Constant input on bit 1813 of port A: 1'0
  Constant input on bit 1814 of port A: 1'0
  Constant input on bit 1815 of port A: 1'0
  Constant input on bit 1816 of port A: 1'0
  Constant input on bit 1817 of port A: 1'0
  Constant input on bit 1818 of port A: 1'0
  Constant input on bit 1819 of port A: 1'0
  Constant input on bit 1820 of port A: 1'0
  Constant input on bit 1821 of port A: 1'0
  Constant input on bit 1822 of port A: 1'0
  Constant input on bit 1823 of port A: 1'0
  Constant input on bit 1824 of port A: 1'0
  Constant input on bit 1825 of port A: 1'0
  Constant input on bit 1826 of port A: 1'0
  Constant input on bit 1827 of port A: 1'0
  Constant input on bit 1828 of port A: 1'0
  Constant input on bit 1829 of port A: 1'0
  Constant input on bit 1830 of port A: 1'0
  Constant input on bit 1831 of port A: 1'0
  Constant input on bit 1832 of port A: 1'0
  Constant input on bit 1833 of port A: 1'0
  Constant input on bit 1834 of port A: 1'0
  Constant input on bit 1835 of port A: 1'0
  Constant input on bit 1836 of port A: 1'0
  Constant input on bit 1837 of port A: 1'0
  Constant input on bit 1838 of port A: 1'0
  Constant input on bit 1839 of port A: 1'0
  Constant input on bit 1840 of port A: 1'0
  Constant input on bit 1841 of port A: 1'0
  Constant input on bit 1842 of port A: 1'0
  Constant input on bit 1843 of port A: 1'0
  Constant input on bit 1844 of port A: 1'0
  Constant input on bit 1845 of port A: 1'0
  Constant input on bit 1846 of port A: 1'0
  Constant input on bit 1847 of port A: 1'0
  Constant input on bit 1848 of port A: 1'0
  Constant input on bit 1849 of port A: 1'0
  Constant input on bit 1850 of port A: 1'0
  Constant input on bit 1851 of port A: 1'0
  Constant input on bit 1852 of port A: 1'0
  Constant input on bit 1853 of port A: 1'0
  Constant input on bit 1854 of port A: 1'0
  Constant input on bit 1855 of port A: 1'0
  Constant input on bit 1856 of port A: 1'0
  Constant input on bit 1857 of port A: 1'0
  Constant input on bit 1858 of port A: 1'0
  Constant input on bit 1859 of port A: 1'0
  Constant input on bit 1860 of port A: 1'0
  Constant input on bit 1861 of port A: 1'0
  Constant input on bit 1862 of port A: 1'0
  Constant input on bit 1863 of port A: 1'0
  Constant input on bit 1864 of port A: 1'0
  Constant input on bit 1865 of port A: 1'0
  Constant input on bit 1866 of port A: 1'0
  Constant input on bit 1867 of port A: 1'0
  Constant input on bit 1868 of port A: 1'0
  Constant input on bit 1869 of port A: 1'0
  Constant input on bit 1870 of port A: 1'0
  Constant input on bit 1871 of port A: 1'0
  Constant input on bit 1872 of port A: 1'0
  Constant input on bit 1873 of port A: 1'0
  Constant input on bit 1874 of port A: 1'0
  Constant input on bit 1875 of port A: 1'0
  Constant input on bit 1876 of port A: 1'0
  Constant input on bit 1877 of port A: 1'0
  Constant input on bit 1878 of port A: 1'0
  Constant input on bit 1879 of port A: 1'0
  Constant input on bit 1880 of port A: 1'0
  Constant input on bit 1881 of port A: 1'0
  Constant input on bit 1882 of port A: 1'0
  Constant input on bit 1883 of port A: 1'0
  Constant input on bit 1884 of port A: 1'0
  Constant input on bit 1885 of port A: 1'0
  Constant input on bit 1886 of port A: 1'0
  Constant input on bit 1887 of port A: 1'0
  Constant input on bit 1888 of port A: 1'0
  Constant input on bit 1889 of port A: 1'0
  Constant input on bit 1890 of port A: 1'0
  Constant input on bit 1891 of port A: 1'0
  Constant input on bit 1892 of port A: 1'0
  Constant input on bit 1893 of port A: 1'0
  Constant input on bit 1894 of port A: 1'0
  Constant input on bit 1895 of port A: 1'0
  Constant input on bit 1896 of port A: 1'0
  Constant input on bit 1897 of port A: 1'0
  Constant input on bit 1898 of port A: 1'0
  Constant input on bit 1899 of port A: 1'0
  Constant input on bit 1900 of port A: 1'0
  Constant input on bit 1901 of port A: 1'0
  Constant input on bit 1902 of port A: 1'0
  Constant input on bit 1903 of port A: 1'0
  Constant input on bit 1904 of port A: 1'0
  Constant input on bit 1905 of port A: 1'0
  Constant input on bit 1906 of port A: 1'0
  Constant input on bit 1907 of port A: 1'0
  Constant input on bit 1908 of port A: 1'0
  Constant input on bit 1909 of port A: 1'0
  Constant input on bit 1910 of port A: 1'0
  Constant input on bit 1911 of port A: 1'0
  Constant input on bit 1912 of port A: 1'0
  Constant input on bit 1913 of port A: 1'0
  Constant input on bit 1914 of port A: 1'0
  Constant input on bit 1915 of port A: 1'0
  Constant input on bit 1916 of port A: 1'0
  Constant input on bit 1917 of port A: 1'0
  Constant input on bit 1918 of port A: 1'0
  Constant input on bit 1919 of port A: 1'0
  Constant input on bit 1920 of port A: 1'0
  Constant input on bit 1921 of port A: 1'0
  Constant input on bit 1922 of port A: 1'0
  Constant input on bit 1923 of port A: 1'0
  Constant input on bit 1924 of port A: 1'0
  Constant input on bit 1925 of port A: 1'0
  Constant input on bit 1926 of port A: 1'0
  Constant input on bit 1927 of port A: 1'0
  Constant input on bit 1928 of port A: 1'0
  Constant input on bit 1929 of port A: 1'0
  Constant input on bit 1930 of port A: 1'0
  Constant input on bit 1931 of port A: 1'0
  Constant input on bit 1932 of port A: 1'0
  Constant input on bit 1933 of port A: 1'0
  Constant input on bit 1934 of port A: 1'0
  Constant input on bit 1935 of port A: 1'0
  Constant input on bit 1936 of port A: 1'0
  Constant input on bit 1937 of port A: 1'0
  Constant input on bit 1938 of port A: 1'0
  Constant input on bit 1939 of port A: 1'0
  Constant input on bit 1940 of port A: 1'0
  Constant input on bit 1941 of port A: 1'0
  Constant input on bit 1942 of port A: 1'0
  Constant input on bit 1943 of port A: 1'0
  Constant input on bit 1944 of port A: 1'0
  Constant input on bit 1945 of port A: 1'0
  Constant input on bit 1946 of port A: 1'0
  Constant input on bit 1947 of port A: 1'0
  Constant input on bit 1948 of port A: 1'0
  Constant input on bit 1949 of port A: 1'0
  Constant input on bit 1950 of port A: 1'0
  Constant input on bit 1951 of port A: 1'0
  Constant input on bit 1952 of port A: 1'0
  Constant input on bit 1953 of port A: 1'0
  Constant input on bit 1954 of port A: 1'0
  Constant input on bit 1955 of port A: 1'0
  Constant input on bit 1956 of port A: 1'0
  Constant input on bit 1957 of port A: 1'0
  Constant input on bit 1958 of port A: 1'0
  Constant input on bit 1959 of port A: 1'0
  Constant input on bit 1960 of port A: 1'0
  Constant input on bit 1961 of port A: 1'0
  Constant input on bit 1962 of port A: 1'0
  Constant input on bit 1963 of port A: 1'0
  Constant input on bit 1964 of port A: 1'0
  Constant input on bit 1965 of port A: 1'0
  Constant input on bit 1966 of port A: 1'0
  Constant input on bit 1967 of port A: 1'0
  Constant input on bit 1968 of port A: 1'0
  Constant input on bit 1969 of port A: 1'0
  Constant input on bit 1970 of port A: 1'0
  Constant input on bit 1971 of port A: 1'0
  Constant input on bit 1972 of port A: 1'0
  Constant input on bit 1973 of port A: 1'0
  Constant input on bit 1974 of port A: 1'0
  Constant input on bit 1975 of port A: 1'0
  Constant input on bit 1976 of port A: 1'0
  Constant input on bit 1977 of port A: 1'0
  Constant input on bit 1978 of port A: 1'0
  Constant input on bit 1979 of port A: 1'0
  Constant input on bit 1980 of port A: 1'0
  Constant input on bit 1981 of port A: 1'0
  Constant input on bit 1982 of port A: 1'0
  Constant input on bit 1983 of port A: 1'0
  Constant input on bit 1984 of port A: 1'0
  Constant input on bit 1985 of port A: 1'0
  Constant input on bit 1986 of port A: 1'0
  Constant input on bit 1987 of port A: 1'0
  Constant input on bit 1988 of port A: 1'0
  Constant input on bit 1989 of port A: 1'0
  Constant input on bit 1990 of port A: 1'0
  Constant input on bit 1991 of port A: 1'0
  Constant input on bit 1992 of port A: 1'0
  Constant input on bit 1993 of port A: 1'0
  Constant input on bit 1994 of port A: 1'0
  Constant input on bit 1995 of port A: 1'0
  Constant input on bit 1996 of port A: 1'0
  Constant input on bit 1997 of port A: 1'0
  Constant input on bit 1998 of port A: 1'0
  Constant input on bit 1999 of port A: 1'0
  Constant input on bit 2000 of port A: 1'0
  Constant input on bit 2001 of port A: 1'0
  Constant input on bit 2002 of port A: 1'0
  Constant input on bit 2003 of port A: 1'0
  Constant input on bit 2004 of port A: 1'0
  Constant input on bit 2005 of port A: 1'0
  Constant input on bit 2006 of port A: 1'0
  Constant input on bit 2007 of port A: 1'0
  Constant input on bit 2008 of port A: 1'0
  Constant input on bit 2009 of port A: 1'0
  Constant input on bit 2010 of port A: 1'0
  Constant input on bit 2011 of port A: 1'0
  Constant input on bit 2012 of port A: 1'0
  Constant input on bit 2013 of port A: 1'0
  Constant input on bit 2014 of port A: 1'0
  Constant input on bit 2015 of port A: 1'0
  Constant input on bit 2016 of port A: 1'0
  Constant input on bit 2017 of port A: 1'0
  Constant input on bit 2018 of port A: 1'0
  Constant input on bit 2019 of port A: 1'0
  Constant input on bit 2020 of port A: 1'0
  Constant input on bit 2021 of port A: 1'0
  Constant input on bit 2022 of port A: 1'0
  Constant input on bit 2023 of port A: 1'0
  Constant input on bit 2024 of port A: 1'0
  Constant input on bit 2025 of port A: 1'0
  Constant input on bit 2026 of port A: 1'0
  Constant input on bit 2027 of port A: 1'0
  Constant input on bit 2028 of port A: 1'0
  Constant input on bit 2029 of port A: 1'0
  Constant input on bit 2030 of port A: 1'0
  Constant input on bit 2031 of port A: 1'0
  Constant input on bit 2032 of port A: 1'0
  Constant input on bit 2033 of port A: 1'0
  Constant input on bit 2034 of port A: 1'0
  Constant input on bit 2035 of port A: 1'0
  Constant input on bit 2036 of port A: 1'0
  Constant input on bit 2037 of port A: 1'0
  Constant input on bit 2038 of port A: 1'0
  Constant input on bit 2039 of port A: 1'0
  Constant input on bit 2040 of port A: 1'0
  Constant input on bit 2041 of port A: 1'0
  Constant input on bit 2042 of port A: 1'0
  Constant input on bit 2043 of port A: 1'0
  Constant input on bit 2044 of port A: 1'0
  Constant input on bit 2045 of port A: 1'0
  Constant input on bit 2046 of port A: 1'0
  Constant input on bit 2047 of port A: 1'0
Creating constmapped module `$paramod$constmap:4258b4649ecd518d1b26cd3b097673bcbc6d5eec$paramod$7d00db8a59728ec0e93a9e75d12a59371a9099d5\_90_shift_shiftx'.

12.22. Executing OPT_MUXTREE pass (detect dead branches in mux trees).
Running muxtree optimizer on module $paramod$constmap:4258b4649ecd518d1b26cd3b097673bcbc6d5eec$paramod$7d00db8a59728ec0e93a9e75d12a59371a9099d5\_90_shift_shiftx..
  Creating internal representation of mux trees.
  Evaluating internal representation of mux trees.
  Analyzing evaluation results.
    dead port 1/2 on $mux $procmux$817.
    dead port 2/2 on $mux $procmux$817.
    dead port 1/2 on $mux $procmux$820.
    dead port 2/2 on $mux $procmux$823.
    dead port 2/2 on $mux $procmux$829.
    dead port 2/2 on $mux $procmux$835.
    dead port 2/2 on $mux $procmux$841.
    dead port 2/2 on $mux $procmux$847.
    dead port 1/2 on $mux $procmux$853.
    dead port 2/2 on $mux $procmux$853.
    dead port 1/2 on $mux $procmux$856.
    dead port 1/2 on $mux $procmux$859.
    dead port 2/2 on $mux $procmux$859.
    dead port 1/2 on $mux $procmux$862.
    dead port 1/2 on $mux $procmux$865.
    dead port 2/2 on $mux $procmux$865.
    dead port 1/2 on $mux $procmux$868.
    dead port 1/2 on $mux $procmux$871.
    dead port 2/2 on $mux $procmux$871.
    dead port 1/2 on $mux $procmux$874.
    dead port 1/2 on $mux $procmux$877.
    dead port 2/2 on $mux $procmux$877.
    dead port 1/2 on $mux $procmux$880.
    dead port 1/2 on $mux $procmux$883.
    dead port 2/2 on $mux $procmux$883.
    dead port 1/2 on $mux $procmux$886.
Removed 26 multiplexer ports.
<suppressed ~141 debug messages>

12.23. Executing OPT_EXPR pass (perform const folding).
Optimizing module $paramod$constmap:4258b4649ecd518d1b26cd3b097673bcbc6d5eec$paramod$7d00db8a59728ec0e93a9e75d12a59371a9099d5\_90_shift_shiftx.
<suppressed ~42 debug messages>
Removed 0 unused cells and 64 unused wires.
Using template $paramod$constmap:4258b4649ecd518d1b26cd3b097673bcbc6d5eec$paramod$7d00db8a59728ec0e93a9e75d12a59371a9099d5\_90_shift_shiftx for cells of type $shiftx.
Analyzing pattern of constant bits for this cell:
  Constant input on bit 0 of port B: 1'0
  Constant input on bit 1 of port B: 1'0
  Constant input on bit 2 of port B: 1'0
  Constant input on bit 3 of port B: 1'0
  Constant input on bit 4 of port B: 1'0
  Constant input on bit 5 of port B: 1'0
  Constant input on bit 11 of port B: 1'0
  Constant input on bit 12 of port B: 1'0
  Constant input on bit 13 of port B: 1'0
  Constant input on bit 14 of port B: 1'0
  Constant input on bit 15 of port B: 1'0
  Constant input on bit 16 of port B: 1'0
  Constant input on bit 17 of port B: 1'0
  Constant input on bit 18 of port B: 1'0
  Constant input on bit 19 of port B: 1'0
  Constant input on bit 20 of port B: 1'0
  Constant input on bit 21 of port B: 1'0
  Constant input on bit 22 of port B: 1'0
  Constant input on bit 23 of port B: 1'0
  Constant input on bit 24 of port B: 1'0
  Constant input on bit 25 of port B: 1'0
  Constant input on bit 26 of port B: 1'0
  Constant input on bit 27 of port B: 1'0
  Constant input on bit 28 of port B: 1'0
  Constant input on bit 29 of port B: 1'0
  Constant input on bit 30 of port B: 1'0
  Constant input on bit 31 of port B: 1'0
  Constant input on bit 0 of port A: 1'1
  Constant input on bit 1 of port A: 1'0
  Constant input on bit 2 of port A: 1'0
  Constant input on bit 3 of port A: 1'0
  Constant input on bit 4 of port A: 1'0
  Constant input on bit 5 of port A: 1'0
  Constant input on bit 6 of port A: 1'0
  Constant input on bit 7 of port A: 1'0
  Constant input on bit 8 of port A: 1'1
  Constant input on bit 9 of port A: 1'0
  Constant input on bit 10 of port A: 1'0
  Constant input on bit 11 of port A: 1'0
  Constant input on bit 12 of port A: 1'0
  Constant input on bit 13 of port A: 1'0
  Constant input on bit 14 of port A: 1'0
  Constant input on bit 15 of port A: 1'0
  Constant input on bit 16 of port A: 1'1
  Constant input on bit 17 of port A: 1'0
  Constant input on bit 18 of port A: 1'0
  Constant input on bit 19 of port A: 1'0
  Constant input on bit 20 of port A: 1'0
  Constant input on bit 21 of port A: 1'0
  Constant input on bit 22 of port A: 1'0
  Constant input on bit 23 of port A: 1'0
  Constant input on bit 24 of port A: 1'1
  Constant input on bit 25 of port A: 1'0
  Constant input on bit 26 of port A: 1'0
  Constant input on bit 27 of port A: 1'0
  Constant input on bit 28 of port A: 1'0
  Constant input on bit 29 of port A: 1'0
  Constant input on bit 30 of port A: 1'0
  Constant input on bit 31 of port A: 1'0
  Constant input on bit 32 of port A: 1'1
  Constant input on bit 33 of port A: 1'0
  Constant input on bit 34 of port A: 1'0
  Constant input on bit 35 of port A: 1'0
  Constant input on bit 36 of port A: 1'0
  Constant input on bit 37 of port A: 1'0
  Constant input on bit 38 of port A: 1'0
  Constant input on bit 39 of port A: 1'0
  Constant input on bit 40 of port A: 1'1
  Constant input on bit 41 of port A: 1'0
  Constant input on bit 42 of port A: 1'0
  Constant input on bit 43 of port A: 1'0
  Constant input on bit 44 of port A: 1'0
  Constant input on bit 45 of port A: 1'0
  Constant input on bit 46 of port A: 1'0
  Constant input on bit 47 of port A: 1'0
  Constant input on bit 48 of port A: 1'1
  Constant input on bit 49 of port A: 1'0
  Constant input on bit 50 of port A: 1'0
  Constant input on bit 51 of port A: 1'0
  Constant input on bit 52 of port A: 1'0
  Constant input on bit 53 of port A: 1'0
  Constant input on bit 54 of port A: 1'0
  Constant input on bit 55 of port A: 1'0
  Constant input on bit 56 of port A: 1'1
  Constant input on bit 57 of port A: 1'0
  Constant input on bit 58 of port A: 1'0
  Constant input on bit 59 of port A: 1'0
  Constant input on bit 60 of port A: 1'0
  Constant input on bit 61 of port A: 1'0
  Constant input on bit 62 of port A: 1'0
  Constant input on bit 63 of port A: 1'0
  Constant input on bit 64 of port A: 1'1
  Constant input on bit 65 of port A: 1'0
  Constant input on bit 66 of port A: 1'0
  Constant input on bit 67 of port A: 1'0
  Constant input on bit 68 of port A: 1'0
  Constant input on bit 69 of port A: 1'0
  Constant input on bit 70 of port A: 1'0
  Constant input on bit 71 of port A: 1'0
  Constant input on bit 72 of port A: 1'1
  Constant input on bit 73 of port A: 1'0
  Constant input on bit 74 of port A: 1'0
  Constant input on bit 75 of port A: 1'0
  Constant input on bit 76 of port A: 1'0
  Constant input on bit 77 of port A: 1'0
  Constant input on bit 78 of port A: 1'0
  Constant input on bit 79 of port A: 1'0
  Constant input on bit 80 of port A: 1'1
  Constant input on bit 81 of port A: 1'0
  Constant input on bit 82 of port A: 1'0
  Constant input on bit 83 of port A: 1'0
  Constant input on bit 84 of port A: 1'0
  Constant input on bit 85 of port A: 1'0
  Constant input on bit 86 of port A: 1'0
  Constant input on bit 87 of port A: 1'0
  Constant input on bit 88 of port A: 1'1
  Constant input on bit 89 of port A: 1'0
  Constant input on bit 90 of port A: 1'0
  Constant input on bit 91 of port A: 1'0
  Constant input on bit 92 of port A: 1'0
  Constant input on bit 93 of port A: 1'0
  Constant input on bit 94 of port A: 1'0
  Constant input on bit 95 of port A: 1'0
  Constant input on bit 96 of port A: 1'1
  Constant input on bit 97 of port A: 1'0
  Constant input on bit 98 of port A: 1'0
  Constant input on bit 99 of port A: 1'0
  Constant input on bit 100 of port A: 1'0
  Constant input on bit 101 of port A: 1'0
  Constant input on bit 102 of port A: 1'0
  Constant input on bit 103 of port A: 1'0
  Constant input on bit 104 of port A: 1'1
  Constant input on bit 105 of port A: 1'0
  Constant input on bit 106 of port A: 1'0
  Constant input on bit 107 of port A: 1'0
  Constant input on bit 108 of port A: 1'0
  Constant input on bit 109 of port A: 1'0
  Constant input on bit 110 of port A: 1'0
  Constant input on bit 111 of port A: 1'0
  Constant input on bit 112 of port A: 1'1
  Constant input on bit 113 of port A: 1'0
  Constant input on bit 114 of port A: 1'0
  Constant input on bit 115 of port A: 1'0
  Constant input on bit 116 of port A: 1'0
  Constant input on bit 117 of port A: 1'0
  Constant input on bit 118 of port A: 1'0
  Constant input on bit 119 of port A: 1'0
  Constant input on bit 120 of port A: 1'1
  Constant input on bit 121 of port A: 1'0
  Constant input on bit 122 of port A: 1'0
  Constant input on bit 123 of port A: 1'0
  Constant input on bit 124 of port A: 1'0
  Constant input on bit 125 of port A: 1'0
  Constant input on bit 126 of port A: 1'0
  Constant input on bit 127 of port A: 1'0
  Constant input on bit 128 of port A: 1'1
  Constant input on bit 129 of port A: 1'0
  Constant input on bit 130 of port A: 1'0
  Constant input on bit 131 of port A: 1'0
  Constant input on bit 132 of port A: 1'0
  Constant input on bit 133 of port A: 1'0
  Constant input on bit 134 of port A: 1'0
  Constant input on bit 135 of port A: 1'0
  Constant input on bit 136 of port A: 1'1
  Constant input on bit 137 of port A: 1'0
  Constant input on bit 138 of port A: 1'0
  Constant input on bit 139 of port A: 1'0
  Constant input on bit 140 of port A: 1'0
  Constant input on bit 141 of port A: 1'0
  Constant input on bit 142 of port A: 1'0
  Constant input on bit 143 of port A: 1'0
  Constant input on bit 144 of port A: 1'1
  Constant input on bit 145 of port A: 1'0
  Constant input on bit 146 of port A: 1'0
  Constant input on bit 147 of port A: 1'0
  Constant input on bit 148 of port A: 1'0
  Constant input on bit 149 of port A: 1'0
  Constant input on bit 150 of port A: 1'0
  Constant input on bit 151 of port A: 1'0
  Constant input on bit 152 of port A: 1'1
  Constant input on bit 153 of port A: 1'0
  Constant input on bit 154 of port A: 1'0
  Constant input on bit 155 of port A: 1'0
  Constant input on bit 156 of port A: 1'0
  Constant input on bit 157 of port A: 1'0
  Constant input on bit 158 of port A: 1'0
  Constant input on bit 159 of port A: 1'0
  Constant input on bit 160 of port A: 1'1
  Constant input on bit 161 of port A: 1'0
  Constant input on bit 162 of port A: 1'0
  Constant input on bit 163 of port A: 1'0
  Constant input on bit 164 of port A: 1'0
  Constant input on bit 165 of port A: 1'0
  Constant input on bit 166 of port A: 1'0
  Constant input on bit 167 of port A: 1'0
  Constant input on bit 168 of port A: 1'1
  Constant input on bit 169 of port A: 1'0
  Constant input on bit 170 of port A: 1'0
  Constant input on bit 171 of port A: 1'0
  Constant input on bit 172 of port A: 1'0
  Constant input on bit 173 of port A: 1'0
  Constant input on bit 174 of port A: 1'0
  Constant input on bit 175 of port A: 1'0
  Constant input on bit 176 of port A: 1'1
  Constant input on bit 177 of port A: 1'0
  Constant input on bit 178 of port A: 1'0
  Constant input on bit 179 of port A: 1'0
  Constant input on bit 180 of port A: 1'0
  Constant input on bit 181 of port A: 1'0
  Constant input on bit 182 of port A: 1'0
  Constant input on bit 183 of port A: 1'0
  Constant input on bit 184 of port A: 1'1
  Constant input on bit 185 of port A: 1'0
  Constant input on bit 186 of port A: 1'0
  Constant input on bit 187 of port A: 1'0
  Constant input on bit 188 of port A: 1'0
  Constant input on bit 189 of port A: 1'0
  Constant input on bit 190 of port A: 1'0
  Constant input on bit 191 of port A: 1'0
  Constant input on bit 192 of port A: 1'1
  Constant input on bit 193 of port A: 1'0
  Constant input on bit 194 of port A: 1'0
  Constant input on bit 195 of port A: 1'0
  Constant input on bit 196 of port A: 1'0
  Constant input on bit 197 of port A: 1'0
  Constant input on bit 198 of port A: 1'0
  Constant input on bit 199 of port A: 1'0
  Constant input on bit 200 of port A: 1'1
  Constant input on bit 201 of port A: 1'0
  Constant input on bit 202 of port A: 1'0
  Constant input on bit 203 of port A: 1'0
  Constant input on bit 204 of port A: 1'0
  Constant input on bit 205 of port A: 1'0
  Constant input on bit 206 of port A: 1'0
  Constant input on bit 207 of port A: 1'0
  Constant input on bit 208 of port A: 1'1
  Constant input on bit 209 of port A: 1'0
  Constant input on bit 210 of port A: 1'0
  Constant input on bit 211 of port A: 1'0
  Constant input on bit 212 of port A: 1'0
  Constant input on bit 213 of port A: 1'0
  Constant input on bit 214 of port A: 1'0
  Constant input on bit 215 of port A: 1'0
  Constant input on bit 216 of port A: 1'1
  Constant input on bit 217 of port A: 1'0
  Constant input on bit 218 of port A: 1'0
  Constant input on bit 219 of port A: 1'0
  Constant input on bit 220 of port A: 1'0
  Constant input on bit 221 of port A: 1'0
  Constant input on bit 222 of port A: 1'0
  Constant input on bit 223 of port A: 1'0
  Constant input on bit 224 of port A: 1'1
  Constant input on bit 225 of port A: 1'0
  Constant input on bit 226 of port A: 1'0
  Constant input on bit 227 of port A: 1'0
  Constant input on bit 228 of port A: 1'0
  Constant input on bit 229 of port A: 1'0
  Constant input on bit 230 of port A: 1'0
  Constant input on bit 231 of port A: 1'0
  Constant input on bit 232 of port A: 1'1
  Constant input on bit 233 of port A: 1'0
  Constant input on bit 234 of port A: 1'0
  Constant input on bit 235 of port A: 1'0
  Constant input on bit 236 of port A: 1'0
  Constant input on bit 237 of port A: 1'0
  Constant input on bit 238 of port A: 1'0
  Constant input on bit 239 of port A: 1'0
  Constant input on bit 240 of port A: 1'1
  Constant input on bit 241 of port A: 1'0
  Constant input on bit 242 of port A: 1'0
  Constant input on bit 243 of port A: 1'0
  Constant input on bit 244 of port A: 1'0
  Constant input on bit 245 of port A: 1'0
  Constant input on bit 246 of port A: 1'0
  Constant input on bit 247 of port A: 1'0
  Constant input on bit 248 of port A: 1'1
  Constant input on bit 249 of port A: 1'0
  Constant input on bit 250 of port A: 1'0
  Constant input on bit 251 of port A: 1'0
  Constant input on bit 252 of port A: 1'0
  Constant input on bit 253 of port A: 1'0
  Constant input on bit 254 of port A: 1'0
  Constant input on bit 255 of port A: 1'0
  Constant input on bit 256 of port A: 1'0
  Constant input on bit 257 of port A: 1'0
  Constant input on bit 258 of port A: 1'0
  Constant input on bit 259 of port A: 1'0
  Constant input on bit 260 of port A: 1'0
  Constant input on bit 261 of port A: 1'0
  Constant input on bit 262 of port A: 1'0
  Constant input on bit 263 of port A: 1'0
  Constant input on bit 264 of port A: 1'0
  Constant input on bit 265 of port A: 1'0
  Constant input on bit 266 of port A: 1'0
  Constant input on bit 267 of port A: 1'0
  Constant input on bit 268 of port A: 1'0
  Constant input on bit 269 of port A: 1'0
  Constant input on bit 270 of port A: 1'0
  Constant input on bit 271 of port A: 1'0
  Constant input on bit 272 of port A: 1'0
  Constant input on bit 273 of port A: 1'0
  Constant input on bit 274 of port A: 1'0
  Constant input on bit 275 of port A: 1'0
  Constant input on bit 276 of port A: 1'0
  Constant input on bit 277 of port A: 1'0
  Constant input on bit 278 of port A: 1'0
  Constant input on bit 279 of port A: 1'0
  Constant input on bit 280 of port A: 1'0
  Constant input on bit 281 of port A: 1'0
  Constant input on bit 282 of port A: 1'0
  Constant input on bit 283 of port A: 1'0
  Constant input on bit 284 of port A: 1'0
  Constant input on bit 285 of port A: 1'0
  Constant input on bit 286 of port A: 1'0
  Constant input on bit 287 of port A: 1'0
  Constant input on bit 288 of port A: 1'0
  Constant input on bit 289 of port A: 1'0
  Constant input on bit 290 of port A: 1'0
  Constant input on bit 291 of port A: 1'0
  Constant input on bit 292 of port A: 1'0
  Constant input on bit 293 of port A: 1'0
  Constant input on bit 294 of port A: 1'0
  Constant input on bit 295 of port A: 1'0
  Constant input on bit 296 of port A: 1'0
  Constant input on bit 297 of port A: 1'0
  Constant input on bit 298 of port A: 1'0
  Constant input on bit 299 of port A: 1'0
  Constant input on bit 300 of port A: 1'0
  Constant input on bit 301 of port A: 1'0
  Constant input on bit 302 of port A: 1'0
  Constant input on bit 303 of port A: 1'0
  Constant input on bit 304 of port A: 1'0
  Constant input on bit 305 of port A: 1'0
  Constant input on bit 306 of port A: 1'0
  Constant input on bit 307 of port A: 1'0
  Constant input on bit 308 of port A: 1'0
  Constant input on bit 309 of port A: 1'0
  Constant input on bit 310 of port A: 1'0
  Constant input on bit 311 of port A: 1'0
  Constant input on bit 312 of port A: 1'0
  Constant input on bit 313 of port A: 1'0
  Constant input on bit 314 of port A: 1'0
  Constant input on bit 315 of port A: 1'0
  Constant input on bit 316 of port A: 1'0
  Constant input on bit 317 of port A: 1'0
  Constant input on bit 318 of port A: 1'0
  Constant input on bit 319 of port A: 1'0
  Constant input on bit 320 of port A: 1'0
  Constant input on bit 321 of port A: 1'0
  Constant input on bit 322 of port A: 1'0
  Constant input on bit 323 of port A: 1'0
  Constant input on bit 324 of port A: 1'0
  Constant input on bit 325 of port A: 1'0
  Constant input on bit 326 of port A: 1'0
  Constant input on bit 327 of port A: 1'0
  Constant input on bit 328 of port A: 1'0
  Constant input on bit 329 of port A: 1'0
  Constant input on bit 330 of port A: 1'0
  Constant input on bit 331 of port A: 1'0
  Constant input on bit 332 of port A: 1'0
  Constant input on bit 333 of port A: 1'0
  Constant input on bit 334 of port A: 1'0
  Constant input on bit 335 of port A: 1'0
  Constant input on bit 336 of port A: 1'0
  Constant input on bit 337 of port A: 1'0
  Constant input on bit 338 of port A: 1'0
  Constant input on bit 339 of port A: 1'0
  Constant input on bit 340 of port A: 1'0
  Constant input on bit 341 of port A: 1'0
  Constant input on bit 342 of port A: 1'0
  Constant input on bit 343 of port A: 1'0
  Constant input on bit 344 of port A: 1'0
  Constant input on bit 345 of port A: 1'0
  Constant input on bit 346 of port A: 1'0
  Constant input on bit 347 of port A: 1'0
  Constant input on bit 348 of port A: 1'0
  Constant input on bit 349 of port A: 1'0
  Constant input on bit 350 of port A: 1'0
  Constant input on bit 351 of port A: 1'0
  Constant input on bit 352 of port A: 1'0
  Constant input on bit 353 of port A: 1'0
  Constant input on bit 354 of port A: 1'0
  Constant input on bit 355 of port A: 1'0
  Constant input on bit 356 of port A: 1'0
  Constant input on bit 357 of port A: 1'0
  Constant input on bit 358 of port A: 1'0
  Constant input on bit 359 of port A: 1'0
  Constant input on bit 360 of port A: 1'0
  Constant input on bit 361 of port A: 1'0
  Constant input on bit 362 of port A: 1'0
  Constant input on bit 363 of port A: 1'0
  Constant input on bit 364 of port A: 1'0
  Constant input on bit 365 of port A: 1'0
  Constant input on bit 366 of port A: 1'0
  Constant input on bit 367 of port A: 1'0
  Constant input on bit 368 of port A: 1'0
  Constant input on bit 369 of port A: 1'0
  Constant input on bit 370 of port A: 1'0
  Constant input on bit 371 of port A: 1'0
  Constant input on bit 372 of port A: 1'0
  Constant input on bit 373 of port A: 1'0
  Constant input on bit 374 of port A: 1'0
  Constant input on bit 375 of port A: 1'0
  Constant input on bit 376 of port A: 1'0
  Constant input on bit 377 of port A: 1'0
  Constant input on bit 378 of port A: 1'0
  Constant input on bit 379 of port A: 1'0
  Constant input on bit 380 of port A: 1'0
  Constant input on bit 381 of port A: 1'0
  Constant input on bit 382 of port A: 1'0
  Constant input on bit 383 of port A: 1'0
  Constant input on bit 384 of port A: 1'0
  Constant input on bit 385 of port A: 1'0
  Constant input on bit 386 of port A: 1'0
  Constant input on bit 387 of port A: 1'0
  Constant input on bit 388 of port A: 1'0
  Constant input on bit 389 of port A: 1'0
  Constant input on bit 390 of port A: 1'0
  Constant input on bit 391 of port A: 1'0
  Constant input on bit 392 of port A: 1'0
  Constant input on bit 393 of port A: 1'0
  Constant input on bit 394 of port A: 1'0
  Constant input on bit 395 of port A: 1'0
  Constant input on bit 396 of port A: 1'0
  Constant input on bit 397 of port A: 1'0
  Constant input on bit 398 of port A: 1'0
  Constant input on bit 399 of port A: 1'0
  Constant input on bit 400 of port A: 1'0
  Constant input on bit 401 of port A: 1'0
  Constant input on bit 402 of port A: 1'0
  Constant input on bit 403 of port A: 1'0
  Constant input on bit 404 of port A: 1'0
  Constant input on bit 405 of port A: 1'0
  Constant input on bit 406 of port A: 1'0
  Constant input on bit 407 of port A: 1'0
  Constant input on bit 408 of port A: 1'0
  Constant input on bit 409 of port A: 1'0
  Constant input on bit 410 of port A: 1'0
  Constant input on bit 411 of port A: 1'0
  Constant input on bit 412 of port A: 1'0
  Constant input on bit 413 of port A: 1'0
  Constant input on bit 414 of port A: 1'0
  Constant input on bit 415 of port A: 1'0
  Constant input on bit 416 of port A: 1'0
  Constant input on bit 417 of port A: 1'0
  Constant input on bit 418 of port A: 1'0
  Constant input on bit 419 of port A: 1'0
  Constant input on bit 420 of port A: 1'0
  Constant input on bit 421 of port A: 1'0
  Constant input on bit 422 of port A: 1'0
  Constant input on bit 423 of port A: 1'0
  Constant input on bit 424 of port A: 1'0
  Constant input on bit 425 of port A: 1'0
  Constant input on bit 426 of port A: 1'0
  Constant input on bit 427 of port A: 1'0
  Constant input on bit 428 of port A: 1'0
  Constant input on bit 429 of port A: 1'0
  Constant input on bit 430 of port A: 1'0
  Constant input on bit 431 of port A: 1'0
  Constant input on bit 432 of port A: 1'0
  Constant input on bit 433 of port A: 1'0
  Constant input on bit 434 of port A: 1'0
  Constant input on bit 435 of port A: 1'0
  Constant input on bit 436 of port A: 1'0
  Constant input on bit 437 of port A: 1'0
  Constant input on bit 438 of port A: 1'0
  Constant input on bit 439 of port A: 1'0
  Constant input on bit 440 of port A: 1'0
  Constant input on bit 441 of port A: 1'0
  Constant input on bit 442 of port A: 1'0
  Constant input on bit 443 of port A: 1'0
  Constant input on bit 444 of port A: 1'0
  Constant input on bit 445 of port A: 1'0
  Constant input on bit 446 of port A: 1'0
  Constant input on bit 447 of port A: 1'0
  Constant input on bit 448 of port A: 1'0
  Constant input on bit 449 of port A: 1'0
  Constant input on bit 450 of port A: 1'0
  Constant input on bit 451 of port A: 1'0
  Constant input on bit 452 of port A: 1'0
  Constant input on bit 453 of port A: 1'0
  Constant input on bit 454 of port A: 1'0
  Constant input on bit 455 of port A: 1'0
  Constant input on bit 456 of port A: 1'0
  Constant input on bit 457 of port A: 1'0
  Constant input on bit 458 of port A: 1'0
  Constant input on bit 459 of port A: 1'0
  Constant input on bit 460 of port A: 1'0
  Constant input on bit 461 of port A: 1'0
  Constant input on bit 462 of port A: 1'0
  Constant input on bit 463 of port A: 1'0
  Constant input on bit 464 of port A: 1'0
  Constant input on bit 465 of port A: 1'0
  Constant input on bit 466 of port A: 1'0
  Constant input on bit 467 of port A: 1'0
  Constant input on bit 468 of port A: 1'0
  Constant input on bit 469 of port A: 1'0
  Constant input on bit 470 of port A: 1'0
  Constant input on bit 471 of port A: 1'0
  Constant input on bit 472 of port A: 1'0
  Constant input on bit 473 of port A: 1'0
  Constant input on bit 474 of port A: 1'0
  Constant input on bit 475 of port A: 1'0
  Constant input on bit 476 of port A: 1'0
  Constant input on bit 477 of port A: 1'0
  Constant input on bit 478 of port A: 1'0
  Constant input on bit 479 of port A: 1'0
  Constant input on bit 480 of port A: 1'0
  Constant input on bit 481 of port A: 1'0
  Constant input on bit 482 of port A: 1'0
  Constant input on bit 483 of port A: 1'0
  Constant input on bit 484 of port A: 1'0
  Constant input on bit 485 of port A: 1'0
  Constant input on bit 486 of port A: 1'0
  Constant input on bit 487 of port A: 1'0
  Constant input on bit 488 of port A: 1'0
  Constant input on bit 489 of port A: 1'0
  Constant input on bit 490 of port A: 1'0
  Constant input on bit 491 of port A: 1'0
  Constant input on bit 492 of port A: 1'0
  Constant input on bit 493 of port A: 1'0
  Constant input on bit 494 of port A: 1'0
  Constant input on bit 495 of port A: 1'0
  Constant input on bit 496 of port A: 1'0
  Constant input on bit 497 of port A: 1'0
  Constant input on bit 498 of port A: 1'0
  Constant input on bit 499 of port A: 1'0
  Constant input on bit 500 of port A: 1'0
  Constant input on bit 501 of port A: 1'0
  Constant input on bit 502 of port A: 1'0
  Constant input on bit 503 of port A: 1'0
  Constant input on bit 504 of port A: 1'0
  Constant input on bit 505 of port A: 1'0
  Constant input on bit 506 of port A: 1'0
  Constant input on bit 507 of port A: 1'0
  Constant input on bit 508 of port A: 1'0
  Constant input on bit 509 of port A: 1'0
  Constant input on bit 510 of port A: 1'0
  Constant input on bit 511 of port A: 1'0
  Constant input on bit 512 of port A: 1'0
  Constant input on bit 513 of port A: 1'0
  Constant input on bit 514 of port A: 1'0
  Constant input on bit 515 of port A: 1'0
  Constant input on bit 516 of port A: 1'0
  Constant input on bit 517 of port A: 1'0
  Constant input on bit 518 of port A: 1'0
  Constant input on bit 519 of port A: 1'0
  Constant input on bit 520 of port A: 1'0
  Constant input on bit 521 of port A: 1'0
  Constant input on bit 522 of port A: 1'0
  Constant input on bit 523 of port A: 1'0
  Constant input on bit 524 of port A: 1'0
  Constant input on bit 525 of port A: 1'0
  Constant input on bit 526 of port A: 1'0
  Constant input on bit 527 of port A: 1'0
  Constant input on bit 528 of port A: 1'0
  Constant input on bit 529 of port A: 1'0
  Constant input on bit 530 of port A: 1'0
  Constant input on bit 531 of port A: 1'0
  Constant input on bit 532 of port A: 1'0
  Constant input on bit 533 of port A: 1'0
  Constant input on bit 534 of port A: 1'0
  Constant input on bit 535 of port A: 1'0
  Constant input on bit 536 of port A: 1'0
  Constant input on bit 537 of port A: 1'0
  Constant input on bit 538 of port A: 1'0
  Constant input on bit 539 of port A: 1'0
  Constant input on bit 540 of port A: 1'0
  Constant input on bit 541 of port A: 1'0
  Constant input on bit 542 of port A: 1'0
  Constant input on bit 543 of port A: 1'0
  Constant input on bit 544 of port A: 1'0
  Constant input on bit 545 of port A: 1'0
  Constant input on bit 546 of port A: 1'0
  Constant input on bit 547 of port A: 1'0
  Constant input on bit 548 of port A: 1'0
  Constant input on bit 549 of port A: 1'0
  Constant input on bit 550 of port A: 1'0
  Constant input on bit 551 of port A: 1'0
  Constant input on bit 552 of port A: 1'0
  Constant input on bit 553 of port A: 1'0
  Constant input on bit 554 of port A: 1'0
  Constant input on bit 555 of port A: 1'0
  Constant input on bit 556 of port A: 1'0
  Constant input on bit 557 of port A: 1'0
  Constant input on bit 558 of port A: 1'0
  Constant input on bit 559 of port A: 1'0
  Constant input on bit 560 of port A: 1'0
  Constant input on bit 561 of port A: 1'0
  Constant input on bit 562 of port A: 1'0
  Constant input on bit 563 of port A: 1'0
  Constant input on bit 564 of port A: 1'0
  Constant input on bit 565 of port A: 1'0
  Constant input on bit 566 of port A: 1'0
  Constant input on bit 567 of port A: 1'0
  Constant input on bit 568 of port A: 1'0
  Constant input on bit 569 of port A: 1'0
  Constant input on bit 570 of port A: 1'0
  Constant input on bit 571 of port A: 1'0
  Constant input on bit 572 of port A: 1'0
  Constant input on bit 573 of port A: 1'0
  Constant input on bit 574 of port A: 1'0
  Constant input on bit 575 of port A: 1'0
  Constant input on bit 576 of port A: 1'0
  Constant input on bit 577 of port A: 1'0
  Constant input on bit 578 of port A: 1'0
  Constant input on bit 579 of port A: 1'0
  Constant input on bit 580 of port A: 1'0
  Constant input on bit 581 of port A: 1'0
  Constant input on bit 582 of port A: 1'0
  Constant input on bit 583 of port A: 1'0
  Constant input on bit 584 of port A: 1'0
  Constant input on bit 585 of port A: 1'0
  Constant input on bit 586 of port A: 1'0
  Constant input on bit 587 of port A: 1'0
  Constant input on bit 588 of port A: 1'0
  Constant input on bit 589 of port A: 1'0
  Constant input on bit 590 of port A: 1'0
  Constant input on bit 591 of port A: 1'0
  Constant input on bit 592 of port A: 1'0
  Constant input on bit 593 of port A: 1'0
  Constant input on bit 594 of port A: 1'0
  Constant input on bit 595 of port A: 1'0
  Constant input on bit 596 of port A: 1'0
  Constant input on bit 597 of port A: 1'0
  Constant input on bit 598 of port A: 1'0
  Constant input on bit 599 of port A: 1'0
  Constant input on bit 600 of port A: 1'0
  Constant input on bit 601 of port A: 1'0
  Constant input on bit 602 of port A: 1'0
  Constant input on bit 603 of port A: 1'0
  Constant input on bit 604 of port A: 1'0
  Constant input on bit 605 of port A: 1'0
  Constant input on bit 606 of port A: 1'0
  Constant input on bit 607 of port A: 1'0
  Constant input on bit 608 of port A: 1'0
  Constant input on bit 609 of port A: 1'0
  Constant input on bit 610 of port A: 1'0
  Constant input on bit 611 of port A: 1'0
  Constant input on bit 612 of port A: 1'0
  Constant input on bit 613 of port A: 1'0
  Constant input on bit 614 of port A: 1'0
  Constant input on bit 615 of port A: 1'0
  Constant input on bit 616 of port A: 1'0
  Constant input on bit 617 of port A: 1'0
  Constant input on bit 618 of port A: 1'0
  Constant input on bit 619 of port A: 1'0
  Constant input on bit 620 of port A: 1'0
  Constant input on bit 621 of port A: 1'0
  Constant input on bit 622 of port A: 1'0
  Constant input on bit 623 of port A: 1'0
  Constant input on bit 624 of port A: 1'0
  Constant input on bit 625 of port A: 1'0
  Constant input on bit 626 of port A: 1'0
  Constant input on bit 627 of port A: 1'0
  Constant input on bit 628 of port A: 1'0
  Constant input on bit 629 of port A: 1'0
  Constant input on bit 630 of port A: 1'0
  Constant input on bit 631 of port A: 1'0
  Constant input on bit 632 of port A: 1'0
  Constant input on bit 633 of port A: 1'0
  Constant input on bit 634 of port A: 1'0
  Constant input on bit 635 of port A: 1'0
  Constant input on bit 636 of port A: 1'0
  Constant input on bit 637 of port A: 1'0
  Constant input on bit 638 of port A: 1'0
  Constant input on bit 639 of port A: 1'0
  Constant input on bit 640 of port A: 1'0
  Constant input on bit 641 of port A: 1'0
  Constant input on bit 642 of port A: 1'0
  Constant input on bit 643 of port A: 1'0
  Constant input on bit 644 of port A: 1'0
  Constant input on bit 645 of port A: 1'0
  Constant input on bit 646 of port A: 1'0
  Constant input on bit 647 of port A: 1'0
  Constant input on bit 648 of port A: 1'0
  Constant input on bit 649 of port A: 1'0
  Constant input on bit 650 of port A: 1'0
  Constant input on bit 651 of port A: 1'0
  Constant input on bit 652 of port A: 1'0
  Constant input on bit 653 of port A: 1'0
  Constant input on bit 654 of port A: 1'0
  Constant input on bit 655 of port A: 1'0
  Constant input on bit 656 of port A: 1'0
  Constant input on bit 657 of port A: 1'0
  Constant input on bit 658 of port A: 1'0
  Constant input on bit 659 of port A: 1'0
  Constant input on bit 660 of port A: 1'0
  Constant input on bit 661 of port A: 1'0
  Constant input on bit 662 of port A: 1'0
  Constant input on bit 663 of port A: 1'0
  Constant input on bit 664 of port A: 1'0
  Constant input on bit 665 of port A: 1'0
  Constant input on bit 666 of port A: 1'0
  Constant input on bit 667 of port A: 1'0
  Constant input on bit 668 of port A: 1'0
  Constant input on bit 669 of port A: 1'0
  Constant input on bit 670 of port A: 1'0
  Constant input on bit 671 of port A: 1'0
  Constant input on bit 672 of port A: 1'0
  Constant input on bit 673 of port A: 1'0
  Constant input on bit 674 of port A: 1'0
  Constant input on bit 675 of port A: 1'0
  Constant input on bit 676 of port A: 1'0
  Constant input on bit 677 of port A: 1'0
  Constant input on bit 678 of port A: 1'0
  Constant input on bit 679 of port A: 1'0
  Constant input on bit 680 of port A: 1'0
  Constant input on bit 681 of port A: 1'0
  Constant input on bit 682 of port A: 1'0
  Constant input on bit 683 of port A: 1'0
  Constant input on bit 684 of port A: 1'0
  Constant input on bit 685 of port A: 1'0
  Constant input on bit 686 of port A: 1'0
  Constant input on bit 687 of port A: 1'0
  Constant input on bit 688 of port A: 1'0
  Constant input on bit 689 of port A: 1'0
  Constant input on bit 690 of port A: 1'0
  Constant input on bit 691 of port A: 1'0
  Constant input on bit 692 of port A: 1'0
  Constant input on bit 693 of port A: 1'0
  Constant input on bit 694 of port A: 1'0
  Constant input on bit 695 of port A: 1'0
  Constant input on bit 696 of port A: 1'0
  Constant input on bit 697 of port A: 1'0
  Constant input on bit 698 of port A: 1'0
  Constant input on bit 699 of port A: 1'0
  Constant input on bit 700 of port A: 1'0
  Constant input on bit 701 of port A: 1'0
  Constant input on bit 702 of port A: 1'0
  Constant input on bit 703 of port A: 1'0
  Constant input on bit 704 of port A: 1'0
  Constant input on bit 705 of port A: 1'0
  Constant input on bit 706 of port A: 1'0
  Constant input on bit 707 of port A: 1'0
  Constant input on bit 708 of port A: 1'0
  Constant input on bit 709 of port A: 1'0
  Constant input on bit 710 of port A: 1'0
  Constant input on bit 711 of port A: 1'0
  Constant input on bit 712 of port A: 1'0
  Constant input on bit 713 of port A: 1'0
  Constant input on bit 714 of port A: 1'0
  Constant input on bit 715 of port A: 1'0
  Constant input on bit 716 of port A: 1'0
  Constant input on bit 717 of port A: 1'0
  Constant input on bit 718 of port A: 1'0
  Constant input on bit 719 of port A: 1'0
  Constant input on bit 720 of port A: 1'0
  Constant input on bit 721 of port A: 1'0
  Constant input on bit 722 of port A: 1'0
  Constant input on bit 723 of port A: 1'0
  Constant input on bit 724 of port A: 1'0
  Constant input on bit 725 of port A: 1'0
  Constant input on bit 726 of port A: 1'0
  Constant input on bit 727 of port A: 1'0
  Constant input on bit 728 of port A: 1'0
  Constant input on bit 729 of port A: 1'0
  Constant input on bit 730 of port A: 1'0
  Constant input on bit 731 of port A: 1'0
  Constant input on bit 732 of port A: 1'0
  Constant input on bit 733 of port A: 1'0
  Constant input on bit 734 of port A: 1'0
  Constant input on bit 735 of port A: 1'0
  Constant input on bit 736 of port A: 1'0
  Constant input on bit 737 of port A: 1'0
  Constant input on bit 738 of port A: 1'0
  Constant input on bit 739 of port A: 1'0
  Constant input on bit 740 of port A: 1'0
  Constant input on bit 741 of port A: 1'0
  Constant input on bit 742 of port A: 1'0
  Constant input on bit 743 of port A: 1'0
  Constant input on bit 744 of port A: 1'0
  Constant input on bit 745 of port A: 1'0
  Constant input on bit 746 of port A: 1'0
  Constant input on bit 747 of port A: 1'0
  Constant input on bit 748 of port A: 1'0
  Constant input on bit 749 of port A: 1'0
  Constant input on bit 750 of port A: 1'0
  Constant input on bit 751 of port A: 1'0
  Constant input on bit 752 of port A: 1'0
  Constant input on bit 753 of port A: 1'0
  Constant input on bit 754 of port A: 1'0
  Constant input on bit 755 of port A: 1'0
  Constant input on bit 756 of port A: 1'0
  Constant input on bit 757 of port A: 1'0
  Constant input on bit 758 of port A: 1'0
  Constant input on bit 759 of port A: 1'0
  Constant input on bit 760 of port A: 1'0
  Constant input on bit 761 of port A: 1'0
  Constant input on bit 762 of port A: 1'0
  Constant input on bit 763 of port A: 1'0
  Constant input on bit 764 of port A: 1'0
  Constant input on bit 765 of port A: 1'0
  Constant input on bit 766 of port A: 1'0
  Constant input on bit 767 of port A: 1'0
  Constant input on bit 768 of port A: 1'0
  Constant input on bit 769 of port A: 1'0
  Constant input on bit 770 of port A: 1'0
  Constant input on bit 771 of port A: 1'0
  Constant input on bit 772 of port A: 1'0
  Constant input on bit 773 of port A: 1'0
  Constant input on bit 774 of port A: 1'0
  Constant input on bit 775 of port A: 1'0
  Constant input on bit 776 of port A: 1'0
  Constant input on bit 777 of port A: 1'0
  Constant input on bit 778 of port A: 1'0
  Constant input on bit 779 of port A: 1'0
  Constant input on bit 780 of port A: 1'0
  Constant input on bit 781 of port A: 1'0
  Constant input on bit 782 of port A: 1'0
  Constant input on bit 783 of port A: 1'0
  Constant input on bit 784 of port A: 1'0
  Constant input on bit 785 of port A: 1'0
  Constant input on bit 786 of port A: 1'0
  Constant input on bit 787 of port A: 1'0
  Constant input on bit 788 of port A: 1'0
  Constant input on bit 789 of port A: 1'0
  Constant input on bit 790 of port A: 1'0
  Constant input on bit 791 of port A: 1'0
  Constant input on bit 792 of port A: 1'0
  Constant input on bit 793 of port A: 1'0
  Constant input on bit 794 of port A: 1'0
  Constant input on bit 795 of port A: 1'0
  Constant input on bit 796 of port A: 1'0
  Constant input on bit 797 of port A: 1'0
  Constant input on bit 798 of port A: 1'0
  Constant input on bit 799 of port A: 1'0
  Constant input on bit 800 of port A: 1'0
  Constant input on bit 801 of port A: 1'0
  Constant input on bit 802 of port A: 1'0
  Constant input on bit 803 of port A: 1'0
  Constant input on bit 804 of port A: 1'0
  Constant input on bit 805 of port A: 1'0
  Constant input on bit 806 of port A: 1'0
  Constant input on bit 807 of port A: 1'0
  Constant input on bit 808 of port A: 1'0
  Constant input on bit 809 of port A: 1'0
  Constant input on bit 810 of port A: 1'0
  Constant input on bit 811 of port A: 1'0
  Constant input on bit 812 of port A: 1'0
  Constant input on bit 813 of port A: 1'0
  Constant input on bit 814 of port A: 1'0
  Constant input on bit 815 of port A: 1'0
  Constant input on bit 816 of port A: 1'0
  Constant input on bit 817 of port A: 1'0
  Constant input on bit 818 of port A: 1'0
  Constant input on bit 819 of port A: 1'0
  Constant input on bit 820 of port A: 1'0
  Constant input on bit 821 of port A: 1'0
  Constant input on bit 822 of port A: 1'0
  Constant input on bit 823 of port A: 1'0
  Constant input on bit 824 of port A: 1'0
  Constant input on bit 825 of port A: 1'0
  Constant input on bit 826 of port A: 1'0
  Constant input on bit 827 of port A: 1'0
  Constant input on bit 828 of port A: 1'0
  Constant input on bit 829 of port A: 1'0
  Constant input on bit 830 of port A: 1'0
  Constant input on bit 831 of port A: 1'0
  Constant input on bit 832 of port A: 1'0
  Constant input on bit 833 of port A: 1'0
  Constant input on bit 834 of port A: 1'0
  Constant input on bit 835 of port A: 1'0
  Constant input on bit 836 of port A: 1'0
  Constant input on bit 837 of port A: 1'0
  Constant input on bit 838 of port A: 1'0
  Constant input on bit 839 of port A: 1'0
  Constant input on bit 840 of port A: 1'0
  Constant input on bit 841 of port A: 1'0
  Constant input on bit 842 of port A: 1'0
  Constant input on bit 843 of port A: 1'0
  Constant input on bit 844 of port A: 1'0
  Constant input on bit 845 of port A: 1'0
  Constant input on bit 846 of port A: 1'0
  Constant input on bit 847 of port A: 1'0
  Constant input on bit 848 of port A: 1'0
  Constant input on bit 849 of port A: 1'0
  Constant input on bit 850 of port A: 1'0
  Constant input on bit 851 of port A: 1'0
  Constant input on bit 852 of port A: 1'0
  Constant input on bit 853 of port A: 1'0
  Constant input on bit 854 of port A: 1'0
  Constant input on bit 855 of port A: 1'0
  Constant input on bit 856 of port A: 1'0
  Constant input on bit 857 of port A: 1'0
  Constant input on bit 858 of port A: 1'0
  Constant input on bit 859 of port A: 1'0
  Constant input on bit 860 of port A: 1'0
  Constant input on bit 861 of port A: 1'0
  Constant input on bit 862 of port A: 1'0
  Constant input on bit 863 of port A: 1'0
  Constant input on bit 864 of port A: 1'0
  Constant input on bit 865 of port A: 1'0
  Constant input on bit 866 of port A: 1'0
  Constant input on bit 867 of port A: 1'0
  Constant input on bit 868 of port A: 1'0
  Constant input on bit 869 of port A: 1'0
  Constant input on bit 870 of port A: 1'0
  Constant input on bit 871 of port A: 1'0
  Constant input on bit 872 of port A: 1'0
  Constant input on bit 873 of port A: 1'0
  Constant input on bit 874 of port A: 1'0
  Constant input on bit 875 of port A: 1'0
  Constant input on bit 876 of port A: 1'0
  Constant input on bit 877 of port A: 1'0
  Constant input on bit 878 of port A: 1'0
  Constant input on bit 879 of port A: 1'0
  Constant input on bit 880 of port A: 1'0
  Constant input on bit 881 of port A: 1'0
  Constant input on bit 882 of port A: 1'0
  Constant input on bit 883 of port A: 1'0
  Constant input on bit 884 of port A: 1'0
  Constant input on bit 885 of port A: 1'0
  Constant input on bit 886 of port A: 1'0
  Constant input on bit 887 of port A: 1'0
  Constant input on bit 888 of port A: 1'0
  Constant input on bit 889 of port A: 1'0
  Constant input on bit 890 of port A: 1'0
  Constant input on bit 891 of port A: 1'0
  Constant input on bit 892 of port A: 1'0
  Constant input on bit 893 of port A: 1'0
  Constant input on bit 894 of port A: 1'0
  Constant input on bit 895 of port A: 1'0
  Constant input on bit 896 of port A: 1'0
  Constant input on bit 897 of port A: 1'0
  Constant input on bit 898 of port A: 1'0
  Constant input on bit 899 of port A: 1'0
  Constant input on bit 900 of port A: 1'0
  Constant input on bit 901 of port A: 1'0
  Constant input on bit 902 of port A: 1'0
  Constant input on bit 903 of port A: 1'0
  Constant input on bit 904 of port A: 1'0
  Constant input on bit 905 of port A: 1'0
  Constant input on bit 906 of port A: 1'0
  Constant input on bit 907 of port A: 1'0
  Constant input on bit 908 of port A: 1'0
  Constant input on bit 909 of port A: 1'0
  Constant input on bit 910 of port A: 1'0
  Constant input on bit 911 of port A: 1'0
  Constant input on bit 912 of port A: 1'0
  Constant input on bit 913 of port A: 1'0
  Constant input on bit 914 of port A: 1'0
  Constant input on bit 915 of port A: 1'0
  Constant input on bit 916 of port A: 1'0
  Constant input on bit 917 of port A: 1'0
  Constant input on bit 918 of port A: 1'0
  Constant input on bit 919 of port A: 1'0
  Constant input on bit 920 of port A: 1'0
  Constant input on bit 921 of port A: 1'0
  Constant input on bit 922 of port A: 1'0
  Constant input on bit 923 of port A: 1'0
  Constant input on bit 924 of port A: 1'0
  Constant input on bit 925 of port A: 1'0
  Constant input on bit 926 of port A: 1'0
  Constant input on bit 927 of port A: 1'0
  Constant input on bit 928 of port A: 1'0
  Constant input on bit 929 of port A: 1'0
  Constant input on bit 930 of port A: 1'0
  Constant input on bit 931 of port A: 1'0
  Constant input on bit 932 of port A: 1'0
  Constant input on bit 933 of port A: 1'0
  Constant input on bit 934 of port A: 1'0
  Constant input on bit 935 of port A: 1'0
  Constant input on bit 936 of port A: 1'0
  Constant input on bit 937 of port A: 1'0
  Constant input on bit 938 of port A: 1'0
  Constant input on bit 939 of port A: 1'0
  Constant input on bit 940 of port A: 1'0
  Constant input on bit 941 of port A: 1'0
  Constant input on bit 942 of port A: 1'0
  Constant input on bit 943 of port A: 1'0
  Constant input on bit 944 of port A: 1'0
  Constant input on bit 945 of port A: 1'0
  Constant input on bit 946 of port A: 1'0
  Constant input on bit 947 of port A: 1'0
  Constant input on bit 948 of port A: 1'0
  Constant input on bit 949 of port A: 1'0
  Constant input on bit 950 of port A: 1'0
  Constant input on bit 951 of port A: 1'0
  Constant input on bit 952 of port A: 1'0
  Constant input on bit 953 of port A: 1'0
  Constant input on bit 954 of port A: 1'0
  Constant input on bit 955 of port A: 1'0
  Constant input on bit 956 of port A: 1'0
  Constant input on bit 957 of port A: 1'0
  Constant input on bit 958 of port A: 1'0
  Constant input on bit 959 of port A: 1'0
  Constant input on bit 960 of port A: 1'0
  Constant input on bit 961 of port A: 1'0
  Constant input on bit 962 of port A: 1'0
  Constant input on bit 963 of port A: 1'0
  Constant input on bit 964 of port A: 1'0
  Constant input on bit 965 of port A: 1'0
  Constant input on bit 966 of port A: 1'0
  Constant input on bit 967 of port A: 1'0
  Constant input on bit 968 of port A: 1'0
  Constant input on bit 969 of port A: 1'0
  Constant input on bit 970 of port A: 1'0
  Constant input on bit 971 of port A: 1'0
  Constant input on bit 972 of port A: 1'0
  Constant input on bit 973 of port A: 1'0
  Constant input on bit 974 of port A: 1'0
  Constant input on bit 975 of port A: 1'0
  Constant input on bit 976 of port A: 1'0
  Constant input on bit 977 of port A: 1'0
  Constant input on bit 978 of port A: 1'0
  Constant input on bit 979 of port A: 1'0
  Constant input on bit 980 of port A: 1'0
  Constant input on bit 981 of port A: 1'0
  Constant input on bit 982 of port A: 1'0
  Constant input on bit 983 of port A: 1'0
  Constant input on bit 984 of port A: 1'0
  Constant input on bit 985 of port A: 1'0
  Constant input on bit 986 of port A: 1'0
  Constant input on bit 987 of port A: 1'0
  Constant input on bit 988 of port A: 1'0
  Constant input on bit 989 of port A: 1'0
  Constant input on bit 990 of port A: 1'0
  Constant input on bit 991 of port A: 1'0
  Constant input on bit 992 of port A: 1'0
  Constant input on bit 993 of port A: 1'0
  Constant input on bit 994 of port A: 1'0
  Constant input on bit 995 of port A: 1'0
  Constant input on bit 996 of port A: 1'0
  Constant input on bit 997 of port A: 1'0
  Constant input on bit 998 of port A: 1'0
  Constant input on bit 999 of port A: 1'0
  Constant input on bit 1000 of port A: 1'0
  Constant input on bit 1001 of port A: 1'0
  Constant input on bit 1002 of port A: 1'0
  Constant input on bit 1003 of port A: 1'0
  Constant input on bit 1004 of port A: 1'0
  Constant input on bit 1005 of port A: 1'0
  Constant input on bit 1006 of port A: 1'0
  Constant input on bit 1007 of port A: 1'0
  Constant input on bit 1008 of port A: 1'0
  Constant input on bit 1009 of port A: 1'0
  Constant input on bit 1010 of port A: 1'0
  Constant input on bit 1011 of port A: 1'0
  Constant input on bit 1012 of port A: 1'0
  Constant input on bit 1013 of port A: 1'0
  Constant input on bit 1014 of port A: 1'0
  Constant input on bit 1015 of port A: 1'0
  Constant input on bit 1016 of port A: 1'0
  Constant input on bit 1017 of port A: 1'0
  Constant input on bit 1018 of port A: 1'0
  Constant input on bit 1019 of port A: 1'0
  Constant input on bit 1020 of port A: 1'0
  Constant input on bit 1021 of port A: 1'0
  Constant input on bit 1022 of port A: 1'0
  Constant input on bit 1023 of port A: 1'0
  Constant input on bit 1024 of port A: 1'0
  Constant input on bit 1025 of port A: 1'0
  Constant input on bit 1026 of port A: 1'0
  Constant input on bit 1027 of port A: 1'0
  Constant input on bit 1028 of port A: 1'0
  Constant input on bit 1029 of port A: 1'0
  Constant input on bit 1030 of port A: 1'0
  Constant input on bit 1031 of port A: 1'0
  Constant input on bit 1032 of port A: 1'0
  Constant input on bit 1033 of port A: 1'0
  Constant input on bit 1034 of port A: 1'0
  Constant input on bit 1035 of port A: 1'0
  Constant input on bit 1036 of port A: 1'0
  Constant input on bit 1037 of port A: 1'0
  Constant input on bit 1038 of port A: 1'0
  Constant input on bit 1039 of port A: 1'0
  Constant input on bit 1040 of port A: 1'0
  Constant input on bit 1041 of port A: 1'0
  Constant input on bit 1042 of port A: 1'0
  Constant input on bit 1043 of port A: 1'0
  Constant input on bit 1044 of port A: 1'0
  Constant input on bit 1045 of port A: 1'0
  Constant input on bit 1046 of port A: 1'0
  Constant input on bit 1047 of port A: 1'0
  Constant input on bit 1048 of port A: 1'0
  Constant input on bit 1049 of port A: 1'0
  Constant input on bit 1050 of port A: 1'0
  Constant input on bit 1051 of port A: 1'0
  Constant input on bit 1052 of port A: 1'0
  Constant input on bit 1053 of port A: 1'0
  Constant input on bit 1054 of port A: 1'0
  Constant input on bit 1055 of port A: 1'0
  Constant input on bit 1056 of port A: 1'0
  Constant input on bit 1057 of port A: 1'0
  Constant input on bit 1058 of port A: 1'0
  Constant input on bit 1059 of port A: 1'0
  Constant input on bit 1060 of port A: 1'0
  Constant input on bit 1061 of port A: 1'0
  Constant input on bit 1062 of port A: 1'0
  Constant input on bit 1063 of port A: 1'0
  Constant input on bit 1064 of port A: 1'0
  Constant input on bit 1065 of port A: 1'0
  Constant input on bit 1066 of port A: 1'0
  Constant input on bit 1067 of port A: 1'0
  Constant input on bit 1068 of port A: 1'0
  Constant input on bit 1069 of port A: 1'0
  Constant input on bit 1070 of port A: 1'0
  Constant input on bit 1071 of port A: 1'0
  Constant input on bit 1072 of port A: 1'0
  Constant input on bit 1073 of port A: 1'0
  Constant input on bit 1074 of port A: 1'0
  Constant input on bit 1075 of port A: 1'0
  Constant input on bit 1076 of port A: 1'0
  Constant input on bit 1077 of port A: 1'0
  Constant input on bit 1078 of port A: 1'0
  Constant input on bit 1079 of port A: 1'0
  Constant input on bit 1080 of port A: 1'0
  Constant input on bit 1081 of port A: 1'0
  Constant input on bit 1082 of port A: 1'0
  Constant input on bit 1083 of port A: 1'0
  Constant input on bit 1084 of port A: 1'0
  Constant input on bit 1085 of port A: 1'0
  Constant input on bit 1086 of port A: 1'0
  Constant input on bit 1087 of port A: 1'0
  Constant input on bit 1088 of port A: 1'0
  Constant input on bit 1089 of port A: 1'0
  Constant input on bit 1090 of port A: 1'0
  Constant input on bit 1091 of port A: 1'0
  Constant input on bit 1092 of port A: 1'0
  Constant input on bit 1093 of port A: 1'0
  Constant input on bit 1094 of port A: 1'0
  Constant input on bit 1095 of port A: 1'0
  Constant input on bit 1096 of port A: 1'0
  Constant input on bit 1097 of port A: 1'0
  Constant input on bit 1098 of port A: 1'0
  Constant input on bit 1099 of port A: 1'0
  Constant input on bit 1100 of port A: 1'0
  Constant input on bit 1101 of port A: 1'0
  Constant input on bit 1102 of port A: 1'0
  Constant input on bit 1103 of port A: 1'0
  Constant input on bit 1104 of port A: 1'0
  Constant input on bit 1105 of port A: 1'0
  Constant input on bit 1106 of port A: 1'0
  Constant input on bit 1107 of port A: 1'0
  Constant input on bit 1108 of port A: 1'0
  Constant input on bit 1109 of port A: 1'0
  Constant input on bit 1110 of port A: 1'0
  Constant input on bit 1111 of port A: 1'0
  Constant input on bit 1112 of port A: 1'0
  Constant input on bit 1113 of port A: 1'0
  Constant input on bit 1114 of port A: 1'0
  Constant input on bit 1115 of port A: 1'0
  Constant input on bit 1116 of port A: 1'0
  Constant input on bit 1117 of port A: 1'0
  Constant input on bit 1118 of port A: 1'0
  Constant input on bit 1119 of port A: 1'0
  Constant input on bit 1120 of port A: 1'0
  Constant input on bit 1121 of port A: 1'0
  Constant input on bit 1122 of port A: 1'0
  Constant input on bit 1123 of port A: 1'0
  Constant input on bit 1124 of port A: 1'0
  Constant input on bit 1125 of port A: 1'0
  Constant input on bit 1126 of port A: 1'0
  Constant input on bit 1127 of port A: 1'0
  Constant input on bit 1128 of port A: 1'0
  Constant input on bit 1129 of port A: 1'0
  Constant input on bit 1130 of port A: 1'0
  Constant input on bit 1131 of port A: 1'0
  Constant input on bit 1132 of port A: 1'0
  Constant input on bit 1133 of port A: 1'0
  Constant input on bit 1134 of port A: 1'0
  Constant input on bit 1135 of port A: 1'0
  Constant input on bit 1136 of port A: 1'0
  Constant input on bit 1137 of port A: 1'0
  Constant input on bit 1138 of port A: 1'0
  Constant input on bit 1139 of port A: 1'0
  Constant input on bit 1140 of port A: 1'0
  Constant input on bit 1141 of port A: 1'0
  Constant input on bit 1142 of port A: 1'0
  Constant input on bit 1143 of port A: 1'0
  Constant input on bit 1144 of port A: 1'0
  Constant input on bit 1145 of port A: 1'0
  Constant input on bit 1146 of port A: 1'0
  Constant input on bit 1147 of port A: 1'0
  Constant input on bit 1148 of port A: 1'0
  Constant input on bit 1149 of port A: 1'0
  Constant input on bit 1150 of port A: 1'0
  Constant input on bit 1151 of port A: 1'0
  Constant input on bit 1152 of port A: 1'0
  Constant input on bit 1153 of port A: 1'0
  Constant input on bit 1154 of port A: 1'0
  Constant input on bit 1155 of port A: 1'0
  Constant input on bit 1156 of port A: 1'0
  Constant input on bit 1157 of port A: 1'0
  Constant input on bit 1158 of port A: 1'0
  Constant input on bit 1159 of port A: 1'0
  Constant input on bit 1160 of port A: 1'0
  Constant input on bit 1161 of port A: 1'0
  Constant input on bit 1162 of port A: 1'0
  Constant input on bit 1163 of port A: 1'0
  Constant input on bit 1164 of port A: 1'0
  Constant input on bit 1165 of port A: 1'0
  Constant input on bit 1166 of port A: 1'0
  Constant input on bit 1167 of port A: 1'0
  Constant input on bit 1168 of port A: 1'0
  Constant input on bit 1169 of port A: 1'0
  Constant input on bit 1170 of port A: 1'0
  Constant input on bit 1171 of port A: 1'0
  Constant input on bit 1172 of port A: 1'0
  Constant input on bit 1173 of port A: 1'0
  Constant input on bit 1174 of port A: 1'0
  Constant input on bit 1175 of port A: 1'0
  Constant input on bit 1176 of port A: 1'0
  Constant input on bit 1177 of port A: 1'0
  Constant input on bit 1178 of port A: 1'0
  Constant input on bit 1179 of port A: 1'0
  Constant input on bit 1180 of port A: 1'0
  Constant input on bit 1181 of port A: 1'0
  Constant input on bit 1182 of port A: 1'0
  Constant input on bit 1183 of port A: 1'0
  Constant input on bit 1184 of port A: 1'0
  Constant input on bit 1185 of port A: 1'0
  Constant input on bit 1186 of port A: 1'0
  Constant input on bit 1187 of port A: 1'0
  Constant input on bit 1188 of port A: 1'0
  Constant input on bit 1189 of port A: 1'0
  Constant input on bit 1190 of port A: 1'0
  Constant input on bit 1191 of port A: 1'0
  Constant input on bit 1192 of port A: 1'0
  Constant input on bit 1193 of port A: 1'0
  Constant input on bit 1194 of port A: 1'0
  Constant input on bit 1195 of port A: 1'0
  Constant input on bit 1196 of port A: 1'0
  Constant input on bit 1197 of port A: 1'0
  Constant input on bit 1198 of port A: 1'0
  Constant input on bit 1199 of port A: 1'0
  Constant input on bit 1200 of port A: 1'0
  Constant input on bit 1201 of port A: 1'0
  Constant input on bit 1202 of port A: 1'0
  Constant input on bit 1203 of port A: 1'0
  Constant input on bit 1204 of port A: 1'0
  Constant input on bit 1205 of port A: 1'0
  Constant input on bit 1206 of port A: 1'0
  Constant input on bit 1207 of port A: 1'0
  Constant input on bit 1208 of port A: 1'0
  Constant input on bit 1209 of port A: 1'0
  Constant input on bit 1210 of port A: 1'0
  Constant input on bit 1211 of port A: 1'0
  Constant input on bit 1212 of port A: 1'0
  Constant input on bit 1213 of port A: 1'0
  Constant input on bit 1214 of port A: 1'0
  Constant input on bit 1215 of port A: 1'0
  Constant input on bit 1216 of port A: 1'0
  Constant input on bit 1217 of port A: 1'0
  Constant input on bit 1218 of port A: 1'0
  Constant input on bit 1219 of port A: 1'0
  Constant input on bit 1220 of port A: 1'0
  Constant input on bit 1221 of port A: 1'0
  Constant input on bit 1222 of port A: 1'0
  Constant input on bit 1223 of port A: 1'0
  Constant input on bit 1224 of port A: 1'0
  Constant input on bit 1225 of port A: 1'0
  Constant input on bit 1226 of port A: 1'0
  Constant input on bit 1227 of port A: 1'0
  Constant input on bit 1228 of port A: 1'0
  Constant input on bit 1229 of port A: 1'0
  Constant input on bit 1230 of port A: 1'0
  Constant input on bit 1231 of port A: 1'0
  Constant input on bit 1232 of port A: 1'0
  Constant input on bit 1233 of port A: 1'0
  Constant input on bit 1234 of port A: 1'0
  Constant input on bit 1235 of port A: 1'0
  Constant input on bit 1236 of port A: 1'0
  Constant input on bit 1237 of port A: 1'0
  Constant input on bit 1238 of port A: 1'0
  Constant input on bit 1239 of port A: 1'0
  Constant input on bit 1240 of port A: 1'0
  Constant input on bit 1241 of port A: 1'0
  Constant input on bit 1242 of port A: 1'0
  Constant input on bit 1243 of port A: 1'0
  Constant input on bit 1244 of port A: 1'0
  Constant input on bit 1245 of port A: 1'0
  Constant input on bit 1246 of port A: 1'0
  Constant input on bit 1247 of port A: 1'0
  Constant input on bit 1248 of port A: 1'0
  Constant input on bit 1249 of port A: 1'0
  Constant input on bit 1250 of port A: 1'0
  Constant input on bit 1251 of port A: 1'0
  Constant input on bit 1252 of port A: 1'0
  Constant input on bit 1253 of port A: 1'0
  Constant input on bit 1254 of port A: 1'0
  Constant input on bit 1255 of port A: 1'0
  Constant input on bit 1256 of port A: 1'0
  Constant input on bit 1257 of port A: 1'0
  Constant input on bit 1258 of port A: 1'0
  Constant input on bit 1259 of port A: 1'0
  Constant input on bit 1260 of port A: 1'0
  Constant input on bit 1261 of port A: 1'0
  Constant input on bit 1262 of port A: 1'0
  Constant input on bit 1263 of port A: 1'0
  Constant input on bit 1264 of port A: 1'0
  Constant input on bit 1265 of port A: 1'0
  Constant input on bit 1266 of port A: 1'0
  Constant input on bit 1267 of port A: 1'0
  Constant input on bit 1268 of port A: 1'0
  Constant input on bit 1269 of port A: 1'0
  Constant input on bit 1270 of port A: 1'0
  Constant input on bit 1271 of port A: 1'0
  Constant input on bit 1272 of port A: 1'0
  Constant input on bit 1273 of port A: 1'0
  Constant input on bit 1274 of port A: 1'0
  Constant input on bit 1275 of port A: 1'0
  Constant input on bit 1276 of port A: 1'0
  Constant input on bit 1277 of port A: 1'0
  Constant input on bit 1278 of port A: 1'0
  Constant input on bit 1279 of port A: 1'0
  Constant input on bit 1280 of port A: 1'0
  Constant input on bit 1281 of port A: 1'0
  Constant input on bit 1282 of port A: 1'0
  Constant input on bit 1283 of port A: 1'0
  Constant input on bit 1284 of port A: 1'0
  Constant input on bit 1285 of port A: 1'0
  Constant input on bit 1286 of port A: 1'0
  Constant input on bit 1287 of port A: 1'0
  Constant input on bit 1288 of port A: 1'0
  Constant input on bit 1289 of port A: 1'0
  Constant input on bit 1290 of port A: 1'0
  Constant input on bit 1291 of port A: 1'0
  Constant input on bit 1292 of port A: 1'0
  Constant input on bit 1293 of port A: 1'0
  Constant input on bit 1294 of port A: 1'0
  Constant input on bit 1295 of port A: 1'0
  Constant input on bit 1296 of port A: 1'0
  Constant input on bit 1297 of port A: 1'0
  Constant input on bit 1298 of port A: 1'0
  Constant input on bit 1299 of port A: 1'0
  Constant input on bit 1300 of port A: 1'0
  Constant input on bit 1301 of port A: 1'0
  Constant input on bit 1302 of port A: 1'0
  Constant input on bit 1303 of port A: 1'0
  Constant input on bit 1304 of port A: 1'0
  Constant input on bit 1305 of port A: 1'0
  Constant input on bit 1306 of port A: 1'0
  Constant input on bit 1307 of port A: 1'0
  Constant input on bit 1308 of port A: 1'0
  Constant input on bit 1309 of port A: 1'0
  Constant input on bit 1310 of port A: 1'0
  Constant input on bit 1311 of port A: 1'0
  Constant input on bit 1312 of port A: 1'0
  Constant input on bit 1313 of port A: 1'0
  Constant input on bit 1314 of port A: 1'0
  Constant input on bit 1315 of port A: 1'0
  Constant input on bit 1316 of port A: 1'0
  Constant input on bit 1317 of port A: 1'0
  Constant input on bit 1318 of port A: 1'0
  Constant input on bit 1319 of port A: 1'0
  Constant input on bit 1320 of port A: 1'0
  Constant input on bit 1321 of port A: 1'0
  Constant input on bit 1322 of port A: 1'0
  Constant input on bit 1323 of port A: 1'0
  Constant input on bit 1324 of port A: 1'0
  Constant input on bit 1325 of port A: 1'0
  Constant input on bit 1326 of port A: 1'0
  Constant input on bit 1327 of port A: 1'0
  Constant input on bit 1328 of port A: 1'0
  Constant input on bit 1329 of port A: 1'0
  Constant input on bit 1330 of port A: 1'0
  Constant input on bit 1331 of port A: 1'0
  Constant input on bit 1332 of port A: 1'0
  Constant input on bit 1333 of port A: 1'0
  Constant input on bit 1334 of port A: 1'0
  Constant input on bit 1335 of port A: 1'0
  Constant input on bit 1336 of port A: 1'0
  Constant input on bit 1337 of port A: 1'0
  Constant input on bit 1338 of port A: 1'0
  Constant input on bit 1339 of port A: 1'0
  Constant input on bit 1340 of port A: 1'0
  Constant input on bit 1341 of port A: 1'0
  Constant input on bit 1342 of port A: 1'0
  Constant input on bit 1343 of port A: 1'0
  Constant input on bit 1344 of port A: 1'0
  Constant input on bit 1345 of port A: 1'0
  Constant input on bit 1346 of port A: 1'0
  Constant input on bit 1347 of port A: 1'0
  Constant input on bit 1348 of port A: 1'0
  Constant input on bit 1349 of port A: 1'0
  Constant input on bit 1350 of port A: 1'0
  Constant input on bit 1351 of port A: 1'0
  Constant input on bit 1352 of port A: 1'0
  Constant input on bit 1353 of port A: 1'0
  Constant input on bit 1354 of port A: 1'0
  Constant input on bit 1355 of port A: 1'0
  Constant input on bit 1356 of port A: 1'0
  Constant input on bit 1357 of port A: 1'0
  Constant input on bit 1358 of port A: 1'0
  Constant input on bit 1359 of port A: 1'0
  Constant input on bit 1360 of port A: 1'0
  Constant input on bit 1361 of port A: 1'0
  Constant input on bit 1362 of port A: 1'0
  Constant input on bit 1363 of port A: 1'0
  Constant input on bit 1364 of port A: 1'0
  Constant input on bit 1365 of port A: 1'0
  Constant input on bit 1366 of port A: 1'0
  Constant input on bit 1367 of port A: 1'0
  Constant input on bit 1368 of port A: 1'0
  Constant input on bit 1369 of port A: 1'0
  Constant input on bit 1370 of port A: 1'0
  Constant input on bit 1371 of port A: 1'0
  Constant input on bit 1372 of port A: 1'0
  Constant input on bit 1373 of port A: 1'0
  Constant input on bit 1374 of port A: 1'0
  Constant input on bit 1375 of port A: 1'0
  Constant input on bit 1376 of port A: 1'0
  Constant input on bit 1377 of port A: 1'0
  Constant input on bit 1378 of port A: 1'0
  Constant input on bit 1379 of port A: 1'0
  Constant input on bit 1380 of port A: 1'0
  Constant input on bit 1381 of port A: 1'0
  Constant input on bit 1382 of port A: 1'0
  Constant input on bit 1383 of port A: 1'0
  Constant input on bit 1384 of port A: 1'0
  Constant input on bit 1385 of port A: 1'0
  Constant input on bit 1386 of port A: 1'0
  Constant input on bit 1387 of port A: 1'0
  Constant input on bit 1388 of port A: 1'0
  Constant input on bit 1389 of port A: 1'0
  Constant input on bit 1390 of port A: 1'0
  Constant input on bit 1391 of port A: 1'0
  Constant input on bit 1392 of port A: 1'0
  Constant input on bit 1393 of port A: 1'0
  Constant input on bit 1394 of port A: 1'0
  Constant input on bit 1395 of port A: 1'0
  Constant input on bit 1396 of port A: 1'0
  Constant input on bit 1397 of port A: 1'0
  Constant input on bit 1398 of port A: 1'0
  Constant input on bit 1399 of port A: 1'0
  Constant input on bit 1400 of port A: 1'0
  Constant input on bit 1401 of port A: 1'0
  Constant input on bit 1402 of port A: 1'0
  Constant input on bit 1403 of port A: 1'0
  Constant input on bit 1404 of port A: 1'0
  Constant input on bit 1405 of port A: 1'0
  Constant input on bit 1406 of port A: 1'0
  Constant input on bit 1407 of port A: 1'0
  Constant input on bit 1408 of port A: 1'0
  Constant input on bit 1409 of port A: 1'0
  Constant input on bit 1410 of port A: 1'0
  Constant input on bit 1411 of port A: 1'0
  Constant input on bit 1412 of port A: 1'0
  Constant input on bit 1413 of port A: 1'0
  Constant input on bit 1414 of port A: 1'0
  Constant input on bit 1415 of port A: 1'0
  Constant input on bit 1416 of port A: 1'0
  Constant input on bit 1417 of port A: 1'0
  Constant input on bit 1418 of port A: 1'0
  Constant input on bit 1419 of port A: 1'0
  Constant input on bit 1420 of port A: 1'0
  Constant input on bit 1421 of port A: 1'0
  Constant input on bit 1422 of port A: 1'0
  Constant input on bit 1423 of port A: 1'0
  Constant input on bit 1424 of port A: 1'0
  Constant input on bit 1425 of port A: 1'0
  Constant input on bit 1426 of port A: 1'0
  Constant input on bit 1427 of port A: 1'0
  Constant input on bit 1428 of port A: 1'0
  Constant input on bit 1429 of port A: 1'0
  Constant input on bit 1430 of port A: 1'0
  Constant input on bit 1431 of port A: 1'0
  Constant input on bit 1432 of port A: 1'0
  Constant input on bit 1433 of port A: 1'0
  Constant input on bit 1434 of port A: 1'0
  Constant input on bit 1435 of port A: 1'0
  Constant input on bit 1436 of port A: 1'0
  Constant input on bit 1437 of port A: 1'0
  Constant input on bit 1438 of port A: 1'0
  Constant input on bit 1439 of port A: 1'0
  Constant input on bit 1440 of port A: 1'0
  Constant input on bit 1441 of port A: 1'0
  Constant input on bit 1442 of port A: 1'0
  Constant input on bit 1443 of port A: 1'0
  Constant input on bit 1444 of port A: 1'0
  Constant input on bit 1445 of port A: 1'0
  Constant input on bit 1446 of port A: 1'0
  Constant input on bit 1447 of port A: 1'0
  Constant input on bit 1448 of port A: 1'0
  Constant input on bit 1449 of port A: 1'0
  Constant input on bit 1450 of port A: 1'0
  Constant input on bit 1451 of port A: 1'0
  Constant input on bit 1452 of port A: 1'0
  Constant input on bit 1453 of port A: 1'0
  Constant input on bit 1454 of port A: 1'0
  Constant input on bit 1455 of port A: 1'0
  Constant input on bit 1456 of port A: 1'0
  Constant input on bit 1457 of port A: 1'0
  Constant input on bit 1458 of port A: 1'0
  Constant input on bit 1459 of port A: 1'0
  Constant input on bit 1460 of port A: 1'0
  Constant input on bit 1461 of port A: 1'0
  Constant input on bit 1462 of port A: 1'0
  Constant input on bit 1463 of port A: 1'0
  Constant input on bit 1464 of port A: 1'0
  Constant input on bit 1465 of port A: 1'0
  Constant input on bit 1466 of port A: 1'0
  Constant input on bit 1467 of port A: 1'0
  Constant input on bit 1468 of port A: 1'0
  Constant input on bit 1469 of port A: 1'0
  Constant input on bit 1470 of port A: 1'0
  Constant input on bit 1471 of port A: 1'0
  Constant input on bit 1472 of port A: 1'0
  Constant input on bit 1473 of port A: 1'0
  Constant input on bit 1474 of port A: 1'0
  Constant input on bit 1475 of port A: 1'0
  Constant input on bit 1476 of port A: 1'0
  Constant input on bit 1477 of port A: 1'0
  Constant input on bit 1478 of port A: 1'0
  Constant input on bit 1479 of port A: 1'0
  Constant input on bit 1480 of port A: 1'0
  Constant input on bit 1481 of port A: 1'0
  Constant input on bit 1482 of port A: 1'0
  Constant input on bit 1483 of port A: 1'0
  Constant input on bit 1484 of port A: 1'0
  Constant input on bit 1485 of port A: 1'0
  Constant input on bit 1486 of port A: 1'0
  Constant input on bit 1487 of port A: 1'0
  Constant input on bit 1488 of port A: 1'0
  Constant input on bit 1489 of port A: 1'0
  Constant input on bit 1490 of port A: 1'0
  Constant input on bit 1491 of port A: 1'0
  Constant input on bit 1492 of port A: 1'0
  Constant input on bit 1493 of port A: 1'0
  Constant input on bit 1494 of port A: 1'0
  Constant input on bit 1495 of port A: 1'0
  Constant input on bit 1496 of port A: 1'0
  Constant input on bit 1497 of port A: 1'0
  Constant input on bit 1498 of port A: 1'0
  Constant input on bit 1499 of port A: 1'0
  Constant input on bit 1500 of port A: 1'0
  Constant input on bit 1501 of port A: 1'0
  Constant input on bit 1502 of port A: 1'0
  Constant input on bit 1503 of port A: 1'0
  Constant input on bit 1504 of port A: 1'0
  Constant input on bit 1505 of port A: 1'0
  Constant input on bit 1506 of port A: 1'0
  Constant input on bit 1507 of port A: 1'0
  Constant input on bit 1508 of port A: 1'0
  Constant input on bit 1509 of port A: 1'0
  Constant input on bit 1510 of port A: 1'0
  Constant input on bit 1511 of port A: 1'0
  Constant input on bit 1512 of port A: 1'0
  Constant input on bit 1513 of port A: 1'0
  Constant input on bit 1514 of port A: 1'0
  Constant input on bit 1515 of port A: 1'0
  Constant input on bit 1516 of port A: 1'0
  Constant input on bit 1517 of port A: 1'0
  Constant input on bit 1518 of port A: 1'0
  Constant input on bit 1519 of port A: 1'0
  Constant input on bit 1520 of port A: 1'0
  Constant input on bit 1521 of port A: 1'0
  Constant input on bit 1522 of port A: 1'0
  Constant input on bit 1523 of port A: 1'0
  Constant input on bit 1524 of port A: 1'0
  Constant input on bit 1525 of port A: 1'0
  Constant input on bit 1526 of port A: 1'0
  Constant input on bit 1527 of port A: 1'0
  Constant input on bit 1528 of port A: 1'0
  Constant input on bit 1529 of port A: 1'0
  Constant input on bit 1530 of port A: 1'0
  Constant input on bit 1531 of port A: 1'0
  Constant input on bit 1532 of port A: 1'0
  Constant input on bit 1533 of port A: 1'0
  Constant input on bit 1534 of port A: 1'0
  Constant input on bit 1535 of port A: 1'0
  Constant input on bit 1536 of port A: 1'0
  Constant input on bit 1537 of port A: 1'0
  Constant input on bit 1538 of port A: 1'0
  Constant input on bit 1539 of port A: 1'0
  Constant input on bit 1540 of port A: 1'0
  Constant input on bit 1541 of port A: 1'0
  Constant input on bit 1542 of port A: 1'0
  Constant input on bit 1543 of port A: 1'0
  Constant input on bit 1544 of port A: 1'0
  Constant input on bit 1545 of port A: 1'0
  Constant input on bit 1546 of port A: 1'0
  Constant input on bit 1547 of port A: 1'0
  Constant input on bit 1548 of port A: 1'0
  Constant input on bit 1549 of port A: 1'0
  Constant input on bit 1550 of port A: 1'0
  Constant input on bit 1551 of port A: 1'0
  Constant input on bit 1552 of port A: 1'0
  Constant input on bit 1553 of port A: 1'0
  Constant input on bit 1554 of port A: 1'0
  Constant input on bit 1555 of port A: 1'0
  Constant input on bit 1556 of port A: 1'0
  Constant input on bit 1557 of port A: 1'0
  Constant input on bit 1558 of port A: 1'0
  Constant input on bit 1559 of port A: 1'0
  Constant input on bit 1560 of port A: 1'0
  Constant input on bit 1561 of port A: 1'0
  Constant input on bit 1562 of port A: 1'0
  Constant input on bit 1563 of port A: 1'0
  Constant input on bit 1564 of port A: 1'0
  Constant input on bit 1565 of port A: 1'0
  Constant input on bit 1566 of port A: 1'0
  Constant input on bit 1567 of port A: 1'0
  Constant input on bit 1568 of port A: 1'0
  Constant input on bit 1569 of port A: 1'0
  Constant input on bit 1570 of port A: 1'0
  Constant input on bit 1571 of port A: 1'0
  Constant input on bit 1572 of port A: 1'0
  Constant input on bit 1573 of port A: 1'0
  Constant input on bit 1574 of port A: 1'0
  Constant input on bit 1575 of port A: 1'0
  Constant input on bit 1576 of port A: 1'0
  Constant input on bit 1577 of port A: 1'0
  Constant input on bit 1578 of port A: 1'0
  Constant input on bit 1579 of port A: 1'0
  Constant input on bit 1580 of port A: 1'0
  Constant input on bit 1581 of port A: 1'0
  Constant input on bit 1582 of port A: 1'0
  Constant input on bit 1583 of port A: 1'0
  Constant input on bit 1584 of port A: 1'0
  Constant input on bit 1585 of port A: 1'0
  Constant input on bit 1586 of port A: 1'0
  Constant input on bit 1587 of port A: 1'0
  Constant input on bit 1588 of port A: 1'0
  Constant input on bit 1589 of port A: 1'0
  Constant input on bit 1590 of port A: 1'0
  Constant input on bit 1591 of port A: 1'0
  Constant input on bit 1592 of port A: 1'0
  Constant input on bit 1593 of port A: 1'0
  Constant input on bit 1594 of port A: 1'0
  Constant input on bit 1595 of port A: 1'0
  Constant input on bit 1596 of port A: 1'0
  Constant input on bit 1597 of port A: 1'0
  Constant input on bit 1598 of port A: 1'0
  Constant input on bit 1599 of port A: 1'0
  Constant input on bit 1600 of port A: 1'0
  Constant input on bit 1601 of port A: 1'0
  Constant input on bit 1602 of port A: 1'0
  Constant input on bit 1603 of port A: 1'0
  Constant input on bit 1604 of port A: 1'0
  Constant input on bit 1605 of port A: 1'0
  Constant input on bit 1606 of port A: 1'0
  Constant input on bit 1607 of port A: 1'0
  Constant input on bit 1608 of port A: 1'0
  Constant input on bit 1609 of port A: 1'0
  Constant input on bit 1610 of port A: 1'0
  Constant input on bit 1611 of port A: 1'0
  Constant input on bit 1612 of port A: 1'0
  Constant input on bit 1613 of port A: 1'0
  Constant input on bit 1614 of port A: 1'0
  Constant input on bit 1615 of port A: 1'0
  Constant input on bit 1616 of port A: 1'0
  Constant input on bit 1617 of port A: 1'0
  Constant input on bit 1618 of port A: 1'0
  Constant input on bit 1619 of port A: 1'0
  Constant input on bit 1620 of port A: 1'0
  Constant input on bit 1621 of port A: 1'0
  Constant input on bit 1622 of port A: 1'0
  Constant input on bit 1623 of port A: 1'0
  Constant input on bit 1624 of port A: 1'0
  Constant input on bit 1625 of port A: 1'0
  Constant input on bit 1626 of port A: 1'0
  Constant input on bit 1627 of port A: 1'0
  Constant input on bit 1628 of port A: 1'0
  Constant input on bit 1629 of port A: 1'0
  Constant input on bit 1630 of port A: 1'0
  Constant input on bit 1631 of port A: 1'0
  Constant input on bit 1632 of port A: 1'0
  Constant input on bit 1633 of port A: 1'0
  Constant input on bit 1634 of port A: 1'0
  Constant input on bit 1635 of port A: 1'0
  Constant input on bit 1636 of port A: 1'0
  Constant input on bit 1637 of port A: 1'0
  Constant input on bit 1638 of port A: 1'0
  Constant input on bit 1639 of port A: 1'0
  Constant input on bit 1640 of port A: 1'0
  Constant input on bit 1641 of port A: 1'0
  Constant input on bit 1642 of port A: 1'0
  Constant input on bit 1643 of port A: 1'0
  Constant input on bit 1644 of port A: 1'0
  Constant input on bit 1645 of port A: 1'0
  Constant input on bit 1646 of port A: 1'0
  Constant input on bit 1647 of port A: 1'0
  Constant input on bit 1648 of port A: 1'0
  Constant input on bit 1649 of port A: 1'0
  Constant input on bit 1650 of port A: 1'0
  Constant input on bit 1651 of port A: 1'0
  Constant input on bit 1652 of port A: 1'0
  Constant input on bit 1653 of port A: 1'0
  Constant input on bit 1654 of port A: 1'0
  Constant input on bit 1655 of port A: 1'0
  Constant input on bit 1656 of port A: 1'0
  Constant input on bit 1657 of port A: 1'0
  Constant input on bit 1658 of port A: 1'0
  Constant input on bit 1659 of port A: 1'0
  Constant input on bit 1660 of port A: 1'0
  Constant input on bit 1661 of port A: 1'0
  Constant input on bit 1662 of port A: 1'0
  Constant input on bit 1663 of port A: 1'0
  Constant input on bit 1664 of port A: 1'0
  Constant input on bit 1665 of port A: 1'0
  Constant input on bit 1666 of port A: 1'0
  Constant input on bit 1667 of port A: 1'0
  Constant input on bit 1668 of port A: 1'0
  Constant input on bit 1669 of port A: 1'0
  Constant input on bit 1670 of port A: 1'0
  Constant input on bit 1671 of port A: 1'0
  Constant input on bit 1672 of port A: 1'0
  Constant input on bit 1673 of port A: 1'0
  Constant input on bit 1674 of port A: 1'0
  Constant input on bit 1675 of port A: 1'0
  Constant input on bit 1676 of port A: 1'0
  Constant input on bit 1677 of port A: 1'0
  Constant input on bit 1678 of port A: 1'0
  Constant input on bit 1679 of port A: 1'0
  Constant input on bit 1680 of port A: 1'0
  Constant input on bit 1681 of port A: 1'0
  Constant input on bit 1682 of port A: 1'0
  Constant input on bit 1683 of port A: 1'0
  Constant input on bit 1684 of port A: 1'0
  Constant input on bit 1685 of port A: 1'0
  Constant input on bit 1686 of port A: 1'0
  Constant input on bit 1687 of port A: 1'0
  Constant input on bit 1688 of port A: 1'0
  Constant input on bit 1689 of port A: 1'0
  Constant input on bit 1690 of port A: 1'0
  Constant input on bit 1691 of port A: 1'0
  Constant input on bit 1692 of port A: 1'0
  Constant input on bit 1693 of port A: 1'0
  Constant input on bit 1694 of port A: 1'0
  Constant input on bit 1695 of port A: 1'0
  Constant input on bit 1696 of port A: 1'0
  Constant input on bit 1697 of port A: 1'0
  Constant input on bit 1698 of port A: 1'0
  Constant input on bit 1699 of port A: 1'0
  Constant input on bit 1700 of port A: 1'0
  Constant input on bit 1701 of port A: 1'0
  Constant input on bit 1702 of port A: 1'0
  Constant input on bit 1703 of port A: 1'0
  Constant input on bit 1704 of port A: 1'0
  Constant input on bit 1705 of port A: 1'0
  Constant input on bit 1706 of port A: 1'0
  Constant input on bit 1707 of port A: 1'0
  Constant input on bit 1708 of port A: 1'0
  Constant input on bit 1709 of port A: 1'0
  Constant input on bit 1710 of port A: 1'0
  Constant input on bit 1711 of port A: 1'0
  Constant input on bit 1712 of port A: 1'0
  Constant input on bit 1713 of port A: 1'0
  Constant input on bit 1714 of port A: 1'0
  Constant input on bit 1715 of port A: 1'0
  Constant input on bit 1716 of port A: 1'0
  Constant input on bit 1717 of port A: 1'0
  Constant input on bit 1718 of port A: 1'0
  Constant input on bit 1719 of port A: 1'0
  Constant input on bit 1720 of port A: 1'0
  Constant input on bit 1721 of port A: 1'0
  Constant input on bit 1722 of port A: 1'0
  Constant input on bit 1723 of port A: 1'0
  Constant input on bit 1724 of port A: 1'0
  Constant input on bit 1725 of port A: 1'0
  Constant input on bit 1726 of port A: 1'0
  Constant input on bit 1727 of port A: 1'0
  Constant input on bit 1728 of port A: 1'0
  Constant input on bit 1729 of port A: 1'0
  Constant input on bit 1730 of port A: 1'0
  Constant input on bit 1731 of port A: 1'0
  Constant input on bit 1732 of port A: 1'0
  Constant input on bit 1733 of port A: 1'0
  Constant input on bit 1734 of port A: 1'0
  Constant input on bit 1735 of port A: 1'0
  Constant input on bit 1736 of port A: 1'0
  Constant input on bit 1737 of port A: 1'0
  Constant input on bit 1738 of port A: 1'0
  Constant input on bit 1739 of port A: 1'0
  Constant input on bit 1740 of port A: 1'0
  Constant input on bit 1741 of port A: 1'0
  Constant input on bit 1742 of port A: 1'0
  Constant input on bit 1743 of port A: 1'0
  Constant input on bit 1744 of port A: 1'0
  Constant input on bit 1745 of port A: 1'0
  Constant input on bit 1746 of port A: 1'0
  Constant input on bit 1747 of port A: 1'0
  Constant input on bit 1748 of port A: 1'0
  Constant input on bit 1749 of port A: 1'0
  Constant input on bit 1750 of port A: 1'0
  Constant input on bit 1751 of port A: 1'0
  Constant input on bit 1752 of port A: 1'0
  Constant input on bit 1753 of port A: 1'0
  Constant input on bit 1754 of port A: 1'0
  Constant input on bit 1755 of port A: 1'0
  Constant input on bit 1756 of port A: 1'0
  Constant input on bit 1757 of port A: 1'0
  Constant input on bit 1758 of port A: 1'0
  Constant input on bit 1759 of port A: 1'0
  Constant input on bit 1760 of port A: 1'0
  Constant input on bit 1761 of port A: 1'0
  Constant input on bit 1762 of port A: 1'0
  Constant input on bit 1763 of port A: 1'0
  Constant input on bit 1764 of port A: 1'0
  Constant input on bit 1765 of port A: 1'0
  Constant input on bit 1766 of port A: 1'0
  Constant input on bit 1767 of port A: 1'0
  Constant input on bit 1768 of port A: 1'0
  Constant input on bit 1769 of port A: 1'0
  Constant input on bit 1770 of port A: 1'0
  Constant input on bit 1771 of port A: 1'0
  Constant input on bit 1772 of port A: 1'0
  Constant input on bit 1773 of port A: 1'0
  Constant input on bit 1774 of port A: 1'0
  Constant input on bit 1775 of port A: 1'0
  Constant input on bit 1776 of port A: 1'0
  Constant input on bit 1777 of port A: 1'0
  Constant input on bit 1778 of port A: 1'0
  Constant input on bit 1779 of port A: 1'0
  Constant input on bit 1780 of port A: 1'0
  Constant input on bit 1781 of port A: 1'0
  Constant input on bit 1782 of port A: 1'0
  Constant input on bit 1783 of port A: 1'0
  Constant input on bit 1784 of port A: 1'0
  Constant input on bit 1785 of port A: 1'0
  Constant input on bit 1786 of port A: 1'0
  Constant input on bit 1787 of port A: 1'0
  Constant input on bit 1788 of port A: 1'0
  Constant input on bit 1789 of port A: 1'0
  Constant input on bit 1790 of port A: 1'0
  Constant input on bit 1791 of port A: 1'0
  Constant input on bit 1792 of port A: 1'0
  Constant input on bit 1793 of port A: 1'0
  Constant input on bit 1794 of port A: 1'0
  Constant input on bit 1795 of port A: 1'0
  Constant input on bit 1796 of port A: 1'0
  Constant input on bit 1797 of port A: 1'0
  Constant input on bit 1798 of port A: 1'0
  Constant input on bit 1799 of port A: 1'0
  Constant input on bit 1800 of port A: 1'0
  Constant input on bit 1801 of port A: 1'0
  Constant input on bit 1802 of port A: 1'0
  Constant input on bit 1803 of port A: 1'0
  Constant input on bit 1804 of port A: 1'0
  Constant input on bit 1805 of port A: 1'0
  Constant input on bit 1806 of port A: 1'0
  Constant input on bit 1807 of port A: 1'0
  Constant input on bit 1808 of port A: 1'0
  Constant input on bit 1809 of port A: 1'0
  Constant input on bit 1810 of port A: 1'0
  Constant input on bit 1811 of port A: 1'0
  Constant input on bit 1812 of port A: 1'0
  Constant input on bit 1813 of port A: 1'0
  Constant input on bit 1814 of port A: 1'0
  Constant input on bit 1815 of port A: 1'0
  Constant input on bit 1816 of port A: 1'0
  Constant input on bit 1817 of port A: 1'0
  Constant input on bit 1818 of port A: 1'0
  Constant input on bit 1819 of port A: 1'0
  Constant input on bit 1820 of port A: 1'0
  Constant input on bit 1821 of port A: 1'0
  Constant input on bit 1822 of port A: 1'0
  Constant input on bit 1823 of port A: 1'0
  Constant input on bit 1824 of port A: 1'0
  Constant input on bit 1825 of port A: 1'0
  Constant input on bit 1826 of port A: 1'0
  Constant input on bit 1827 of port A: 1'0
  Constant input on bit 1828 of port A: 1'0
  Constant input on bit 1829 of port A: 1'0
  Constant input on bit 1830 of port A: 1'0
  Constant input on bit 1831 of port A: 1'0
  Constant input on bit 1832 of port A: 1'0
  Constant input on bit 1833 of port A: 1'0
  Constant input on bit 1834 of port A: 1'0
  Constant input on bit 1835 of port A: 1'0
  Constant input on bit 1836 of port A: 1'0
  Constant input on bit 1837 of port A: 1'0
  Constant input on bit 1838 of port A: 1'0
  Constant input on bit 1839 of port A: 1'0
  Constant input on bit 1840 of port A: 1'0
  Constant input on bit 1841 of port A: 1'0
  Constant input on bit 1842 of port A: 1'0
  Constant input on bit 1843 of port A: 1'0
  Constant input on bit 1844 of port A: 1'0
  Constant input on bit 1845 of port A: 1'0
  Constant input on bit 1846 of port A: 1'0
  Constant input on bit 1847 of port A: 1'0
  Constant input on bit 1848 of port A: 1'0
  Constant input on bit 1849 of port A: 1'0
  Constant input on bit 1850 of port A: 1'0
  Constant input on bit 1851 of port A: 1'0
  Constant input on bit 1852 of port A: 1'0
  Constant input on bit 1853 of port A: 1'0
  Constant input on bit 1854 of port A: 1'0
  Constant input on bit 1855 of port A: 1'0
  Constant input on bit 1856 of port A: 1'0
  Constant input on bit 1857 of port A: 1'0
  Constant input on bit 1858 of port A: 1'0
  Constant input on bit 1859 of port A: 1'0
  Constant input on bit 1860 of port A: 1'0
  Constant input on bit 1861 of port A: 1'0
  Constant input on bit 1862 of port A: 1'0
  Constant input on bit 1863 of port A: 1'0
  Constant input on bit 1864 of port A: 1'0
  Constant input on bit 1865 of port A: 1'0
  Constant input on bit 1866 of port A: 1'0
  Constant input on bit 1867 of port A: 1'0
  Constant input on bit 1868 of port A: 1'0
  Constant input on bit 1869 of port A: 1'0
  Constant input on bit 1870 of port A: 1'0
  Constant input on bit 1871 of port A: 1'0
  Constant input on bit 1872 of port A: 1'0
  Constant input on bit 1873 of port A: 1'0
  Constant input on bit 1874 of port A: 1'0
  Constant input on bit 1875 of port A: 1'0
  Constant input on bit 1876 of port A: 1'0
  Constant input on bit 1877 of port A: 1'0
  Constant input on bit 1878 of port A: 1'0
  Constant input on bit 1879 of port A: 1'0
  Constant input on bit 1880 of port A: 1'0
  Constant input on bit 1881 of port A: 1'0
  Constant input on bit 1882 of port A: 1'0
  Constant input on bit 1883 of port A: 1'0
  Constant input on bit 1884 of port A: 1'0
  Constant input on bit 1885 of port A: 1'0
  Constant input on bit 1886 of port A: 1'0
  Constant input on bit 1887 of port A: 1'0
  Constant input on bit 1888 of port A: 1'0
  Constant input on bit 1889 of port A: 1'0
  Constant input on bit 1890 of port A: 1'0
  Constant input on bit 1891 of port A: 1'0
  Constant input on bit 1892 of port A: 1'0
  Constant input on bit 1893 of port A: 1'0
  Constant input on bit 1894 of port A: 1'0
  Constant input on bit 1895 of port A: 1'0
  Constant input on bit 1896 of port A: 1'0
  Constant input on bit 1897 of port A: 1'0
  Constant input on bit 1898 of port A: 1'0
  Constant input on bit 1899 of port A: 1'0
  Constant input on bit 1900 of port A: 1'0
  Constant input on bit 1901 of port A: 1'0
  Constant input on bit 1902 of port A: 1'0
  Constant input on bit 1903 of port A: 1'0
  Constant input on bit 1904 of port A: 1'0
  Constant input on bit 1905 of port A: 1'0
  Constant input on bit 1906 of port A: 1'0
  Constant input on bit 1907 of port A: 1'0
  Constant input on bit 1908 of port A: 1'0
  Constant input on bit 1909 of port A: 1'0
  Constant input on bit 1910 of port A: 1'0
  Constant input on bit 1911 of port A: 1'0
  Constant input on bit 1912 of port A: 1'0
  Constant input on bit 1913 of port A: 1'0
  Constant input on bit 1914 of port A: 1'0
  Constant input on bit 1915 of port A: 1'0
  Constant input on bit 1916 of port A: 1'0
  Constant input on bit 1917 of port A: 1'0
  Constant input on bit 1918 of port A: 1'0
  Constant input on bit 1919 of port A: 1'0
  Constant input on bit 1920 of port A: 1'0
  Constant input on bit 1921 of port A: 1'0
  Constant input on bit 1922 of port A: 1'0
  Constant input on bit 1923 of port A: 1'0
  Constant input on bit 1924 of port A: 1'0
  Constant input on bit 1925 of port A: 1'0
  Constant input on bit 1926 of port A: 1'0
  Constant input on bit 1927 of port A: 1'0
  Constant input on bit 1928 of port A: 1'0
  Constant input on bit 1929 of port A: 1'0
  Constant input on bit 1930 of port A: 1'0
  Constant input on bit 1931 of port A: 1'0
  Constant input on bit 1932 of port A: 1'0
  Constant input on bit 1933 of port A: 1'0
  Constant input on bit 1934 of port A: 1'0
  Constant input on bit 1935 of port A: 1'0
  Constant input on bit 1936 of port A: 1'0
  Constant input on bit 1937 of port A: 1'0
  Constant input on bit 1938 of port A: 1'0
  Constant input on bit 1939 of port A: 1'0
  Constant input on bit 1940 of port A: 1'0
  Constant input on bit 1941 of port A: 1'0
  Constant input on bit 1942 of port A: 1'0
  Constant input on bit 1943 of port A: 1'0
  Constant input on bit 1944 of port A: 1'0
  Constant input on bit 1945 of port A: 1'0
  Constant input on bit 1946 of port A: 1'0
  Constant input on bit 1947 of port A: 1'0
  Constant input on bit 1948 of port A: 1'0
  Constant input on bit 1949 of port A: 1'0
  Constant input on bit 1950 of port A: 1'0
  Constant input on bit 1951 of port A: 1'0
  Constant input on bit 1952 of port A: 1'0
  Constant input on bit 1953 of port A: 1'0
  Constant input on bit 1954 of port A: 1'0
  Constant input on bit 1955 of port A: 1'0
  Constant input on bit 1956 of port A: 1'0
  Constant input on bit 1957 of port A: 1'0
  Constant input on bit 1958 of port A: 1'0
  Constant input on bit 1959 of port A: 1'0
  Constant input on bit 1960 of port A: 1'0
  Constant input on bit 1961 of port A: 1'0
  Constant input on bit 1962 of port A: 1'0
  Constant input on bit 1963 of port A: 1'0
  Constant input on bit 1964 of port A: 1'0
  Constant input on bit 1965 of port A: 1'0
  Constant input on bit 1966 of port A: 1'0
  Constant input on bit 1967 of port A: 1'0
  Constant input on bit 1968 of port A: 1'0
  Constant input on bit 1969 of port A: 1'0
  Constant input on bit 1970 of port A: 1'0
  Constant input on bit 1971 of port A: 1'0
  Constant input on bit 1972 of port A: 1'0
  Constant input on bit 1973 of port A: 1'0
  Constant input on bit 1974 of port A: 1'0
  Constant input on bit 1975 of port A: 1'0
  Constant input on bit 1976 of port A: 1'0
  Constant input on bit 1977 of port A: 1'0
  Constant input on bit 1978 of port A: 1'0
  Constant input on bit 1979 of port A: 1'0
  Constant input on bit 1980 of port A: 1'0
  Constant input on bit 1981 of port A: 1'0
  Constant input on bit 1982 of port A: 1'0
  Constant input on bit 1983 of port A: 1'0
  Constant input on bit 1984 of port A: 1'0
  Constant input on bit 1985 of port A: 1'0
  Constant input on bit 1986 of port A: 1'0
  Constant input on bit 1987 of port A: 1'0
  Constant input on bit 1988 of port A: 1'0
  Constant input on bit 1989 of port A: 1'0
  Constant input on bit 1990 of port A: 1'0
  Constant input on bit 1991 of port A: 1'0
  Constant input on bit 1992 of port A: 1'0
  Constant input on bit 1993 of port A: 1'0
  Constant input on bit 1994 of port A: 1'0
  Constant input on bit 1995 of port A: 1'0
  Constant input on bit 1996 of port A: 1'0
  Constant input on bit 1997 of port A: 1'0
  Constant input on bit 1998 of port A: 1'0
  Constant input on bit 1999 of port A: 1'0
  Constant input on bit 2000 of port A: 1'0
  Constant input on bit 2001 of port A: 1'0
  Constant input on bit 2002 of port A: 1'0
  Constant input on bit 2003 of port A: 1'0
  Constant input on bit 2004 of port A: 1'0
  Constant input on bit 2005 of port A: 1'0
  Constant input on bit 2006 of port A: 1'0
  Constant input on bit 2007 of port A: 1'0
  Constant input on bit 2008 of port A: 1'0
  Constant input on bit 2009 of port A: 1'0
  Constant input on bit 2010 of port A: 1'0
  Constant input on bit 2011 of port A: 1'0
  Constant input on bit 2012 of port A: 1'0
  Constant input on bit 2013 of port A: 1'0
  Constant input on bit 2014 of port A: 1'0
  Constant input on bit 2015 of port A: 1'0
  Constant input on bit 2016 of port A: 1'0
  Constant input on bit 2017 of port A: 1'0
  Constant input on bit 2018 of port A: 1'0
  Constant input on bit 2019 of port A: 1'0
  Constant input on bit 2020 of port A: 1'0
  Constant input on bit 2021 of port A: 1'0
  Constant input on bit 2022 of port A: 1'0
  Constant input on bit 2023 of port A: 1'0
  Constant input on bit 2024 of port A: 1'0
  Constant input on bit 2025 of port A: 1'0
  Constant input on bit 2026 of port A: 1'0
  Constant input on bit 2027 of port A: 1'0
  Constant input on bit 2028 of port A: 1'0
  Constant input on bit 2029 of port A: 1'0
  Constant input on bit 2030 of port A: 1'0
  Constant input on bit 2031 of port A: 1'0
  Constant input on bit 2032 of port A: 1'0
  Constant input on bit 2033 of port A: 1'0
  Constant input on bit 2034 of port A: 1'0
  Constant input on bit 2035 of port A: 1'0
  Constant input on bit 2036 of port A: 1'0
  Constant input on bit 2037 of port A: 1'0
  Constant input on bit 2038 of port A: 1'0
  Constant input on bit 2039 of port A: 1'0
  Constant input on bit 2040 of port A: 1'0
  Constant input on bit 2041 of port A: 1'0
  Constant input on bit 2042 of port A: 1'0
  Constant input on bit 2043 of port A: 1'0
  Constant input on bit 2044 of port A: 1'0
  Constant input on bit 2045 of port A: 1'0
  Constant input on bit 2046 of port A: 1'0
  Constant input on bit 2047 of port A: 1'0
Creating constmapped module `$paramod$constmap:daa7ad788665cea58217042c64af55b4ea23971a$paramod$7d00db8a59728ec0e93a9e75d12a59371a9099d5\_90_shift_shiftx'.

12.24. Executing OPT_MUXTREE pass (detect dead branches in mux trees).
Running muxtree optimizer on module $paramod$constmap:daa7ad788665cea58217042c64af55b4ea23971a$paramod$7d00db8a59728ec0e93a9e75d12a59371a9099d5\_90_shift_shiftx..
  Creating internal representation of mux trees.
  Evaluating internal representation of mux trees.
  Analyzing evaluation results.
    dead port 1/2 on $mux $procmux$817.
    dead port 2/2 on $mux $procmux$817.
    dead port 1/2 on $mux $procmux$820.
    dead port 2/2 on $mux $procmux$823.
    dead port 2/2 on $mux $procmux$829.
    dead port 2/2 on $mux $procmux$835.
    dead port 2/2 on $mux $procmux$841.
    dead port 2/2 on $mux $procmux$847.
    dead port 1/2 on $mux $procmux$853.
    dead port 2/2 on $mux $procmux$853.
    dead port 1/2 on $mux $procmux$856.
    dead port 1/2 on $mux $procmux$859.
    dead port 2/2 on $mux $procmux$859.
    dead port 1/2 on $mux $procmux$862.
    dead port 1/2 on $mux $procmux$865.
    dead port 2/2 on $mux $procmux$865.
    dead port 1/2 on $mux $procmux$868.
    dead port 1/2 on $mux $procmux$871.
    dead port 2/2 on $mux $procmux$871.
    dead port 1/2 on $mux $procmux$874.
    dead port 1/2 on $mux $procmux$877.
    dead port 2/2 on $mux $procmux$877.
    dead port 1/2 on $mux $procmux$880.
    dead port 1/2 on $mux $procmux$883.
    dead port 2/2 on $mux $procmux$883.
    dead port 1/2 on $mux $procmux$886.
Removed 26 multiplexer ports.
<suppressed ~143 debug messages>

12.25. Executing OPT_EXPR pass (perform const folding).
Optimizing module $paramod$constmap:daa7ad788665cea58217042c64af55b4ea23971a$paramod$7d00db8a59728ec0e93a9e75d12a59371a9099d5\_90_shift_shiftx.
<suppressed ~42 debug messages>
Removed 0 unused cells and 64 unused wires.
Using template $paramod$constmap:daa7ad788665cea58217042c64af55b4ea23971a$paramod$7d00db8a59728ec0e93a9e75d12a59371a9099d5\_90_shift_shiftx for cells of type $shiftx.
Using extmapper maccmap for cells of type $macc_v2.
  add \u_layer.GEN_NEURON[0].u_neuron.u_mac8.x_bus [7:0] * \u_layer.GEN_NEURON[0].u_neuron.u_mac8.w_bus [7:0] (8x8 bits, signed)
  add \u_layer.GEN_NEURON[0].u_neuron.u_mac8.x_bus [15:8] * \u_layer.GEN_NEURON[0].u_neuron.u_mac8.w_bus [15:8] (8x8 bits, signed)
  add \u_layer.GEN_NEURON[0].u_neuron.u_mac8.x_bus [23:16] * \u_layer.GEN_NEURON[0].u_neuron.u_mac8.w_bus [23:16] (8x8 bits, signed)
  add \u_layer.GEN_NEURON[0].u_neuron.u_mac8.x_bus [31:24] * \u_layer.GEN_NEURON[0].u_neuron.u_mac8.w_bus [31:24] (8x8 bits, signed)
  add \u_layer.GEN_NEURON[0].u_neuron.u_mac8.x_bus [39:32] * \u_layer.GEN_NEURON[0].u_neuron.u_mac8.w_bus [39:32] (8x8 bits, signed)
  add \u_layer.GEN_NEURON[0].u_neuron.u_mac8.x_bus [47:40] * \u_layer.GEN_NEURON[0].u_neuron.u_mac8.w_bus [47:40] (8x8 bits, signed)
  add \u_layer.GEN_NEURON[0].u_neuron.u_mac8.x_bus [55:48] * \u_layer.GEN_NEURON[0].u_neuron.u_mac8.w_bus [55:48] (8x8 bits, signed)
  add \u_layer.GEN_NEURON[0].u_neuron.u_mac8.x_bus [63:56] * \u_layer.GEN_NEURON[0].u_neuron.u_mac8.w_bus [63:56] (8x8 bits, signed)
Using template $paramod$2653f68ddb8eab7b1907b4a20767b72a824a7a36\_90_alu for cells of type $alu.
Using template $paramod$672a140277c71df8314410f22acc08d55222c3c7\_90_alu for cells of type $alu.
Using extmapper simplemap for cells of type $xor.
Using extmapper simplemap for cells of type $or.
  add \u_layer.GEN_NEURON[1].u_neuron.u_mac8.x_bus [7:0] * \u_layer.GEN_NEURON[1].u_neuron.u_mac8.w_bus [7:0] (8x8 bits, signed)
  add \u_layer.GEN_NEURON[1].u_neuron.u_mac8.x_bus [15:8] * \u_layer.GEN_NEURON[1].u_neuron.u_mac8.w_bus [15:8] (8x8 bits, signed)
  add \u_layer.GEN_NEURON[1].u_neuron.u_mac8.x_bus [23:16] * \u_layer.GEN_NEURON[1].u_neuron.u_mac8.w_bus [23:16] (8x8 bits, signed)
  add \u_layer.GEN_NEURON[1].u_neuron.u_mac8.x_bus [31:24] * \u_layer.GEN_NEURON[1].u_neuron.u_mac8.w_bus [31:24] (8x8 bits, signed)
  add \u_layer.GEN_NEURON[1].u_neuron.u_mac8.x_bus [39:32] * \u_layer.GEN_NEURON[1].u_neuron.u_mac8.w_bus [39:32] (8x8 bits, signed)
  add \u_layer.GEN_NEURON[1].u_neuron.u_mac8.x_bus [47:40] * \u_layer.GEN_NEURON[1].u_neuron.u_mac8.w_bus [47:40] (8x8 bits, signed)
  add \u_layer.GEN_NEURON[1].u_neuron.u_mac8.x_bus [55:48] * \u_layer.GEN_NEURON[1].u_neuron.u_mac8.w_bus [55:48] (8x8 bits, signed)
  add \u_layer.GEN_NEURON[1].u_neuron.u_mac8.x_bus [63:56] * \u_layer.GEN_NEURON[1].u_neuron.u_mac8.w_bus [63:56] (8x8 bits, signed)
  add \u_layer.GEN_NEURON[2].u_neuron.u_mac8.x_bus [7:0] * \u_layer.GEN_NEURON[2].u_neuron.u_mac8.w_bus [7:0] (8x8 bits, signed)
  add \u_layer.GEN_NEURON[2].u_neuron.u_mac8.x_bus [15:8] * \u_layer.GEN_NEURON[2].u_neuron.u_mac8.w_bus [15:8] (8x8 bits, signed)
  add \u_layer.GEN_NEURON[2].u_neuron.u_mac8.x_bus [23:16] * \u_layer.GEN_NEURON[2].u_neuron.u_mac8.w_bus [23:16] (8x8 bits, signed)
  add \u_layer.GEN_NEURON[2].u_neuron.u_mac8.x_bus [31:24] * \u_layer.GEN_NEURON[2].u_neuron.u_mac8.w_bus [31:24] (8x8 bits, signed)
  add \u_layer.GEN_NEURON[2].u_neuron.u_mac8.x_bus [39:32] * \u_layer.GEN_NEURON[2].u_neuron.u_mac8.w_bus [39:32] (8x8 bits, signed)
  add \u_layer.GEN_NEURON[2].u_neuron.u_mac8.x_bus [47:40] * \u_layer.GEN_NEURON[2].u_neuron.u_mac8.w_bus [47:40] (8x8 bits, signed)
  add \u_layer.GEN_NEURON[2].u_neuron.u_mac8.x_bus [55:48] * \u_layer.GEN_NEURON[2].u_neuron.u_mac8.w_bus [55:48] (8x8 bits, signed)
  add \u_layer.GEN_NEURON[2].u_neuron.u_mac8.x_bus [63:56] * \u_layer.GEN_NEURON[2].u_neuron.u_mac8.w_bus [63:56] (8x8 bits, signed)
  add \u_layer.GEN_NEURON[3].u_neuron.u_mac8.x_bus [7:0] * \u_layer.GEN_NEURON[3].u_neuron.u_mac8.w_bus [7:0] (8x8 bits, signed)
  add \u_layer.GEN_NEURON[3].u_neuron.u_mac8.x_bus [15:8] * \u_layer.GEN_NEURON[3].u_neuron.u_mac8.w_bus [15:8] (8x8 bits, signed)
  add \u_layer.GEN_NEURON[3].u_neuron.u_mac8.x_bus [23:16] * \u_layer.GEN_NEURON[3].u_neuron.u_mac8.w_bus [23:16] (8x8 bits, signed)
  add \u_layer.GEN_NEURON[3].u_neuron.u_mac8.x_bus [31:24] * \u_layer.GEN_NEURON[3].u_neuron.u_mac8.w_bus [31:24] (8x8 bits, signed)
  add \u_layer.GEN_NEURON[3].u_neuron.u_mac8.x_bus [39:32] * \u_layer.GEN_NEURON[3].u_neuron.u_mac8.w_bus [39:32] (8x8 bits, signed)
  add \u_layer.GEN_NEURON[3].u_neuron.u_mac8.x_bus [47:40] * \u_layer.GEN_NEURON[3].u_neuron.u_mac8.w_bus [47:40] (8x8 bits, signed)
  add \u_layer.GEN_NEURON[3].u_neuron.u_mac8.x_bus [55:48] * \u_layer.GEN_NEURON[3].u_neuron.u_mac8.w_bus [55:48] (8x8 bits, signed)
  add \u_layer.GEN_NEURON[3].u_neuron.u_mac8.x_bus [63:56] * \u_layer.GEN_NEURON[3].u_neuron.u_mac8.w_bus [63:56] (8x8 bits, signed)
Using template $paramod\_90_fa\WIDTH=32'00000000000000000000000000010000 for cells of type $fa.
Using template $paramod$6df0329addda9228fcc2546de2aaf14ad26c98e1\_90_alu for cells of type $alu.
Using extmapper simplemap for cells of type $and.
Using extmapper simplemap for cells of type $pos.
Using template $paramod\_90_fa\WIDTH=32'00000000000000000000000000100000 for cells of type $fa.
Using template $paramod\_90_lcu_brent_kung\WIDTH=32'00000000000000000000000000100000 for cells of type $lcu.
Using template $paramod\_90_fa\WIDTH=32'00000000000000000000000000000101 for cells of type $fa.
Using template $paramod\_90_lcu_brent_kung\WIDTH=32'00000000000000000000000000000101 for cells of type $lcu.
Using template $paramod\_90_lcu_brent_kung\WIDTH=32'00000000000000000000000000010000 for cells of type $lcu.
No more expansions possible.
<suppressed ~11190 debug messages>

13. Executing OPT pass (performing simple optimizations).

13.1. Executing OPT_EXPR pass (perform const folding).
Optimizing module top.
<suppressed ~259790 debug messages>

13.2. Executing OPT_MERGE pass (detect identical cells).
Finding identical cells in module `\top'.
Computing hashes of 32267 cells of `\top'.
Finding duplicate cells in `\top'.
Computing hashes of 29422 cells of `\top'.
Finding duplicate cells in `\top'.
Computing hashes of 25167 cells of `\top'.
Finding duplicate cells in `\top'.
Computing hashes of 18960 cells of `\top'.
Finding duplicate cells in `\top'.
Computing hashes of 10807 cells of `\top'.
Finding duplicate cells in `\top'.
Computing hashes of 2707 cells of `\top'.
Finding duplicate cells in `\top'.
Computing hashes of 2690 cells of `\top'.
Finding duplicate cells in `\top'.
Computing hashes of 2676 cells of `\top'.
Finding duplicate cells in `\top'.
Computing hashes of 2672 cells of `\top'.
Finding duplicate cells in `\top'.
Computing hashes of 2668 cells of `\top'.
Finding duplicate cells in `\top'.
<suppressed ~88797 debug messages>
Removed a total of 29599 cells.

13.3. Executing OPT_MUXTREE pass (detect dead branches in mux trees).
Running muxtree optimizer on module \top..
  Creating internal representation of mux trees.
  No muxes found in this module.
Removed 0 multiplexer ports.

13.4. Executing OPT_REDUCE pass (consolidate $*mux and $reduce_* inputs).
  Optimizing cells in module \top.
Performed a total of 0 changes.

13.5. Executing OPT_MERGE pass (detect identical cells).
Finding identical cells in module `\top'.
Computing hashes of 2668 cells of `\top'.
Finding duplicate cells in `\top'.
Removed a total of 0 cells.

13.6. Executing OPT_DFF pass (perform DFF optimizations).
Adding EN signal on $auto$ff.cc:337:slice$640 ($_SDFFE_PP0P_) from module top (D = $flatten\u_layer.\GEN_NEURON[1].u_neuron.$procmux$312_Y [31], Q = \u_layer.GEN_NEURON[1].u_neuron.acc [31]).
Adding EN signal on $auto$ff.cc:337:slice$610 ($_SDFFE_PP0P_) from module top (D = $flatten\u_layer.\GEN_NEURON[1].u_neuron.$procmux$312_Y [1], Q = \u_layer.GEN_NEURON[1].u_neuron.acc [1]).
Adding EN signal on $auto$ff.cc:337:slice$611 ($_SDFFE_PP0P_) from module top (D = $flatten\u_layer.\GEN_NEURON[1].u_neuron.$procmux$312_Y [2], Q = \u_layer.GEN_NEURON[1].u_neuron.acc [2]).
Adding EN signal on $auto$ff.cc:337:slice$612 ($_SDFFE_PP0P_) from module top (D = $flatten\u_layer.\GEN_NEURON[1].u_neuron.$procmux$312_Y [3], Q = \u_layer.GEN_NEURON[1].u_neuron.acc [3]).
Adding EN signal on $auto$ff.cc:337:slice$613 ($_SDFFE_PP0P_) from module top (D = $flatten\u_layer.\GEN_NEURON[1].u_neuron.$procmux$312_Y [4], Q = \u_layer.GEN_NEURON[1].u_neuron.acc [4]).
Adding EN signal on $auto$ff.cc:337:slice$614 ($_SDFFE_PP0P_) from module top (D = $flatten\u_layer.\GEN_NEURON[1].u_neuron.$procmux$312_Y [5], Q = \u_layer.GEN_NEURON[1].u_neuron.acc [5]).
Adding EN signal on $auto$ff.cc:337:slice$615 ($_SDFFE_PP0P_) from module top (D = $flatten\u_layer.\GEN_NEURON[1].u_neuron.$procmux$312_Y [6], Q = \u_layer.GEN_NEURON[1].u_neuron.acc [6]).
Adding EN signal on $auto$ff.cc:337:slice$616 ($_SDFFE_PP0P_) from module top (D = $flatten\u_layer.\GEN_NEURON[1].u_neuron.$procmux$312_Y [7], Q = \u_layer.GEN_NEURON[1].u_neuron.acc [7]).
Adding EN signal on $auto$ff.cc:337:slice$617 ($_SDFFE_PP0P_) from module top (D = $flatten\u_layer.\GEN_NEURON[1].u_neuron.$procmux$312_Y [8], Q = \u_layer.GEN_NEURON[1].u_neuron.acc [8]).
Adding EN signal on $auto$ff.cc:337:slice$618 ($_SDFFE_PP0P_) from module top (D = $flatten\u_layer.\GEN_NEURON[1].u_neuron.$procmux$312_Y [9], Q = \u_layer.GEN_NEURON[1].u_neuron.acc [9]).
Adding EN signal on $auto$ff.cc:337:slice$619 ($_SDFFE_PP0P_) from module top (D = $flatten\u_layer.\GEN_NEURON[1].u_neuron.$procmux$312_Y [10], Q = \u_layer.GEN_NEURON[1].u_neuron.acc [10]).
Adding EN signal on $auto$ff.cc:337:slice$620 ($_SDFFE_PP0P_) from module top (D = $flatten\u_layer.\GEN_NEURON[1].u_neuron.$procmux$312_Y [11], Q = \u_layer.GEN_NEURON[1].u_neuron.acc [11]).
Adding EN signal on $auto$ff.cc:337:slice$621 ($_SDFFE_PP0P_) from module top (D = $flatten\u_layer.\GEN_NEURON[1].u_neuron.$procmux$312_Y [12], Q = \u_layer.GEN_NEURON[1].u_neuron.acc [12]).
Adding EN signal on $auto$ff.cc:337:slice$622 ($_SDFFE_PP0P_) from module top (D = $flatten\u_layer.\GEN_NEURON[1].u_neuron.$procmux$312_Y [13], Q = \u_layer.GEN_NEURON[1].u_neuron.acc [13]).
Adding EN signal on $auto$ff.cc:337:slice$623 ($_SDFFE_PP0P_) from module top (D = $flatten\u_layer.\GEN_NEURON[1].u_neuron.$procmux$312_Y [14], Q = \u_layer.GEN_NEURON[1].u_neuron.acc [14]).
Adding EN signal on $auto$ff.cc:337:slice$624 ($_SDFFE_PP0P_) from module top (D = $flatten\u_layer.\GEN_NEURON[1].u_neuron.$procmux$312_Y [15], Q = \u_layer.GEN_NEURON[1].u_neuron.acc [15]).
Adding EN signal on $auto$ff.cc:337:slice$625 ($_SDFFE_PP0P_) from module top (D = $flatten\u_layer.\GEN_NEURON[1].u_neuron.$procmux$312_Y [16], Q = \u_layer.GEN_NEURON[1].u_neuron.acc [16]).
Adding EN signal on $auto$ff.cc:337:slice$626 ($_SDFFE_PP0P_) from module top (D = $flatten\u_layer.\GEN_NEURON[1].u_neuron.$procmux$312_Y [17], Q = \u_layer.GEN_NEURON[1].u_neuron.acc [17]).
Adding EN signal on $auto$ff.cc:337:slice$627 ($_SDFFE_PP0P_) from module top (D = $flatten\u_layer.\GEN_NEURON[1].u_neuron.$procmux$312_Y [18], Q = \u_layer.GEN_NEURON[1].u_neuron.acc [18]).
Adding EN signal on $auto$ff.cc:337:slice$628 ($_SDFFE_PP0P_) from module top (D = $flatten\u_layer.\GEN_NEURON[1].u_neuron.$procmux$312_Y [19], Q = \u_layer.GEN_NEURON[1].u_neuron.acc [19]).
Adding EN signal on $auto$ff.cc:337:slice$629 ($_SDFFE_PP0P_) from module top (D = $flatten\u_layer.\GEN_NEURON[1].u_neuron.$procmux$312_Y [20], Q = \u_layer.GEN_NEURON[1].u_neuron.acc [20]).
Adding EN signal on $auto$ff.cc:337:slice$630 ($_SDFFE_PP0P_) from module top (D = $flatten\u_layer.\GEN_NEURON[1].u_neuron.$procmux$312_Y [21], Q = \u_layer.GEN_NEURON[1].u_neuron.acc [21]).
Adding EN signal on $auto$ff.cc:337:slice$631 ($_SDFFE_PP0P_) from module top (D = $flatten\u_layer.\GEN_NEURON[1].u_neuron.$procmux$312_Y [22], Q = \u_layer.GEN_NEURON[1].u_neuron.acc [22]).
Adding EN signal on $auto$ff.cc:337:slice$632 ($_SDFFE_PP0P_) from module top (D = $flatten\u_layer.\GEN_NEURON[1].u_neuron.$procmux$312_Y [23], Q = \u_layer.GEN_NEURON[1].u_neuron.acc [23]).
Adding EN signal on $auto$ff.cc:337:slice$633 ($_SDFFE_PP0P_) from module top (D = $flatten\u_layer.\GEN_NEURON[1].u_neuron.$procmux$312_Y [24], Q = \u_layer.GEN_NEURON[1].u_neuron.acc [24]).
Adding EN signal on $auto$ff.cc:337:slice$634 ($_SDFFE_PP0P_) from module top (D = $flatten\u_layer.\GEN_NEURON[1].u_neuron.$procmux$312_Y [25], Q = \u_layer.GEN_NEURON[1].u_neuron.acc [25]).
Adding EN signal on $auto$ff.cc:337:slice$635 ($_SDFFE_PP0P_) from module top (D = $flatten\u_layer.\GEN_NEURON[1].u_neuron.$procmux$312_Y [26], Q = \u_layer.GEN_NEURON[1].u_neuron.acc [26]).
Adding EN signal on $auto$ff.cc:337:slice$636 ($_SDFFE_PP0P_) from module top (D = $flatten\u_layer.\GEN_NEURON[1].u_neuron.$procmux$312_Y [27], Q = \u_layer.GEN_NEURON[1].u_neuron.acc [27]).
Adding EN signal on $auto$ff.cc:337:slice$637 ($_SDFFE_PP0P_) from module top (D = $flatten\u_layer.\GEN_NEURON[1].u_neuron.$procmux$312_Y [28], Q = \u_layer.GEN_NEURON[1].u_neuron.acc [28]).
Adding EN signal on $auto$ff.cc:337:slice$638 ($_SDFFE_PP0P_) from module top (D = $flatten\u_layer.\GEN_NEURON[1].u_neuron.$procmux$312_Y [29], Q = \u_layer.GEN_NEURON[1].u_neuron.acc [29]).
Adding EN signal on $auto$ff.cc:337:slice$639 ($_SDFFE_PP0P_) from module top (D = $flatten\u_layer.\GEN_NEURON[1].u_neuron.$procmux$312_Y [30], Q = \u_layer.GEN_NEURON[1].u_neuron.acc [30]).

13.7. Executing OPT_CLEAN pass (remove unused cells and wires).
Finding unused cells or wires in module \top..
Removed 1095 unused cells and 13319 unused wires.
<suppressed ~1096 debug messages>

13.8. Executing OPT_EXPR pass (perform const folding).
Optimizing module top.
<suppressed ~109 debug messages>

13.9. Rerunning OPT passes. (Maybe there is more to do..)

13.10. Executing OPT_MUXTREE pass (detect dead branches in mux trees).
Running muxtree optimizer on module \top..
  Creating internal representation of mux trees.
  No muxes found in this module.
Removed 0 multiplexer ports.

13.11. Executing OPT_REDUCE pass (consolidate $*mux and $reduce_* inputs).
  Optimizing cells in module \top.
Performed a total of 0 changes.

13.12. Executing OPT_MERGE pass (detect identical cells).
Finding identical cells in module `\top'.
Computing hashes of 1557 cells of `\top'.
Finding duplicate cells in `\top'.
Computing hashes of 1524 cells of `\top'.
Finding duplicate cells in `\top'.
Computing hashes of 1494 cells of `\top'.
Finding duplicate cells in `\top'.
<suppressed ~189 debug messages>
Removed a total of 63 cells.

13.13. Executing OPT_DFF pass (perform DFF optimizations).
Handling D = Q on $auto$ff.cc:337:slice$609 ($_SDFFE_PP0P_) from module top (conecting SRST instead).
Handling D = Q on $auto$ff.cc:337:slice$671 ($_SDFFE_PP0P_) from module top (conecting SRST instead).
Handling D = Q on $auto$ff.cc:337:slice$672 ($_SDFFE_PP0P_) from module top (conecting SRST instead).
Handling D = Q on $auto$ff.cc:337:slice$673 ($_SDFFE_PP0P_) from module top (conecting SRST instead).
Handling D = Q on $auto$ff.cc:337:slice$733 ($_SDFFE_PP0P_) from module top (conecting SRST instead).
Handling D = Q on $auto$ff.cc:337:slice$734 ($_SDFFE_PP0P_) from module top (conecting SRST instead).
Setting constant 0-bit at position 0 on $auto$ff.cc:337:slice$734 ($_DFFE_PP_) from module top.
Setting constant 0-bit at position 0 on $auto$ff.cc:337:slice$733 ($_DFFE_PP_) from module top.
Setting constant 0-bit at position 0 on $auto$ff.cc:337:slice$673 ($_DFFE_PP_) from module top.
Setting constant 0-bit at position 0 on $auto$ff.cc:337:slice$672 ($_DFFE_PP_) from module top.
Setting constant 0-bit at position 0 on $auto$ff.cc:337:slice$671 ($_DFFE_PP_) from module top.
Setting constant 0-bit at position 0 on $auto$ff.cc:337:slice$609 ($_DFFE_PP_) from module top.

13.14. Executing OPT_CLEAN pass (remove unused cells and wires).
Finding unused cells or wires in module \top..
Removed 1 unused cells and 129 unused wires.
<suppressed ~2 debug messages>

13.15. Executing OPT_EXPR pass (perform const folding).
Optimizing module top.
<suppressed ~38 debug messages>

13.16. Rerunning OPT passes. (Maybe there is more to do..)

13.17. Executing OPT_MUXTREE pass (detect dead branches in mux trees).
Running muxtree optimizer on module \top..
  Creating internal representation of mux trees.
  No muxes found in this module.
Removed 0 multiplexer ports.

13.18. Executing OPT_REDUCE pass (consolidate $*mux and $reduce_* inputs).
  Optimizing cells in module \top.
Performed a total of 0 changes.

13.19. Executing OPT_MERGE pass (detect identical cells).
Finding identical cells in module `\top'.
Computing hashes of 1449 cells of `\top'.
Finding duplicate cells in `\top'.
Computing hashes of 1446 cells of `\top'.
Finding duplicate cells in `\top'.
Computing hashes of 1443 cells of `\top'.
Finding duplicate cells in `\top'.
Computing hashes of 1440 cells of `\top'.
Finding duplicate cells in `\top'.
<suppressed ~27 debug messages>
Removed a total of 9 cells.

13.20. Executing OPT_DFF pass (perform DFF optimizations).
Handling D = Q on $auto$ff.cc:337:slice$547 ($_SDFFE_PP0P_) from module top (conecting SRST instead).
Handling D = Q on $auto$ff.cc:337:slice$548 ($_SDFFE_PP0P_) from module top (conecting SRST instead).
Handling D = Q on $auto$ff.cc:337:slice$549 ($_SDFFE_PP0P_) from module top (conecting SRST instead).
Handling D = Q on $auto$ff.cc:337:slice$735 ($_SDFFE_PP0P_) from module top (conecting SRST instead).
Handling D = Q on $auto$ff.cc:337:slice$736 ($_SDFFE_PP0P_) from module top (conecting SRST instead).
Handling D = Q on $auto$ff.cc:337:slice$737 ($_SDFFE_PP0P_) from module top (conecting SRST instead).
Setting constant 0-bit at position 0 on $auto$ff.cc:337:slice$737 ($_DFFE_PP_) from module top.
Setting constant 0-bit at position 0 on $auto$ff.cc:337:slice$736 ($_DFFE_PP_) from module top.
Setting constant 0-bit at position 0 on $auto$ff.cc:337:slice$735 ($_DFFE_PP_) from module top.
Setting constant 0-bit at position 0 on $auto$ff.cc:337:slice$549 ($_DFFE_PP_) from module top.
Setting constant 0-bit at position 0 on $auto$ff.cc:337:slice$548 ($_DFFE_PP_) from module top.
Setting constant 0-bit at position 0 on $auto$ff.cc:337:slice$547 ($_DFFE_PP_) from module top.

13.21. Executing OPT_CLEAN pass (remove unused cells and wires).
Finding unused cells or wires in module \top..
Removed 8 unused cells and 9 unused wires.
<suppressed ~9 debug messages>

13.22. Executing OPT_EXPR pass (perform const folding).
Optimizing module top.
<suppressed ~30 debug messages>

13.23. Rerunning OPT passes. (Maybe there is more to do..)

13.24. Executing OPT_MUXTREE pass (detect dead branches in mux trees).
Running muxtree optimizer on module \top..
  Creating internal representation of mux trees.
  No muxes found in this module.
Removed 0 multiplexer ports.

13.25. Executing OPT_REDUCE pass (consolidate $*mux and $reduce_* inputs).
  Optimizing cells in module \top.
Performed a total of 0 changes.

13.26. Executing OPT_MERGE pass (detect identical cells).
Finding identical cells in module `\top'.
Computing hashes of 1396 cells of `\top'.
Finding duplicate cells in `\top'.
Computing hashes of 1391 cells of `\top'.
Finding duplicate cells in `\top'.
Computing hashes of 1386 cells of `\top'.
Finding duplicate cells in `\top'.
Computing hashes of 1381 cells of `\top'.
Finding duplicate cells in `\top'.
<suppressed ~45 debug messages>
Removed a total of 15 cells.

13.27. Executing OPT_DFF pass (perform DFF optimizations).

13.28. Executing OPT_CLEAN pass (remove unused cells and wires).
Finding unused cells or wires in module \top..
Removed 2 unused cells and 11 unused wires.
<suppressed ~3 debug messages>

13.29. Executing OPT_EXPR pass (perform const folding).
Optimizing module top.

13.30. Rerunning OPT passes. (Maybe there is more to do..)

13.31. Executing OPT_MUXTREE pass (detect dead branches in mux trees).
Running muxtree optimizer on module \top..
  Creating internal representation of mux trees.
  No muxes found in this module.
Removed 0 multiplexer ports.

13.32. Executing OPT_REDUCE pass (consolidate $*mux and $reduce_* inputs).
  Optimizing cells in module \top.
Performed a total of 0 changes.

13.33. Executing OPT_MERGE pass (detect identical cells).
Finding identical cells in module `\top'.
Computing hashes of 1379 cells of `\top'.
Finding duplicate cells in `\top'.
Removed a total of 0 cells.

13.34. Executing OPT_DFF pass (perform DFF optimizations).

13.35. Executing OPT_CLEAN pass (remove unused cells and wires).
Finding unused cells or wires in module \top..

13.36. Executing OPT_EXPR pass (perform const folding).
Optimizing module top.

13.37. Finished fast OPT passes. (There is nothing left to do.)

14. Executing ABC pass (technology mapping using ABC).

14.1. Extracting gate netlist of module `\top' to `<abc-temp-dir>/input.blif'..
Replacing 31 occurrences of constant undef bits with constant zero bits

14.1.1. Executed ABC.
Extracted 1170 gates and 1319 wires to a netlist network with 146 inputs and 187 outputs.
Running ABC script: <abc-temp-dir>/abc.script
ABC: ======== ABC command line "source <abc-temp-dir>/abc.script"
ABC: + read_blif <abc-temp-dir>/input.blif 
ABC: + read_library <abc-temp-dir>/stdcells.genlib 
ABC: + strash 
ABC: + &get -n 
ABC: + &fraig -x 
ABC: + &put 
ABC: + scorr 
ABC: Warning: The network is combinational (run "fraig" or "fraig_sweep").
ABC: + dc2 
ABC: + dretime 
ABC: + strash 
ABC: + &get -n 
ABC: + &dch -f 
ABC: + &nf 
ABC: + &put 
ABC: + write_blif <abc-temp-dir>/output.blif 

14.1.2. Re-integrating ABC results.
ABC RESULTS:               AND cells:      165
ABC RESULTS:               MUX cells:        4
ABC RESULTS:               NOT cells:       85
ABC RESULTS:                OR cells:      164
ABC RESULTS:               XOR cells:      130
ABC RESULTS:              ZERO cells:        4
ABC RESULTS:        internal signals:      986
ABC RESULTS:           input signals:      146
ABC RESULTS:          output signals:      187
Removing temp directory.
Removing global temp directory.
Removed 0 unused cells and 838 unused wires.

15. Executing SYNTH_LATTICE pass.

15.1. Executing Verilog-2005 frontend: /opt/homebrew/bin/../share/yosys/lattice/cells_sim_ecp5.v
Parsing Verilog input from `/opt/homebrew/bin/../share/yosys/lattice/cells_sim_ecp5.v' to AST representation.
Generating RTLIL representation for module `\LUT4'.
Generating RTLIL representation for module `\$__ABC9_LUT5'.
Generating RTLIL representation for module `\$__ABC9_LUT6'.
Generating RTLIL representation for module `\$__ABC9_LUT7'.
Generating RTLIL representation for module `\L6MUX21'.
Generating RTLIL representation for module `\TRELLIS_RAM16X2'.
Generating RTLIL representation for module `\PFUMX'.
Generating RTLIL representation for module `\TRELLIS_DPR16X4'.
Generating RTLIL representation for module `\DPR16X4C'.
Generating RTLIL representation for module `\LUT2'.
Generating RTLIL representation for module `\TRELLIS_FF'.
Generating RTLIL representation for module `\TRELLIS_IO'.
Generating RTLIL representation for module `\INV'.
Generating RTLIL representation for module `\TRELLIS_COMB'.
Generating RTLIL representation for module `\VLO'.
Generating RTLIL representation for module `\VHI'.
Generating RTLIL representation for module `\FD1P3AX'.
Generating RTLIL representation for module `\FD1P3AY'.
Generating RTLIL representation for module `\FD1P3BX'.
Generating RTLIL representation for module `\FD1P3DX'.
Generating RTLIL representation for module `\FD1P3IX'.
Generating RTLIL representation for module `\FD1P3JX'.
Generating RTLIL representation for module `\FD1S3AX'.
Generating RTLIL representation for module `\FD1S3AY'.
Generating RTLIL representation for module `\FD1S3BX'.
Generating RTLIL representation for module `\FD1S3DX'.
Generating RTLIL representation for module `\FD1S3IX'.
Generating RTLIL representation for module `\FD1S3JX'.
Generating RTLIL representation for module `\IFS1P3BX'.
Generating RTLIL representation for module `\IFS1P3DX'.
Generating RTLIL representation for module `\IFS1P3IX'.
Generating RTLIL representation for module `\IFS1P3JX'.
Generating RTLIL representation for module `\OFS1P3BX'.
Generating RTLIL representation for module `\OFS1P3DX'.
Generating RTLIL representation for module `\OFS1P3IX'.
Generating RTLIL representation for module `\OFS1P3JX'.
Generating RTLIL representation for module `\IB'.
Generating RTLIL representation for module `\IBPU'.
Generating RTLIL representation for module `\IBPD'.
Generating RTLIL representation for module `\OB'.
Generating RTLIL representation for module `\OBZ'.
Generating RTLIL representation for module `\OBZPU'.
Generating RTLIL representation for module `\OBZPD'.
Generating RTLIL representation for module `\OBCO'.
Generating RTLIL representation for module `\BB'.
Generating RTLIL representation for module `\BBPU'.
Generating RTLIL representation for module `\BBPD'.
Generating RTLIL representation for module `\ILVDS'.
Generating RTLIL representation for module `\OLVDS'.
Generating RTLIL representation for module `\CCU2C'.
Generating RTLIL representation for module `\DP16KD'.
Replacing existing blackbox module `\FD1P3AX' at /opt/homebrew/bin/../share/yosys/lattice/cells_ff.vh:2.1-2.261.
Generating RTLIL representation for module `\FD1P3AX'.
Replacing existing blackbox module `\FD1P3AY' at /opt/homebrew/bin/../share/yosys/lattice/cells_ff.vh:3.1-3.261.
Generating RTLIL representation for module `\FD1P3AY'.
Replacing existing blackbox module `\FD1P3BX' at /opt/homebrew/bin/../share/yosys/lattice/cells_ff.vh:4.1-4.261.
Generating RTLIL representation for module `\FD1P3BX'.
Replacing existing blackbox module `\FD1P3DX' at /opt/homebrew/bin/../share/yosys/lattice/cells_ff.vh:5.1-5.261.
Generating RTLIL representation for module `\FD1P3DX'.
Replacing existing blackbox module `\FD1P3IX' at /opt/homebrew/bin/../share/yosys/lattice/cells_ff.vh:6.1-6.261.
Generating RTLIL representation for module `\FD1P3IX'.
Replacing existing blackbox module `\FD1P3JX' at /opt/homebrew/bin/../share/yosys/lattice/cells_ff.vh:7.1-7.261.
Generating RTLIL representation for module `\FD1P3JX'.
Replacing existing blackbox module `\FD1S3AX' at /opt/homebrew/bin/../share/yosys/lattice/cells_ff.vh:8.1-8.261.
Generating RTLIL representation for module `\FD1S3AX'.
Replacing existing blackbox module `\FD1S3AY' at /opt/homebrew/bin/../share/yosys/lattice/cells_ff.vh:9.1-9.261.
Generating RTLIL representation for module `\FD1S3AY'.
Replacing existing blackbox module `\FD1S3BX' at /opt/homebrew/bin/../share/yosys/lattice/cells_ff.vh:10.1-10.261.
Generating RTLIL representation for module `\FD1S3BX'.
Replacing existing blackbox module `\FD1S3DX' at /opt/homebrew/bin/../share/yosys/lattice/cells_ff.vh:11.1-11.261.
Generating RTLIL representation for module `\FD1S3DX'.
Replacing existing blackbox module `\FD1S3IX' at /opt/homebrew/bin/../share/yosys/lattice/cells_ff.vh:12.1-12.261.
Generating RTLIL representation for module `\FD1S3IX'.
Replacing existing blackbox module `\FD1S3JX' at /opt/homebrew/bin/../share/yosys/lattice/cells_ff.vh:13.1-13.261.
Generating RTLIL representation for module `\FD1S3JX'.
Replacing existing blackbox module `\IFS1P3BX' at /opt/homebrew/bin/../share/yosys/lattice/cells_ff.vh:26.1-26.301.
Generating RTLIL representation for module `\IFS1P3BX'.
Replacing existing blackbox module `\IFS1P3DX' at /opt/homebrew/bin/../share/yosys/lattice/cells_ff.vh:27.1-27.301.
Generating RTLIL representation for module `\IFS1P3DX'.
Replacing existing blackbox module `\IFS1P3IX' at /opt/homebrew/bin/../share/yosys/lattice/cells_ff.vh:28.1-28.301.
Generating RTLIL representation for module `\IFS1P3IX'.
Replacing existing blackbox module `\IFS1P3JX' at /opt/homebrew/bin/../share/yosys/lattice/cells_ff.vh:29.1-29.301.
Generating RTLIL representation for module `\IFS1P3JX'.
Replacing existing blackbox module `\OFS1P3BX' at /opt/homebrew/bin/../share/yosys/lattice/cells_ff.vh:31.1-31.302.
Generating RTLIL representation for module `\OFS1P3BX'.
Replacing existing blackbox module `\OFS1P3DX' at /opt/homebrew/bin/../share/yosys/lattice/cells_ff.vh:32.1-32.302.
Generating RTLIL representation for module `\OFS1P3DX'.
Replacing existing blackbox module `\OFS1P3IX' at /opt/homebrew/bin/../share/yosys/lattice/cells_ff.vh:33.1-33.302.
Generating RTLIL representation for module `\OFS1P3IX'.
Replacing existing blackbox module `\OFS1P3JX' at /opt/homebrew/bin/../share/yosys/lattice/cells_ff.vh:34.1-34.302.
Generating RTLIL representation for module `\OFS1P3JX'.
Replacing existing blackbox module `\IB' at /opt/homebrew/bin/../share/yosys/lattice/cells_io.vh:2.1-2.157.
Generating RTLIL representation for module `\IB'.
Replacing existing blackbox module `\IBPU' at /opt/homebrew/bin/../share/yosys/lattice/cells_io.vh:3.1-3.157.
Generating RTLIL representation for module `\IBPU'.
Replacing existing blackbox module `\IBPD' at /opt/homebrew/bin/../share/yosys/lattice/cells_io.vh:4.1-4.157.
Generating RTLIL representation for module `\IBPD'.
Replacing existing blackbox module `\OB' at /opt/homebrew/bin/../share/yosys/lattice/cells_io.vh:5.1-5.157.
Generating RTLIL representation for module `\OB'.
Replacing existing blackbox module `\OBZ' at /opt/homebrew/bin/../share/yosys/lattice/cells_io.vh:6.1-6.164.
Generating RTLIL representation for module `\OBZ'.
Replacing existing blackbox module `\OBZPU' at /opt/homebrew/bin/../share/yosys/lattice/cells_io.vh:7.1-7.164.
Generating RTLIL representation for module `\OBZPU'.
Replacing existing blackbox module `\OBZPD' at /opt/homebrew/bin/../share/yosys/lattice/cells_io.vh:8.1-8.164.
Generating RTLIL representation for module `\OBZPD'.
Replacing existing blackbox module `\OBCO' at /opt/homebrew/bin/../share/yosys/lattice/cells_io.vh:9.1-9.90.
Generating RTLIL representation for module `\OBCO'.
Replacing existing blackbox module `\BB' at /opt/homebrew/bin/../share/yosys/lattice/cells_io.vh:10.1-10.179.
Generating RTLIL representation for module `\BB'.
Replacing existing blackbox module `\BBPU' at /opt/homebrew/bin/../share/yosys/lattice/cells_io.vh:11.1-11.179.
Generating RTLIL representation for module `\BBPU'.
Replacing existing blackbox module `\BBPD' at /opt/homebrew/bin/../share/yosys/lattice/cells_io.vh:12.1-12.179.
Generating RTLIL representation for module `\BBPD'.
Replacing existing blackbox module `\ILVDS' at /opt/homebrew/bin/../share/yosys/lattice/cells_io.vh:13.1-13.139.
Generating RTLIL representation for module `\ILVDS'.
Replacing existing blackbox module `\OLVDS' at /opt/homebrew/bin/../share/yosys/lattice/cells_io.vh:14.1-14.146.
Generating RTLIL representation for module `\OLVDS'.
Successfully finished Verilog frontend.

15.2. Executing Verilog-2005 frontend: /opt/homebrew/bin/../share/yosys/lattice/cells_bb_ecp5.v
Parsing Verilog input from `/opt/homebrew/bin/../share/yosys/lattice/cells_bb_ecp5.v' to AST representation.
Generating RTLIL representation for module `\GSR'.
Generating RTLIL representation for module `\PUR'.
Generating RTLIL representation for module `\SGSR'.
Generating RTLIL representation for module `\PDPW16KD'.
Generating RTLIL representation for module `\MULT18X18D'.
Generating RTLIL representation for module `\ALU54B'.
Generating RTLIL representation for module `\CLKDIVF'.
Generating RTLIL representation for module `\PCSCLKDIV'.
Generating RTLIL representation for module `\DCSC'.
Generating RTLIL representation for module `\DCCA'.
Generating RTLIL representation for module `\ECLKSYNCB'.
Generating RTLIL representation for module `\ECLKBRIDGECS'.
Generating RTLIL representation for module `\DELAYF'.
Generating RTLIL representation for module `\DELAYG'.
Generating RTLIL representation for module `\USRMCLK'.
Generating RTLIL representation for module `\DQSBUFM'.
Generating RTLIL representation for module `\DDRDLLA'.
Generating RTLIL representation for module `\DLLDELD'.
Generating RTLIL representation for module `\IDDRX1F'.
Generating RTLIL representation for module `\IDDRX2F'.
Generating RTLIL representation for module `\IDDR71B'.
Generating RTLIL representation for module `\IDDRX2DQA'.
Generating RTLIL representation for module `\ODDRX1F'.
Generating RTLIL representation for module `\ODDRX2F'.
Generating RTLIL representation for module `\ODDR71B'.
Generating RTLIL representation for module `\OSHX2A'.
Generating RTLIL representation for module `\TSHX2DQA'.
Generating RTLIL representation for module `\TSHX2DQSA'.
Generating RTLIL representation for module `\ODDRX2DQA'.
Generating RTLIL representation for module `\ODDRX2DQSB'.
Generating RTLIL representation for module `\EHXPLLL'.
Generating RTLIL representation for module `\DTR'.
Generating RTLIL representation for module `\OSCG'.
Generating RTLIL representation for module `\EXTREFB'.
Generating RTLIL representation for module `\JTAGG'.
Generating RTLIL representation for module `\DCUA'.
Successfully finished Verilog frontend.

15.3. Executing HIERARCHY pass (managing design hierarchy).

15.3.1. Analyzing design hierarchy..
Top module:  \top

15.3.2. Analyzing design hierarchy..
Top module:  \top
Removed 0 unused modules.

15.4. Executing PROC pass (convert processes to netlists).

15.4.1. Executing PROC_CLEAN pass (remove empty switches from decision trees).
Cleaned up 0 empty switches.

15.4.2. Executing PROC_RMDEAD pass (remove dead branches from decision trees).
Removed a total of 0 dead cases.

15.4.3. Executing PROC_PRUNE pass (remove redundant assignments in processes).
Removed 0 redundant assignments.
Promoted 0 assignments to connections.

15.4.4. Executing PROC_INIT pass (extract init attributes).

15.4.5. Executing PROC_ARST pass (detect async resets in processes).

15.4.6. Executing PROC_ROM pass (convert switches to ROMs).
Converted 0 switches.

15.4.7. Executing PROC_MUX pass (convert decision trees to multiplexers).

15.4.8. Executing PROC_DLATCH pass (convert process syncs to latches).

15.4.9. Executing PROC_DFF pass (convert process syncs to FFs).

15.4.10. Executing PROC_MEMWR pass (convert process memory writes to cells).

15.4.11. Executing PROC_CLEAN pass (remove empty switches from decision trees).
Cleaned up 0 empty switches.

15.4.12. Executing OPT_EXPR pass (perform const folding).
Optimizing module top.

15.5. Executing CHECK pass (checking for obvious problems).
Checking module top...
Found and reported 0 problems.

15.6. Executing FLATTEN pass (flatten design).

15.7. Executing TRIBUF pass.

15.8. Executing DEMINOUT pass (demote inout ports to input or output).

15.9. Executing OPT_EXPR pass (perform const folding).
Optimizing module top.

15.10. Executing OPT_CLEAN pass (remove unused cells and wires).
Finding unused cells or wires in module \top..

15.11. Executing CHECK pass (checking for obvious problems).
Checking module top...
Found and reported 0 problems.

15.12. Executing OPT pass (performing simple optimizations).

15.12.1. Executing OPT_EXPR pass (perform const folding).
Optimizing module top.

15.12.2. Executing OPT_MERGE pass (detect identical cells).
Finding identical cells in module `\top'.
Computing hashes of 757 cells of `\top'.
Finding duplicate cells in `\top'.
Computing hashes of 756 cells of `\top'.
Finding duplicate cells in `\top'.
<suppressed ~3 debug messages>
Removed a total of 1 cells.

15.12.3. Executing OPT_MUXTREE pass (detect dead branches in mux trees).
Running muxtree optimizer on module \top..
  Creating internal representation of mux trees.
  No muxes found in this module.
Removed 0 multiplexer ports.

15.12.4. Executing OPT_REDUCE pass (consolidate $*mux and $reduce_* inputs).
  Optimizing cells in module \top.
Performed a total of 0 changes.

15.12.5. Executing OPT_MERGE pass (detect identical cells).
Finding identical cells in module `\top'.
Computing hashes of 756 cells of `\top'.
Finding duplicate cells in `\top'.
Removed a total of 0 cells.

15.12.6. Executing OPT_DFF pass (perform DFF optimizations).
Setting constant 0-bit at position 0 on $auto$ff.cc:337:slice$670 ($_SDFFE_PP0P_) from module top.
Setting constant 0-bit at position 0 on $auto$ff.cc:337:slice$732 ($_SDFFE_PP0P_) from module top.
Setting constant 0-bit at position 0 on $auto$ff.cc:337:slice$608 ($_SDFFE_PP0P_) from module top.
Setting constant 0-bit at position 0 on $auto$ff.cc:337:slice$794 ($_SDFFE_PP0P_) from module top.

15.12.7. Executing OPT_CLEAN pass (remove unused cells and wires).
Finding unused cells or wires in module \top..
Removed 0 unused cells and 1 unused wires.
<suppressed ~1 debug messages>

15.12.8. Executing OPT_EXPR pass (perform const folding).
Optimizing module top.

15.12.9. Rerunning OPT passes. (Maybe there is more to do..)

15.12.10. Executing OPT_MUXTREE pass (detect dead branches in mux trees).
Running muxtree optimizer on module \top..
  Creating internal representation of mux trees.
  No muxes found in this module.
Removed 0 multiplexer ports.

15.12.11. Executing OPT_REDUCE pass (consolidate $*mux and $reduce_* inputs).
  Optimizing cells in module \top.
Performed a total of 0 changes.

15.12.12. Executing OPT_MERGE pass (detect identical cells).
Finding identical cells in module `\top'.
Computing hashes of 752 cells of `\top'.
Finding duplicate cells in `\top'.
Removed a total of 0 cells.

15.12.13. Executing OPT_DFF pass (perform DFF optimizations).

15.12.14. Executing OPT_CLEAN pass (remove unused cells and wires).
Finding unused cells or wires in module \top..

15.12.15. Executing OPT_EXPR pass (perform const folding).
Optimizing module top.

15.12.16. Finished fast OPT passes. (There is nothing left to do.)

15.13. Executing FSM pass (extract and optimize FSM).

15.13.1. Executing FSM_DETECT pass (finding FSMs in design).

15.13.2. Executing FSM_EXTRACT pass (extracting FSM from design).

15.13.3. Executing FSM_OPT pass (simple optimizations of FSMs).

15.13.4. Executing OPT_CLEAN pass (remove unused cells and wires).
Finding unused cells or wires in module \top..

15.13.5. Executing FSM_OPT pass (simple optimizations of FSMs).

15.13.6. Executing FSM_RECODE pass (re-assigning FSM state encoding).

15.13.7. Executing FSM_INFO pass (dumping all available information on FSM cells).

15.13.8. Executing FSM_MAP pass (mapping FSMs to basic logic).

15.14. Executing OPT pass (performing simple optimizations).

15.14.1. Executing OPT_EXPR pass (perform const folding).
Optimizing module top.

15.14.2. Executing OPT_MERGE pass (detect identical cells).
Finding identical cells in module `\top'.
Computing hashes of 752 cells of `\top'.
Finding duplicate cells in `\top'.
Removed a total of 0 cells.

15.14.3. Executing OPT_MUXTREE pass (detect dead branches in mux trees).
Running muxtree optimizer on module \top..
  Creating internal representation of mux trees.
  No muxes found in this module.
Removed 0 multiplexer ports.

15.14.4. Executing OPT_REDUCE pass (consolidate $*mux and $reduce_* inputs).
  Optimizing cells in module \top.
Performed a total of 0 changes.

15.14.5. Executing OPT_MERGE pass (detect identical cells).
Finding identical cells in module `\top'.
Computing hashes of 752 cells of `\top'.
Finding duplicate cells in `\top'.
Removed a total of 0 cells.

15.14.6. Executing OPT_DFF pass (perform DFF optimizations).

15.14.7. Executing OPT_CLEAN pass (remove unused cells and wires).
Finding unused cells or wires in module \top..

15.14.8. Executing OPT_EXPR pass (perform const folding).
Optimizing module top.

15.14.9. Finished fast OPT passes. (There is nothing left to do.)

15.15. Executing WREDUCE pass (reducing word size of cells).

15.16. Executing PEEPOPT pass (run peephole optimizers).

15.17. Executing OPT_CLEAN pass (remove unused cells and wires).
Finding unused cells or wires in module \top..

15.18. Executing SHARE pass (SAT-based resource sharing).

15.19. Executing TECHMAP pass (map to technology primitives).

15.19.1. Executing Verilog-2005 frontend: /opt/homebrew/bin/../share/yosys/cmp2lut.v
Parsing Verilog input from `/opt/homebrew/bin/../share/yosys/cmp2lut.v' to AST representation.
Generating RTLIL representation for module `\_90_lut_cmp_'.
Successfully finished Verilog frontend.

15.19.2. Continuing TECHMAP pass.
No more expansions possible.
<suppressed ~6 debug messages>

15.20. Executing OPT_EXPR pass (perform const folding).
Optimizing module top.

15.21. Executing OPT_CLEAN pass (remove unused cells and wires).
Finding unused cells or wires in module \top..

15.22. Executing TECHMAP pass (map to technology primitives).

15.22.1. Executing Verilog-2005 frontend: /opt/homebrew/bin/../share/yosys/mul2dsp.v
Parsing Verilog input from `/opt/homebrew/bin/../share/yosys/mul2dsp.v' to AST representation.
Generating RTLIL representation for module `\_80_mul'.
Generating RTLIL representation for module `\_90_soft_mul'.
Successfully finished Verilog frontend.

15.22.2. Continuing TECHMAP pass.
No more expansions possible.
<suppressed ~4 debug messages>

15.23. Executing TECHMAP pass (map to technology primitives).

15.23.1. Executing Verilog-2005 frontend: /opt/homebrew/bin/../share/yosys/lattice/dsp_map_18x18.v
Parsing Verilog input from `/opt/homebrew/bin/../share/yosys/lattice/dsp_map_18x18.v' to AST representation.
Generating RTLIL representation for module `$__MUL18X18'.
Successfully finished Verilog frontend.

15.23.2. Continuing TECHMAP pass.
No more expansions possible.
<suppressed ~3 debug messages>

15.24. Executing ALUMACC pass (create $alu and $macc cells).
Extracting $alu and $macc cells in module top:
  created 0 $alu and 0 $macc cells.

15.25. Executing OPT pass (performing simple optimizations).

15.25.1. Executing OPT_EXPR pass (perform const folding).
Optimizing module top.

15.25.2. Executing OPT_MERGE pass (detect identical cells).
Finding identical cells in module `\top'.
Computing hashes of 752 cells of `\top'.
Finding duplicate cells in `\top'.
Removed a total of 0 cells.

15.25.3. Executing OPT_MUXTREE pass (detect dead branches in mux trees).
Running muxtree optimizer on module \top..
  Creating internal representation of mux trees.
  No muxes found in this module.
Removed 0 multiplexer ports.

15.25.4. Executing OPT_REDUCE pass (consolidate $*mux and $reduce_* inputs).
  Optimizing cells in module \top.
Performed a total of 0 changes.

15.25.5. Executing OPT_MERGE pass (detect identical cells).
Finding identical cells in module `\top'.
Computing hashes of 752 cells of `\top'.
Finding duplicate cells in `\top'.
Removed a total of 0 cells.

15.25.6. Executing OPT_DFF pass (perform DFF optimizations).

15.25.7. Executing OPT_CLEAN pass (remove unused cells and wires).
Finding unused cells or wires in module \top..

15.25.8. Executing OPT_EXPR pass (perform const folding).
Optimizing module top.

15.25.9. Finished fast OPT passes. (There is nothing left to do.)

15.26. Executing MEMORY pass.

15.26.1. Executing OPT_MEM pass (optimize memories).
Performed a total of 0 transformations.

15.26.2. Executing OPT_MEM_PRIORITY pass (removing unnecessary memory write priority relations).
Performed a total of 0 transformations.

15.26.3. Executing OPT_MEM_FEEDBACK pass (finding memory read-to-write feedback paths).

15.26.4. Executing MEMORY_BMUX2ROM pass (converting muxes to ROMs).

15.26.5. Executing MEMORY_DFF pass (merging $dff cells to $memrd).

15.26.6. Executing OPT_CLEAN pass (remove unused cells and wires).
Finding unused cells or wires in module \top..

15.26.7. Executing MEMORY_SHARE pass (consolidating $memrd/$memwr cells).

15.26.8. Executing OPT_MEM_WIDEN pass (optimize memories where all ports are wide).
Performed a total of 0 transformations.

15.26.9. Executing OPT_CLEAN pass (remove unused cells and wires).
Finding unused cells or wires in module \top..

15.26.10. Executing MEMORY_COLLECT pass (generating $mem cells).

15.27. Executing OPT_CLEAN pass (remove unused cells and wires).
Finding unused cells or wires in module \top..

15.28. Executing MEMORY_LIBMAP pass (mapping memories to cells).

15.29. Executing TECHMAP pass (map to technology primitives).

15.29.1. Executing Verilog-2005 frontend: /opt/homebrew/bin/../share/yosys/lattice/lutrams_map_trellis.v
Parsing Verilog input from `/opt/homebrew/bin/../share/yosys/lattice/lutrams_map_trellis.v' to AST representation.
Generating RTLIL representation for module `$__TRELLIS_DPR16X4_'.
Successfully finished Verilog frontend.

15.29.2. Executing Verilog-2005 frontend: /opt/homebrew/bin/../share/yosys/lattice/brams_map_16kd.v
Parsing Verilog input from `/opt/homebrew/bin/../share/yosys/lattice/brams_map_16kd.v' to AST representation.
Generating RTLIL representation for module `$__DP16KD_'.
Generating RTLIL representation for module `$__PDPW16KD_'.
Successfully finished Verilog frontend.

15.29.3. Continuing TECHMAP pass.
No more expansions possible.
<suppressed ~5 debug messages>

15.30. Executing OPT pass (performing simple optimizations).

15.30.1. Executing OPT_EXPR pass (perform const folding).
Optimizing module top.
<suppressed ~32 debug messages>

15.30.2. Executing OPT_MERGE pass (detect identical cells).
Finding identical cells in module `\top'.
Computing hashes of 752 cells of `\top'.
Finding duplicate cells in `\top'.
Removed a total of 0 cells.

15.30.3. Executing OPT_DFF pass (perform DFF optimizations).

15.30.4. Executing OPT_CLEAN pass (remove unused cells and wires).
Finding unused cells or wires in module \top..

15.30.5. Finished fast OPT passes.

15.31. Executing MEMORY_MAP pass (converting memories to logic and flip-flops).

15.32. Executing OPT pass (performing simple optimizations).

15.32.1. Executing OPT_EXPR pass (perform const folding).
Optimizing module top.

15.32.2. Executing OPT_MERGE pass (detect identical cells).
Finding identical cells in module `\top'.
Computing hashes of 752 cells of `\top'.
Finding duplicate cells in `\top'.
Removed a total of 0 cells.

15.32.3. Executing OPT_MUXTREE pass (detect dead branches in mux trees).
Running muxtree optimizer on module \top..
  Creating internal representation of mux trees.
  No muxes found in this module.
Removed 0 multiplexer ports.

15.32.4. Executing OPT_REDUCE pass (consolidate $*mux and $reduce_* inputs).
  Optimizing cells in module \top.
Performed a total of 0 changes.

15.32.5. Executing OPT_MERGE pass (detect identical cells).
Finding identical cells in module `\top'.
Computing hashes of 752 cells of `\top'.
Finding duplicate cells in `\top'.
Removed a total of 0 cells.

15.32.6. Executing OPT_DFF pass (perform DFF optimizations).

15.32.7. Executing OPT_CLEAN pass (remove unused cells and wires).
Finding unused cells or wires in module \top..

15.32.8. Executing OPT_EXPR pass (perform const folding).
Optimizing module top.

15.32.9. Finished fast OPT passes. (There is nothing left to do.)

15.33. Executing TECHMAP pass (map to technology primitives).

15.33.1. Executing Verilog-2005 frontend: /opt/homebrew/bin/../share/yosys/techmap.v
Parsing Verilog input from `/opt/homebrew/bin/../share/yosys/techmap.v' to AST representation.
Generating RTLIL representation for module `\_90_simplemap_bool_ops'.
Generating RTLIL representation for module `\_90_simplemap_reduce_ops'.
Generating RTLIL representation for module `\_90_simplemap_logic_ops'.
Generating RTLIL representation for module `\_90_simplemap_compare_ops'.
Generating RTLIL representation for module `\_90_simplemap_various'.
Generating RTLIL representation for module `\_90_simplemap_registers'.
Generating RTLIL representation for module `\_90_shift_ops_shr_shl_sshl_sshr'.
Generating RTLIL representation for module `\_90_shift_shiftx'.
Generating RTLIL representation for module `\_90_fa'.
Generating RTLIL representation for module `\_90_lcu_brent_kung'.
Generating RTLIL representation for module `\_90_alu'.
Generating RTLIL representation for module `\_90_macc'.
Generating RTLIL representation for module `\_90_alumacc'.
Generating RTLIL representation for module `$__div_mod_u'.
Generating RTLIL representation for module `$__div_mod_trunc'.
Generating RTLIL representation for module `\_90_div'.
Generating RTLIL representation for module `\_90_mod'.
Generating RTLIL representation for module `$__div_mod_floor'.
Generating RTLIL representation for module `\_90_divfloor'.
Generating RTLIL representation for module `\_90_modfloor'.
Generating RTLIL representation for module `\_90_pow'.
Generating RTLIL representation for module `\_90_demux'.
Generating RTLIL representation for module `\_90_lut'.
Generating RTLIL representation for module `$connect'.
Generating RTLIL representation for module `$input_port'.
Successfully finished Verilog frontend.

15.33.2. Executing Verilog-2005 frontend: /opt/homebrew/bin/../share/yosys/lattice/arith_map_ccu2c.v
Parsing Verilog input from `/opt/homebrew/bin/../share/yosys/lattice/arith_map_ccu2c.v' to AST representation.
Generating RTLIL representation for module `\_80_ccu2c_alu'.
Successfully finished Verilog frontend.

15.33.3. Continuing TECHMAP pass.
No more expansions possible.
<suppressed ~77 debug messages>

15.34. Executing OPT pass (performing simple optimizations).

15.34.1. Executing OPT_EXPR pass (perform const folding).
Optimizing module top.

15.34.2. Executing OPT_MERGE pass (detect identical cells).
Finding identical cells in module `\top'.
Computing hashes of 752 cells of `\top'.
Finding duplicate cells in `\top'.
Removed a total of 0 cells.

15.34.3. Executing OPT_DFF pass (perform DFF optimizations).

15.34.4. Executing OPT_CLEAN pass (remove unused cells and wires).
Finding unused cells or wires in module \top..

15.34.5. Finished fast OPT passes.

15.35. Executing OPT_CLEAN pass (remove unused cells and wires).
Finding unused cells or wires in module \top..

15.36. Executing DFFLEGALIZE pass (convert FFs to types supported by the target).

15.37. Executing OPT_MERGE pass (detect identical cells).
Finding identical cells in module `\top'.
Computing hashes of 752 cells of `\top'.
Finding duplicate cells in `\top'.
Removed a total of 0 cells.

15.38. Executing TECHMAP pass (map to technology primitives).

15.38.1. Executing Verilog-2005 frontend: /opt/homebrew/bin/../share/yosys/lattice/cells_map_trellis.v
Parsing Verilog input from `/opt/homebrew/bin/../share/yosys/lattice/cells_map_trellis.v' to AST representation.
Generating RTLIL representation for module `$_DFF_N_'.
Generating RTLIL representation for module `$_DFF_P_'.
Generating RTLIL representation for module `$_DFFE_NN_'.
Generating RTLIL representation for module `$_DFFE_PN_'.
Generating RTLIL representation for module `$_DFFE_NP_'.
Generating RTLIL representation for module `$_DFFE_PP_'.
Generating RTLIL representation for module `$_DFF_NP0_'.
Generating RTLIL representation for module `$_DFF_NP1_'.
Generating RTLIL representation for module `$_DFF_PP0_'.
Generating RTLIL representation for module `$_DFF_PP1_'.
Generating RTLIL representation for module `$_SDFF_NP0_'.
Generating RTLIL representation for module `$_SDFF_NP1_'.
Generating RTLIL representation for module `$_SDFF_PP0_'.
Generating RTLIL representation for module `$_SDFF_PP1_'.
Generating RTLIL representation for module `$_DFFE_NP0P_'.
Generating RTLIL representation for module `$_DFFE_NP1P_'.
Generating RTLIL representation for module `$_DFFE_PP0P_'.
Generating RTLIL representation for module `$_DFFE_PP1P_'.
Generating RTLIL representation for module `$_DFFE_NP0N_'.
Generating RTLIL representation for module `$_DFFE_NP1N_'.
Generating RTLIL representation for module `$_DFFE_PP0N_'.
Generating RTLIL representation for module `$_DFFE_PP1N_'.
Generating RTLIL representation for module `$_SDFFE_NP0P_'.
Generating RTLIL representation for module `$_SDFFE_NP1P_'.
Generating RTLIL representation for module `$_SDFFE_PP0P_'.
Generating RTLIL representation for module `$_SDFFE_PP1P_'.
Generating RTLIL representation for module `$_SDFFE_NP0N_'.
Generating RTLIL representation for module `$_SDFFE_NP1N_'.
Generating RTLIL representation for module `$_SDFFE_PP0N_'.
Generating RTLIL representation for module `$_SDFFE_PP1N_'.
Generating RTLIL representation for module `$_ALDFF_NP_'.
Generating RTLIL representation for module `$_ALDFF_PP_'.
Generating RTLIL representation for module `$_ALDFFE_NPN_'.
Generating RTLIL representation for module `$_ALDFFE_NPP_'.
Generating RTLIL representation for module `$_ALDFFE_PPN_'.
Generating RTLIL representation for module `$_ALDFFE_PPP_'.
Generating RTLIL representation for module `\FD1P3AX'.
Generating RTLIL representation for module `\FD1P3AY'.
Generating RTLIL representation for module `\FD1P3BX'.
Generating RTLIL representation for module `\FD1P3DX'.
Generating RTLIL representation for module `\FD1P3IX'.
Generating RTLIL representation for module `\FD1P3JX'.
Generating RTLIL representation for module `\FD1S3AX'.
Generating RTLIL representation for module `\FD1S3AY'.
Generating RTLIL representation for module `\FD1S3BX'.
Generating RTLIL representation for module `\FD1S3DX'.
Generating RTLIL representation for module `\FD1S3IX'.
Generating RTLIL representation for module `\FD1S3JX'.
Generating RTLIL representation for module `\IFS1P3BX'.
Generating RTLIL representation for module `\IFS1P3DX'.
Generating RTLIL representation for module `\IFS1P3IX'.
Generating RTLIL representation for module `\IFS1P3JX'.
Generating RTLIL representation for module `\OFS1P3BX'.
Generating RTLIL representation for module `\OFS1P3DX'.
Generating RTLIL representation for module `\OFS1P3IX'.
Generating RTLIL representation for module `\OFS1P3JX'.
Generating RTLIL representation for module `\IB'.
Generating RTLIL representation for module `\IBPU'.
Generating RTLIL representation for module `\IBPD'.
Generating RTLIL representation for module `\OB'.
Generating RTLIL representation for module `\OBZ'.
Generating RTLIL representation for module `\OBZPU'.
Generating RTLIL representation for module `\OBZPD'.
Generating RTLIL representation for module `\OBCO'.
Generating RTLIL representation for module `\BB'.
Generating RTLIL representation for module `\BBPU'.
Generating RTLIL representation for module `\BBPD'.
Generating RTLIL representation for module `\ILVDS'.
Generating RTLIL representation for module `\OLVDS'.
Successfully finished Verilog frontend.

15.38.2. Continuing TECHMAP pass.
Using template $_SDFFE_PP0P_ for cells of type $_SDFFE_PP0P_.
Using template $_SDFF_PP0_ for cells of type $_SDFF_PP0_.
No more expansions possible.
<suppressed ~235 debug messages>

15.39. Executing OPT_EXPR pass (perform const folding).
Optimizing module top.

15.40. Executing SIMPLEMAP pass (map simple cells to gate primitives).

15.41. Executing LATTICE_GSR pass (implement FF init values).
Handling GSR in top.

15.42. Executing ATTRMVCP pass (move or copy attributes).

15.43. Executing OPT_CLEAN pass (remove unused cells and wires).
Finding unused cells or wires in module \top..
Removed 0 unused cells and 976 unused wires.
<suppressed ~1 debug messages>

15.44. Executing CHECK pass (checking for obvious problems).
Checking module top...
Found and reported 0 problems.

15.45. Executing TECHMAP pass (map to technology primitives).

15.45.1. Executing Verilog-2005 frontend: /opt/homebrew/bin/../share/yosys/lattice/latches_map.v
Parsing Verilog input from `/opt/homebrew/bin/../share/yosys/lattice/latches_map.v' to AST representation.
Generating RTLIL representation for module `$_DLATCH_N_'.
Generating RTLIL representation for module `$_DLATCH_P_'.
Successfully finished Verilog frontend.

15.45.2. Continuing TECHMAP pass.
No more expansions possible.
<suppressed ~4 debug messages>

15.46. Executing ABC9 pass.

15.46.1. Executing ABC9_OPS pass (helper functions for ABC9).

15.46.2. Executing ABC9_OPS pass (helper functions for ABC9).

15.46.3. Executing SCC pass (detecting logic loops).
Found 0 SCCs in module top.
Found 0 SCCs.

15.46.4. Executing ABC9_OPS pass (helper functions for ABC9).

15.46.5. Executing TECHMAP pass (map to technology primitives).

15.46.5.1. Executing Verilog-2005 frontend: /opt/homebrew/bin/../share/yosys/techmap.v
Parsing Verilog input from `/opt/homebrew/bin/../share/yosys/techmap.v' to AST representation.
Generating RTLIL representation for module `\_90_simplemap_bool_ops'.
Generating RTLIL representation for module `\_90_simplemap_reduce_ops'.
Generating RTLIL representation for module `\_90_simplemap_logic_ops'.
Generating RTLIL representation for module `\_90_simplemap_compare_ops'.
Generating RTLIL representation for module `\_90_simplemap_various'.
Generating RTLIL representation for module `\_90_simplemap_registers'.
Generating RTLIL representation for module `\_90_shift_ops_shr_shl_sshl_sshr'.
Generating RTLIL representation for module `\_90_shift_shiftx'.
Generating RTLIL representation for module `\_90_fa'.
Generating RTLIL representation for module `\_90_lcu_brent_kung'.
Generating RTLIL representation for module `\_90_alu'.
Generating RTLIL representation for module `\_90_macc'.
Generating RTLIL representation for module `\_90_alumacc'.
Generating RTLIL representation for module `$__div_mod_u'.
Generating RTLIL representation for module `$__div_mod_trunc'.
Generating RTLIL representation for module `\_90_div'.
Generating RTLIL representation for module `\_90_mod'.
Generating RTLIL representation for module `$__div_mod_floor'.
Generating RTLIL representation for module `\_90_divfloor'.
Generating RTLIL representation for module `\_90_modfloor'.
Generating RTLIL representation for module `\_90_pow'.
Generating RTLIL representation for module `\_90_demux'.
Generating RTLIL representation for module `\_90_lut'.
Generating RTLIL representation for module `$connect'.
Generating RTLIL representation for module `$input_port'.
Successfully finished Verilog frontend.

15.46.5.2. Continuing TECHMAP pass.
No more expansions possible.
<suppressed ~165 debug messages>

15.46.6. Executing OPT pass (performing simple optimizations).

15.46.6.1. Executing OPT_EXPR pass (perform const folding).

15.46.6.2. Executing OPT_MERGE pass (detect identical cells).
Removed a total of 0 cells.

15.46.6.3. Executing OPT_MUXTREE pass (detect dead branches in mux trees).
Removed 0 multiplexer ports.

15.46.6.4. Executing OPT_REDUCE pass (consolidate $*mux and $reduce_* inputs).
Performed a total of 0 changes.

15.46.6.5. Executing OPT_MERGE pass (detect identical cells).
Removed a total of 0 cells.

15.46.6.6. Executing OPT_DFF pass (perform DFF optimizations).

15.46.6.7. Executing OPT_CLEAN pass (remove unused cells and wires).

15.46.6.8. Executing OPT_EXPR pass (perform const folding).

15.46.6.9. Finished fast OPT passes. (There is nothing left to do.)

15.46.7. Executing TECHMAP pass (map to technology primitives).

15.46.7.1. Executing Verilog-2005 frontend: /opt/homebrew/bin/../share/yosys/abc9_map.v
Parsing Verilog input from `/opt/homebrew/bin/../share/yosys/abc9_map.v' to AST representation.
Successfully finished Verilog frontend.

15.46.7.2. Continuing TECHMAP pass.
No more expansions possible.
<suppressed ~2 debug messages>

15.46.8. Executing Verilog-2005 frontend: /opt/homebrew/bin/../share/yosys/abc9_model.v
Parsing Verilog input from `/opt/homebrew/bin/../share/yosys/abc9_model.v' to AST representation.
Generating RTLIL representation for module `$__ABC9_DELAY'.
Generating RTLIL representation for module `$__ABC9_SCC_BREAKER'.
Generating RTLIL representation for module `$__DFF_N__$abc9_flop'.
Generating RTLIL representation for module `$__DFF_P__$abc9_flop'.
Successfully finished Verilog frontend.

15.46.9. Executing ABC9_OPS pass (helper functions for ABC9).

15.46.10. Executing ABC9_OPS pass (helper functions for ABC9).

15.46.11. Executing ABC9_OPS pass (helper functions for ABC9).
<suppressed ~2 debug messages>

15.46.12. Executing AIGMAP pass (map logic to AIG).
Module top: replaced 298 cells with 1594 new cells, skipped 454 cells.
  replaced 3 cell types:
       4 $_MUX_
     164 $_OR_
     130 $_XOR_
  not replaced 4 cell types:
     164 $_AND_
      85 $_NOT_
      41 $scopeinfo
     164 TRELLIS_FF

15.46.12.1. Executing ABC9_OPS pass (helper functions for ABC9).

15.46.12.2. Executing ABC9_OPS pass (helper functions for ABC9).

15.46.12.3. Executing XAIGER backend.
<suppressed ~5 debug messages>
Extracted 730 AND gates and 2121 wires from module `top' to a netlist network with 167 inputs and 217 outputs.

15.46.12.4. Executing ABC9_EXE pass (technology mapping using ABC9).

15.46.12.5. Executing ABC9.
Running ABC command: "<yosys-exe-dir>/yosys-abc" -s -f <abc-temp-dir>/abc.script 2>&1
ABC: ======== ABC command line "source <abc-temp-dir>/abc.script"
ABC: + read_lut <abc-temp-dir>/input.lut 
ABC: + read_box <abc-temp-dir>/input.box 
ABC: + &read <abc-temp-dir>/input.xaig 
ABC: + &ps 
ABC: <abc-temp-dir>/input : i/o =    167/    217  and =     624  lev =   34 (12.67)  mem = 0.01 MB  box = 0  bb = 0
ABC: + &scorr 
ABC: Warning: The network is combinational.
ABC: + &sweep 
ABC: + &dc2 
ABC: + &dch -f -r 
ABC: + &ps 
ABC: <abc-temp-dir>/input : i/o =    167/    217  and =     733  lev =   34 (12.57)  mem = 0.02 MB  ch =   49  box = 0  bb = 0
ABC: cst =       0  cls =     43  lit =      49  unused =     808  proof =     0
ABC: + &if -W 300 -v 
ABC: K = 7. Memory (bytes): Truth =    0. Cut =   76. Obj =  156. Set =  780. CutMin = no
ABC: Node =     733.  Ch =    43.  Total mem =    0.18 MB. Peak cut mem =    0.08 MB.
ABC: P:  Del = 3531.00.  Ar =    1669.0.  Edge =     1803.  Cut =    12025.  T =     0.00 sec
ABC: P:  Del = 3531.00.  Ar =    1716.0.  Edge =     1848.  Cut =    12051.  T =     0.00 sec
ABC: P:  Del = 3531.00.  Ar =    1097.0.  Edge =     1483.  Cut =    16365.  T =     0.00 sec
ABC: F:  Del = 3531.00.  Ar =     820.0.  Edge =     1267.  Cut =     8137.  T =     0.00 sec
ABC: A:  Del = 3531.00.  Ar =     750.0.  Edge =     1142.  Cut =     8275.  T =     0.00 sec
ABC: A:  Del = 3531.00.  Ar =     732.0.  Edge =     1118.  Cut =     7846.  T =     0.00 sec
ABC: Total time =     0.01 sec
ABC: + &write -n <abc-temp-dir>/output.aig 
ABC: + &mfs 
ABC: Timing manager is given but there is no GIA of boxes.
ABC: Error: Abc_FrameUpdateGia(): Transformation has failed.
ABC: + &ps -l 
ABC: <abc-temp-dir>/input : i/o =    167/    217  and =    1337  lev =   34 (12.51)  mem = 0.02 MB  box = 0  bb = 0
ABC: Mapping (K=7)  :  lut =    289  edge =    1118  lev =    7 (3.34)  mem = 0.01 MB
ABC: LUT = 289 : 2=93 32.2 %  3=59 20.4 %  4=56 19.4 %  5=10 3.5 %  6=16 5.5 %  7=55 19.0 %  Ave = 3.87
ABC: + &write -n <abc-temp-dir>/output.aig 
ABC: + &verify 
ABC: Networks are equivalent.  Time =     0.01 sec
ABC: + time 
ABC: elapse: 0.05 seconds, total: 0.05 seconds

15.46.12.6. Executing AIGER frontend.
<suppressed ~8 debug messages>
Removed 1928 unused cells and 2278 unused wires.

15.46.12.7. Executing ABC_OPS_REINTEGRATE pass (reintegrate ABC mapped design into module).
ABC RESULTS:              $lut cells:      294
ABC RESULTS:           input signals:       14
ABC RESULTS:          output signals:       92
<suppressed ~768 debug messages>
Removing temp directory.

15.46.13. Executing TECHMAP pass (map to technology primitives).

15.46.13.1. Executing Verilog-2005 frontend: /opt/homebrew/bin/../share/yosys/abc9_unmap.v
Parsing Verilog input from `/opt/homebrew/bin/../share/yosys/abc9_unmap.v' to AST representation.
Generating RTLIL representation for module `$__DFF_x__$abc9_flop'.
Generating RTLIL representation for module `$__ABC9_SCC_BREAKER'.
Successfully finished Verilog frontend.

15.46.13.2. Continuing TECHMAP pass.
No more expansions possible.
<suppressed ~5 debug messages>
Removed 51 unused cells and 2412 unused wires.

15.47. Executing TECHMAP pass (map to technology primitives).

15.47.1. Executing Verilog-2005 frontend: /opt/homebrew/bin/../share/yosys/lattice/cells_map_trellis.v
Parsing Verilog input from `/opt/homebrew/bin/../share/yosys/lattice/cells_map_trellis.v' to AST representation.
Generating RTLIL representation for module `$_DFF_N_'.
Generating RTLIL representation for module `$_DFF_P_'.
Generating RTLIL representation for module `$_DFFE_NN_'.
Generating RTLIL representation for module `$_DFFE_PN_'.
Generating RTLIL representation for module `$_DFFE_NP_'.
Generating RTLIL representation for module `$_DFFE_PP_'.
Generating RTLIL representation for module `$_DFF_NP0_'.
Generating RTLIL representation for module `$_DFF_NP1_'.
Generating RTLIL representation for module `$_DFF_PP0_'.
Generating RTLIL representation for module `$_DFF_PP1_'.
Generating RTLIL representation for module `$_SDFF_NP0_'.
Generating RTLIL representation for module `$_SDFF_NP1_'.
Generating RTLIL representation for module `$_SDFF_PP0_'.
Generating RTLIL representation for module `$_SDFF_PP1_'.
Generating RTLIL representation for module `$_DFFE_NP0P_'.
Generating RTLIL representation for module `$_DFFE_NP1P_'.
Generating RTLIL representation for module `$_DFFE_PP0P_'.
Generating RTLIL representation for module `$_DFFE_PP1P_'.
Generating RTLIL representation for module `$_DFFE_NP0N_'.
Generating RTLIL representation for module `$_DFFE_NP1N_'.
Generating RTLIL representation for module `$_DFFE_PP0N_'.
Generating RTLIL representation for module `$_DFFE_PP1N_'.
Generating RTLIL representation for module `$_SDFFE_NP0P_'.
Generating RTLIL representation for module `$_SDFFE_NP1P_'.
Generating RTLIL representation for module `$_SDFFE_PP0P_'.
Generating RTLIL representation for module `$_SDFFE_PP1P_'.
Generating RTLIL representation for module `$_SDFFE_NP0N_'.
Generating RTLIL representation for module `$_SDFFE_NP1N_'.
Generating RTLIL representation for module `$_SDFFE_PP0N_'.
Generating RTLIL representation for module `$_SDFFE_PP1N_'.
Generating RTLIL representation for module `$_ALDFF_NP_'.
Generating RTLIL representation for module `$_ALDFF_PP_'.
Generating RTLIL representation for module `$_ALDFFE_NPN_'.
Generating RTLIL representation for module `$_ALDFFE_NPP_'.
Generating RTLIL representation for module `$_ALDFFE_PPN_'.
Generating RTLIL representation for module `$_ALDFFE_PPP_'.
Generating RTLIL representation for module `\FD1P3AX'.
Generating RTLIL representation for module `\FD1P3AY'.
Generating RTLIL representation for module `\FD1P3BX'.
Generating RTLIL representation for module `\FD1P3DX'.
Generating RTLIL representation for module `\FD1P3IX'.
Generating RTLIL representation for module `\FD1P3JX'.
Generating RTLIL representation for module `\FD1S3AX'.
Generating RTLIL representation for module `\FD1S3AY'.
Generating RTLIL representation for module `\FD1S3BX'.
Generating RTLIL representation for module `\FD1S3DX'.
Generating RTLIL representation for module `\FD1S3IX'.
Generating RTLIL representation for module `\FD1S3JX'.
Generating RTLIL representation for module `\IFS1P3BX'.
Generating RTLIL representation for module `\IFS1P3DX'.
Generating RTLIL representation for module `\IFS1P3IX'.
Generating RTLIL representation for module `\IFS1P3JX'.
Generating RTLIL representation for module `\OFS1P3BX'.
Generating RTLIL representation for module `\OFS1P3DX'.
Generating RTLIL representation for module `\OFS1P3IX'.
Generating RTLIL representation for module `\OFS1P3JX'.
Generating RTLIL representation for module `\IB'.
Generating RTLIL representation for module `\IBPU'.
Generating RTLIL representation for module `\IBPD'.
Generating RTLIL representation for module `\OB'.
Generating RTLIL representation for module `\OBZ'.
Generating RTLIL representation for module `\OBZPU'.
Generating RTLIL representation for module `\OBZPD'.
Generating RTLIL representation for module `\OBCO'.
Generating RTLIL representation for module `\BB'.
Generating RTLIL representation for module `\BBPU'.
Generating RTLIL representation for module `\BBPD'.
Generating RTLIL representation for module `\ILVDS'.
Generating RTLIL representation for module `\OLVDS'.
Generating RTLIL representation for module `$lut'.
Successfully finished Verilog frontend.

15.47.2. Continuing TECHMAP pass.
Using template $paramod$571404c0889eaf57f492cb5e37f8acb5df5852f9$lut for cells of type $lut.
Using template $paramod$lut\WIDTH=32'00000000000000000000000000000010\LUT=4'1000 for cells of type $lut.
Using template $paramod$lut\WIDTH=32'00000000000000000000000000000011\LUT=8'00101110 for cells of type $lut.
Using template $paramod$lut\WIDTH=32'00000000000000000000000000000010\LUT=4'1011 for cells of type $lut.
Using template $paramod$lut\WIDTH=32'00000000000000000000000000000011\LUT=8'11001110 for cells of type $lut.
Using template $paramod$4f6126006518c39bfac08f438b457e3d24583766$lut for cells of type $lut.
Using template $paramod$lut\WIDTH=32'00000000000000000000000000000010\LUT=4'0001 for cells of type $lut.
Using template $paramod$87a3f9dd58445c4c87061835e06c5719144e5fa3$lut for cells of type $lut.
Using template $paramod$525425bfbe66d72ee88210d059d9a74f55ab8de8$lut for cells of type $lut.
Using template $paramod$11d98a734fddb972e4bcf061987d6c0007a7bbfa$lut for cells of type $lut.
Using template $paramod$e84578f0d0b31a1cf6b5b92fd4d2d62363343068$lut for cells of type $lut.
Using template $paramod$101238f3d8d49ab12a9b49a2f01cd503b26e9c61$lut for cells of type $lut.
Using template $paramod$b0f853446cd2ecaf153c5e9151da6a7dfc2ccc12$lut for cells of type $lut.
Using template $paramod$33e58adf67c6b686a154c9ce8ebbc4b04b8cabc5$lut for cells of type $lut.
Using template $paramod$f6a254741739837c46c846c386d311104245dc32$lut for cells of type $lut.
Using template $paramod$daeec2ebb6099778303a5846c403e782b51893a0$lut for cells of type $lut.
Using template $paramod$309d78bd868a71083561540426189b92ecc4d503$lut for cells of type $lut.
Using template $paramod$46d981b5eabc08c1691f743d7a017e4435316de4$lut for cells of type $lut.
Using template $paramod$lut\WIDTH=32'00000000000000000000000000000010\LUT=4'0110 for cells of type $lut.
Using template $paramod$658b9ed803f0d3d335616d3858b53e0a2522f1e8$lut for cells of type $lut.
Using template $paramod$fedc9dd49dc77948bb3b96048b3e9c4cb551096b$lut for cells of type $lut.
Using template $paramod$6e238df02989b317f10820a22773676e71120644$lut for cells of type $lut.
Using template $paramod$lut\WIDTH=32'00000000000000000000000000000011\LUT=8'10011010 for cells of type $lut.
Using template $paramod$cbb2dfe31d344d3326d567c2ed5a4b2a29f63219$lut for cells of type $lut.
Using template $paramod$lut\WIDTH=32'00000000000000000000000000000011\LUT=8'00010000 for cells of type $lut.
Using template $paramod$d2dcae2582364eb8e76bc67aa9dc9d4f47dbb8cb$lut for cells of type $lut.
Using template $paramod$c441dbd41fa7b52ce609b1fb3e8a706905598601$lut for cells of type $lut.
Using template $paramod$lut\WIDTH=32'00000000000000000000000000000010\LUT=4'0100 for cells of type $lut.
Using template $paramod$359fe4e746656bf9c72aecaff84fc7bdea9f55a5$lut for cells of type $lut.
Using template $paramod$e743b1221f52335455dbba74da7fed1f19a8436e$lut for cells of type $lut.
Using template $paramod$14d0091694152ad6752206b32b402642db76b525$lut for cells of type $lut.
Using template $paramod$330516732c2e8503f8dba5c7129f06e0b2a290ac$lut for cells of type $lut.
Using template $paramod$54a853cac0e65b945d96d7dd0e9cca8bb9f3a21e$lut for cells of type $lut.
Using template $paramod$lut\WIDTH=32'00000000000000000000000000000011\LUT=8'01101010 for cells of type $lut.
Using template $paramod$619b7c9a4d44585e10b42f7fb79b16304cca97c5$lut for cells of type $lut.
Using template $paramod$5a3828e1c7b846466ebe403becfcf1b450236796$lut for cells of type $lut.
Using template $paramod$301321002cb28483434a813b17302088bf27b78e$lut for cells of type $lut.
Using template $paramod$da41738bd25cb72668eab9ab46ebb830f6ddbc36$lut for cells of type $lut.
Using template $paramod$lut\WIDTH=32'00000000000000000000000000000010\LUT=4'1001 for cells of type $lut.
Using template $paramod$lut\WIDTH=32'00000000000000000000000000000011\LUT=8'10101001 for cells of type $lut.
Using template $paramod$7bcf5f70986487920c848507d659d29b9546545c$lut for cells of type $lut.
Using template $paramod$lut\WIDTH=32'00000000000000000000000000000011\LUT=8'00001110 for cells of type $lut.
Using template $paramod$872def176acf0af46aee1a4df67a9291309e3c01$lut for cells of type $lut.
Using template $paramod$dedb9b90ecc905c9c538f1bb6856026f0a218fc3$lut for cells of type $lut.
Using template $paramod$a50fbd3eb9c4f570e0cbd5722aaaebd24b8d0425$lut for cells of type $lut.
Using template $paramod$049cc17901d0cb8ba29380e71db66a16bae61970$lut for cells of type $lut.
Using template $paramod$f5fa3d8363b434d79f262bd97e5ff17e8b013e00$lut for cells of type $lut.
Using template $paramod$71528c3b736bcda40283e54d8ce275fa0a3f31d1$lut for cells of type $lut.
Using template $paramod$lut\WIDTH=32'00000000000000000000000000000001\LUT=2'01 for cells of type $lut.
Using template $paramod$lut\WIDTH=32'00000000000000000000000000000011\LUT=8'01001000 for cells of type $lut.
Using template $paramod$eba7de026ff587370e320127e266317dae097a89$lut for cells of type $lut.
Using template $paramod$842d4b2fe22949669eac276c9bebad3774bb02a1$lut for cells of type $lut.
Using template $paramod$368ece0cbe0dd8813956f5c0ea41432c34a980c2$lut for cells of type $lut.
Using template $paramod$a5516fc31d1e552de2435200bb732b4d4ad63a9c$lut for cells of type $lut.
Using template $paramod$lut\WIDTH=32'00000000000000000000000000000011\LUT=8'10000000 for cells of type $lut.
Using template $paramod$63dfb5d507c3c0842cdb02014ffa50dbe5770b84$lut for cells of type $lut.
Using template $paramod$e09907a521c34a79564e47a8ea074ecd03d539ab$lut for cells of type $lut.
Using template $paramod$6e98fea82e288eb70fa7833e8442d9b57c9d67e7$lut for cells of type $lut.
Using template $paramod$5d7fe76446451765edc3b360a65ded87ffbd0e8a$lut for cells of type $lut.
Using template $paramod$lut\WIDTH=32'00000000000000000000000000000011\LUT=8'00000010 for cells of type $lut.
Using template $paramod$lut\WIDTH=32'00000000000000000000000000000011\LUT=8'00110010 for cells of type $lut.
Using template $paramod$47a8214374025465e226fa66bee690ff33268a25$lut for cells of type $lut.
Using template $paramod$0d4b80ebb319c981973dcdd07eaa64bd2b0cb02b$lut for cells of type $lut.
Using template $paramod$0eac84a66cafdae694c197ae6a8350c46d7648b8$lut for cells of type $lut.
Using template $paramod$cb3f712517d81c64d8d5d99dd66f1e5efd49ab9b$lut for cells of type $lut.
Using template $paramod$251994398653c4cf8de320f1e306e535d5d2d624$lut for cells of type $lut.
Using template $paramod$79cc145864c59d5b269e01117e91dcd4eab8d7c8$lut for cells of type $lut.
Using template $paramod$lut\WIDTH=32'00000000000000000000000000000011\LUT=8'00000001 for cells of type $lut.
Using template $paramod$ba3cfc743540fa49da88f4b975f1f5c2bd23f7a1$lut for cells of type $lut.
Using template $paramod$272652f6c6fbe9a75eff76e45cc7e2788835518b$lut for cells of type $lut.
Using template $paramod$64716900ddc889cf84105954219190c9eae14055$lut for cells of type $lut.
Using template $paramod$26df0e9406d3c99c42a387b999da9c74acdd4e96$lut for cells of type $lut.
Using template $paramod$3460dbea3cefc4ef9ac987b81b4b66298b1e4e5d$lut for cells of type $lut.
Using template $paramod$lut\WIDTH=32'00000000000000000000000000000010\LUT=4'0010 for cells of type $lut.
Using template $paramod$lut\WIDTH=32'00000000000000000000000000000011\LUT=8'01000101 for cells of type $lut.
Using template $paramod$210c3ee6c991e0b85178f32b0533af3eb92e961e$lut for cells of type $lut.
Using template $paramod$lut\WIDTH=32'00000000000000000000000000000011\LUT=8'01100000 for cells of type $lut.
Using template $paramod$df7ebd40fffb92f265e82f6d35ddcf309e75bc6b$lut for cells of type $lut.
Using template $paramod$2f17e1be43f3ac07ddcc5afec3b8e6a34320bd15$lut for cells of type $lut.
Using template $paramod$e80f6f2725cc9420cd22a4fc9327e020a107b9cc$lut for cells of type $lut.
Using template $paramod$52acd744af558b1acd7f06b0e1d721506b042b9b$lut for cells of type $lut.
No more expansions possible.
<suppressed ~1419 debug messages>

15.48. Executing OPT_LUT_INS pass (discard unused LUT inputs).
Optimizing LUTs in top.
  Optimizing lut $abc$299741$lut$aiger$o31.genblk1.genblk1.genblk1.genblk1.genblk1.genblk1.genblk1.lut2 (4 -> 0)
  Optimizing lut $abc$299741$lut$aiger$o31.genblk1.genblk1.genblk1.genblk1.genblk1.genblk1.genblk1.lut3 (4 -> 0)
  Optimizing lut $abc$299741$lut$aiger$o31.genblk1.genblk1.genblk1.genblk1.genblk1.genblk1.genblk1.lut4 (4 -> 0)
  Optimizing lut $abc$299741$lut$aiger$o31.genblk1.genblk1.genblk1.genblk1.genblk1.genblk1.genblk1.lut6 (4 -> 0)
  Optimizing lut $abc$299741$lut$aiger$o31.genblk1.genblk1.genblk1.genblk1.genblk1.genblk1.genblk1.lut7 (4 -> 0)
  Optimizing lut $abc$299741$lut$aiger$o180.genblk1.genblk1.genblk1.genblk1.genblk1.genblk1.genblk1.lut2 (4 -> 1)
  Optimizing lut $abc$299741$lut$aiger$o180.genblk1.genblk1.genblk1.genblk1.genblk1.genblk1.genblk1.lut3 (4 -> 1)
  Optimizing lut $abc$299741$lut$aiger$o180.genblk1.genblk1.genblk1.genblk1.genblk1.genblk1.genblk1.lut4 (4 -> 1)
  Optimizing lut $abc$299741$lut$aiger$o180.genblk1.genblk1.genblk1.genblk1.genblk1.genblk1.genblk1.lut5 (4 -> 1)
  Optimizing lut $abc$299741$lut$aiger$o180.genblk1.genblk1.genblk1.genblk1.genblk1.genblk1.genblk1.lut6 (4 -> 1)
  Optimizing lut $abc$299741$lut$aiger$o11.genblk1.genblk1.genblk1.genblk1.genblk1.genblk1.genblk1.lut2 (4 -> 2)
  Optimizing lut $abc$299741$lut$aiger$o11.genblk1.genblk1.genblk1.genblk1.genblk1.genblk1.genblk1.lut3 (4 -> 2)
  Optimizing lut $abc$299741$lut$aiger$o11.genblk1.genblk1.genblk1.genblk1.genblk1.genblk1.genblk1.lut5 (4 -> 2)
  Optimizing lut $abc$299741$lut$aiger$o11.genblk1.genblk1.genblk1.genblk1.genblk1.genblk1.genblk1.lut7 (4 -> 2)
  Optimizing lut $abc$299741$lut$aiger$o51.genblk1.genblk1.genblk1.genblk1.genblk1.genblk1.genblk1.lut2 (4 -> 3)
  Optimizing lut $abc$299741$lut$aiger$o51.genblk1.genblk1.genblk1.genblk1.genblk1.genblk1.genblk1.lut3 (4 -> 3)
  Optimizing lut $abc$299741$lut$aiger299740$1220.genblk1.genblk1.genblk1.genblk1.genblk1.genblk1.lut2 (4 -> 2)
  Optimizing lut $abc$299741$lut$aiger$o9.genblk1.genblk1.genblk1.genblk1.genblk1.genblk1.genblk1.lut1 (4 -> 1)
  Optimizing lut $abc$299741$lut$aiger$o9.genblk1.genblk1.genblk1.genblk1.genblk1.genblk1.genblk1.lut2 (4 -> 2)
  Optimizing lut $abc$299741$lut$aiger$o9.genblk1.genblk1.genblk1.genblk1.genblk1.genblk1.genblk1.lut3 (4 -> 2)
  Optimizing lut $abc$299741$lut$aiger$o9.genblk1.genblk1.genblk1.genblk1.genblk1.genblk1.genblk1.lut5 (4 -> 2)
  Optimizing lut $abc$299741$lut$aiger$o9.genblk1.genblk1.genblk1.genblk1.genblk1.genblk1.genblk1.lut7 (4 -> 2)
  Optimizing lut $abc$299741$lut$aiger$o8.genblk1.genblk1.genblk1.genblk1.genblk1.genblk1.genblk1.lut2 (4 -> 2)
  Optimizing lut $abc$299741$lut$aiger$o8.genblk1.genblk1.genblk1.genblk1.genblk1.genblk1.genblk1.lut3 (4 -> 2)
  Optimizing lut $abc$299741$lut$aiger$o8.genblk1.genblk1.genblk1.genblk1.genblk1.genblk1.genblk1.lut5 (4 -> 2)
  Optimizing lut $abc$299741$lut$aiger$o8.genblk1.genblk1.genblk1.genblk1.genblk1.genblk1.genblk1.lut7 (4 -> 2)
  Optimizing lut $abc$299741$lut$aiger$o7.genblk1.genblk1.genblk1.genblk1.genblk1.genblk1.genblk1.lut2 (4 -> 2)
  Optimizing lut $abc$299741$lut$aiger$o7.genblk1.genblk1.genblk1.genblk1.genblk1.genblk1.genblk1.lut3 (4 -> 2)
  Optimizing lut $abc$299741$lut$aiger$o7.genblk1.genblk1.genblk1.genblk1.genblk1.genblk1.genblk1.lut5 (4 -> 2)
  Optimizing lut $abc$299741$lut$aiger$o7.genblk1.genblk1.genblk1.genblk1.genblk1.genblk1.genblk1.lut7 (4 -> 2)
  Optimizing lut $abc$299741$lut$aiger299740$506.genblk1.genblk1.genblk1.genblk1.genblk1.genblk1.genblk1.lut1 (4 -> 0)
  Optimizing lut $abc$299741$lut$aiger299740$506.genblk1.genblk1.genblk1.genblk1.genblk1.genblk1.genblk1.lut2 (4 -> 0)
  Optimizing lut $abc$299741$lut$aiger299740$506.genblk1.genblk1.genblk1.genblk1.genblk1.genblk1.genblk1.lut3 (4 -> 0)
  Optimizing lut $abc$299741$lut$aiger299740$506.genblk1.genblk1.genblk1.genblk1.genblk1.genblk1.genblk1.lut4 (4 -> 2)
  Optimizing lut $abc$299741$lut$aiger299740$506.genblk1.genblk1.genblk1.genblk1.genblk1.genblk1.genblk1.lut5 (4 -> 0)
  Optimizing lut $abc$299741$lut$aiger299740$506.genblk1.genblk1.genblk1.genblk1.genblk1.genblk1.genblk1.lut6 (4 -> 0)
  Optimizing lut $abc$299741$lut$aiger299740$506.genblk1.genblk1.genblk1.genblk1.genblk1.genblk1.genblk1.lut7 (4 -> 2)
  Optimizing lut $abc$299741$lut$aiger299740$492.genblk1.genblk1.genblk1.genblk1.genblk1.genblk1.lut1 (4 -> 3)
  Optimizing lut $abc$299741$lut$aiger299740$492.genblk1.genblk1.genblk1.genblk1.genblk1.genblk1.lut2 (4 -> 0)
  Optimizing lut $abc$299741$lut$aiger299740$492.genblk1.genblk1.genblk1.genblk1.genblk1.genblk1.lut3 (4 -> 0)
  Optimizing lut $abc$299741$lut$aiger$o59.genblk1.genblk1.genblk1.genblk1.genblk1.genblk1.genblk1.lut2 (4 -> 3)
  Optimizing lut $abc$299741$lut$aiger$o59.genblk1.genblk1.genblk1.genblk1.genblk1.genblk1.genblk1.lut3 (4 -> 3)
  Optimizing lut $abc$299741$lut$aiger$o49.genblk1.genblk1.genblk1.genblk1.genblk1.genblk1.lut2 (4 -> 0)
  Optimizing lut $abc$299741$lut$aiger$o49.genblk1.genblk1.genblk1.genblk1.genblk1.genblk1.lut3 (4 -> 0)
  Optimizing lut $abc$299741$lut$aiger299740$1177.genblk1.genblk1.genblk1.genblk1.genblk1.genblk1.genblk1.lut2 (4 -> 2)
  Optimizing lut $abc$299741$lut$aiger299740$1177.genblk1.genblk1.genblk1.genblk1.genblk1.genblk1.genblk1.lut3 (4 -> 2)
  Optimizing lut $abc$299741$lut$aiger299740$1177.genblk1.genblk1.genblk1.genblk1.genblk1.genblk1.genblk1.lut4 (4 -> 2)
  Optimizing lut $abc$299741$lut$aiger299740$1177.genblk1.genblk1.genblk1.genblk1.genblk1.genblk1.genblk1.lut5 (4 -> 2)
  Optimizing lut $abc$299741$lut$aiger299740$1177.genblk1.genblk1.genblk1.genblk1.genblk1.genblk1.genblk1.lut6 (4 -> 2)
  Optimizing lut $abc$299741$lut$aiger299740$1203.genblk1.genblk1.genblk1.genblk1.genblk1.genblk1.lut2 (4 -> 2)
  Optimizing lut $abc$299741$lut$aiger299740$1151.genblk1.genblk1.genblk1.genblk1.genblk1.genblk1.genblk1.lut2 (4 -> 0)
  Optimizing lut $abc$299741$lut$aiger299740$1151.genblk1.genblk1.genblk1.genblk1.genblk1.genblk1.genblk1.lut3 (4 -> 0)
  Optimizing lut $abc$299741$lut$aiger299740$1013.genblk1.genblk1.genblk1.genblk1.genblk1.genblk1.genblk1.lut2 (4 -> 0)
  Optimizing lut $abc$299741$lut$aiger299740$1013.genblk1.genblk1.genblk1.genblk1.genblk1.genblk1.genblk1.lut3 (4 -> 0)
  Optimizing lut $abc$299741$lut$aiger299740$1013.genblk1.genblk1.genblk1.genblk1.genblk1.genblk1.genblk1.lut4 (4 -> 0)
  Optimizing lut $abc$299741$lut$aiger299740$1013.genblk1.genblk1.genblk1.genblk1.genblk1.genblk1.genblk1.lut5 (4 -> 0)
  Optimizing lut $abc$299741$lut$aiger299740$1013.genblk1.genblk1.genblk1.genblk1.genblk1.genblk1.genblk1.lut6 (4 -> 0)
  Optimizing lut $abc$299741$lut$aiger299740$1134.genblk1.genblk1.genblk1.genblk1.genblk1.genblk1.lut2 (4 -> 0)
  Optimizing lut $abc$299741$lut$aiger299740$1118.genblk1.genblk1.genblk1.genblk1.genblk1.genblk1.genblk1.lut1 (4 -> 0)
  Optimizing lut $abc$299741$lut$aiger299740$1118.genblk1.genblk1.genblk1.genblk1.genblk1.genblk1.genblk1.lut2 (4 -> 0)
  Optimizing lut $abc$299741$lut$aiger299740$1118.genblk1.genblk1.genblk1.genblk1.genblk1.genblk1.genblk1.lut3 (4 -> 0)
  Optimizing lut $abc$299741$lut$aiger299740$1118.genblk1.genblk1.genblk1.genblk1.genblk1.genblk1.genblk1.lut4 (4 -> 0)
  Optimizing lut $abc$299741$lut$aiger299740$1118.genblk1.genblk1.genblk1.genblk1.genblk1.genblk1.genblk1.lut5 (4 -> 0)
  Optimizing lut $abc$299741$lut$aiger299740$1118.genblk1.genblk1.genblk1.genblk1.genblk1.genblk1.genblk1.lut6 (4 -> 0)
  Optimizing lut $abc$299741$lut$aiger299740$997.genblk1.genblk1.genblk1.genblk1.genblk1.genblk1.genblk1.lut1 (4 -> 0)
  Optimizing lut $abc$299741$lut$aiger299740$997.genblk1.genblk1.genblk1.genblk1.genblk1.genblk1.genblk1.lut2 (4 -> 0)
  Optimizing lut $abc$299741$lut$aiger299740$997.genblk1.genblk1.genblk1.genblk1.genblk1.genblk1.genblk1.lut3 (4 -> 0)
  Optimizing lut $abc$299741$lut$aiger299740$997.genblk1.genblk1.genblk1.genblk1.genblk1.genblk1.genblk1.lut4 (4 -> 0)
  Optimizing lut $abc$299741$lut$aiger299740$997.genblk1.genblk1.genblk1.genblk1.genblk1.genblk1.genblk1.lut5 (4 -> 0)
  Optimizing lut $abc$299741$lut$aiger299740$997.genblk1.genblk1.genblk1.genblk1.genblk1.genblk1.genblk1.lut6 (4 -> 0)
  Optimizing lut $abc$299741$lut$aiger299740$1022.genblk1.genblk1.genblk1.genblk1.genblk1.genblk1.genblk1.lut2 (4 -> 0)
  Optimizing lut $abc$299741$lut$aiger299740$1022.genblk1.genblk1.genblk1.genblk1.genblk1.genblk1.genblk1.lut3 (4 -> 0)
  Optimizing lut $abc$299741$lut$aiger299740$1022.genblk1.genblk1.genblk1.genblk1.genblk1.genblk1.genblk1.lut4 (4 -> 0)
  Optimizing lut $abc$299741$lut$aiger299740$1022.genblk1.genblk1.genblk1.genblk1.genblk1.genblk1.genblk1.lut5 (4 -> 0)
  Optimizing lut $abc$299741$lut$aiger299740$1022.genblk1.genblk1.genblk1.genblk1.genblk1.genblk1.genblk1.lut6 (4 -> 0)
  Optimizing lut $abc$299741$lut$aiger299740$1007.genblk1.genblk1.genblk1.genblk1.genblk1.genblk1.genblk1.lut1 (4 -> 0)
  Optimizing lut $abc$299741$lut$aiger299740$1007.genblk1.genblk1.genblk1.genblk1.genblk1.genblk1.genblk1.lut2 (4 -> 0)
  Optimizing lut $abc$299741$lut$aiger299740$1007.genblk1.genblk1.genblk1.genblk1.genblk1.genblk1.genblk1.lut3 (4 -> 0)
  Optimizing lut $abc$299741$lut$aiger299740$1007.genblk1.genblk1.genblk1.genblk1.genblk1.genblk1.genblk1.lut4 (4 -> 0)
  Optimizing lut $abc$299741$lut$aiger299740$1007.genblk1.genblk1.genblk1.genblk1.genblk1.genblk1.genblk1.lut5 (4 -> 0)
  Optimizing lut $abc$299741$lut$aiger299740$1007.genblk1.genblk1.genblk1.genblk1.genblk1.genblk1.genblk1.lut6 (4 -> 0)
  Optimizing lut $abc$299741$lut$aiger299740$991.genblk1.genblk1.genblk1.genblk1.genblk1.genblk1.genblk1.lut1 (4 -> 0)
  Optimizing lut $abc$299741$lut$aiger299740$991.genblk1.genblk1.genblk1.genblk1.genblk1.genblk1.genblk1.lut2 (4 -> 0)
  Optimizing lut $abc$299741$lut$aiger299740$991.genblk1.genblk1.genblk1.genblk1.genblk1.genblk1.genblk1.lut3 (4 -> 0)
  Optimizing lut $abc$299741$lut$aiger299740$991.genblk1.genblk1.genblk1.genblk1.genblk1.genblk1.genblk1.lut4 (4 -> 0)
  Optimizing lut $abc$299741$lut$aiger299740$991.genblk1.genblk1.genblk1.genblk1.genblk1.genblk1.genblk1.lut5 (4 -> 0)
  Optimizing lut $abc$299741$lut$aiger299740$991.genblk1.genblk1.genblk1.genblk1.genblk1.genblk1.genblk1.lut6 (4 -> 0)
  Optimizing lut $auto$abc_ops_reintegrate.cc:611:reintegrate$299747.genblk1.genblk1.genblk1.genblk1.genblk1.genblk1.genblk1.lut2 (4 -> 0)
  Optimizing lut $auto$abc_ops_reintegrate.cc:611:reintegrate$299747.genblk1.genblk1.genblk1.genblk1.genblk1.genblk1.genblk1.lut3 (4 -> 0)
  Optimizing lut $auto$abc_ops_reintegrate.cc:611:reintegrate$299747.genblk1.genblk1.genblk1.genblk1.genblk1.genblk1.genblk1.lut4 (4 -> 0)
  Optimizing lut $auto$abc_ops_reintegrate.cc:611:reintegrate$299747.genblk1.genblk1.genblk1.genblk1.genblk1.genblk1.genblk1.lut5 (4 -> 0)
  Optimizing lut $auto$abc_ops_reintegrate.cc:611:reintegrate$299747.genblk1.genblk1.genblk1.genblk1.genblk1.genblk1.genblk1.lut6 (4 -> 0)
  Optimizing lut $auto$abc_ops_reintegrate.cc:611:reintegrate$299747.genblk1.genblk1.genblk1.genblk1.genblk1.genblk1.genblk1.lut7 (4 -> 0)
  Optimizing lut $abc$299741$lut$aiger299740$689.genblk1.genblk1.genblk1.genblk1.genblk1.genblk1.lut1 (4 -> 0)
  Optimizing lut $abc$299741$lut$aiger299740$689.genblk1.genblk1.genblk1.genblk1.genblk1.genblk1.lut3 (4 -> 0)
  Optimizing lut $auto$abc_ops_reintegrate.cc:611:reintegrate$299748.genblk1.genblk1.genblk1.genblk1.genblk1.genblk1.genblk1.lut1 (4 -> 0)
  Optimizing lut $auto$abc_ops_reintegrate.cc:611:reintegrate$299748.genblk1.genblk1.genblk1.genblk1.genblk1.genblk1.genblk1.lut2 (4 -> 0)
  Optimizing lut $auto$abc_ops_reintegrate.cc:611:reintegrate$299748.genblk1.genblk1.genblk1.genblk1.genblk1.genblk1.genblk1.lut3 (4 -> 0)
  Optimizing lut $auto$abc_ops_reintegrate.cc:611:reintegrate$299748.genblk1.genblk1.genblk1.genblk1.genblk1.genblk1.genblk1.lut4 (4 -> 0)
  Optimizing lut $auto$abc_ops_reintegrate.cc:611:reintegrate$299748.genblk1.genblk1.genblk1.genblk1.genblk1.genblk1.genblk1.lut5 (4 -> 0)
  Optimizing lut $auto$abc_ops_reintegrate.cc:611:reintegrate$299748.genblk1.genblk1.genblk1.genblk1.genblk1.genblk1.genblk1.lut6 (4 -> 0)
  Optimizing lut $auto$abc_ops_reintegrate.cc:611:reintegrate$299748.genblk1.genblk1.genblk1.genblk1.genblk1.genblk1.genblk1.lut7 (4 -> 0)
  Optimizing lut $abc$299741$lut$aiger299740$676.genblk1.genblk1.genblk1.genblk1.genblk1.genblk1.lut1 (4 -> 0)
  Optimizing lut $abc$299741$lut$aiger299740$676.genblk1.genblk1.genblk1.genblk1.genblk1.genblk1.lut3 (4 -> 0)
  Optimizing lut $auto$abc_ops_reintegrate.cc:611:reintegrate$299749.genblk1.genblk1.genblk1.genblk1.genblk1.genblk1.genblk1.lut2 (4 -> 0)
  Optimizing lut $auto$abc_ops_reintegrate.cc:611:reintegrate$299749.genblk1.genblk1.genblk1.genblk1.genblk1.genblk1.genblk1.lut3 (4 -> 0)
  Optimizing lut $auto$abc_ops_reintegrate.cc:611:reintegrate$299749.genblk1.genblk1.genblk1.genblk1.genblk1.genblk1.genblk1.lut4 (4 -> 0)
  Optimizing lut $auto$abc_ops_reintegrate.cc:611:reintegrate$299749.genblk1.genblk1.genblk1.genblk1.genblk1.genblk1.genblk1.lut5 (4 -> 0)
  Optimizing lut $auto$abc_ops_reintegrate.cc:611:reintegrate$299749.genblk1.genblk1.genblk1.genblk1.genblk1.genblk1.genblk1.lut6 (4 -> 0)
  Optimizing lut $auto$abc_ops_reintegrate.cc:611:reintegrate$299749.genblk1.genblk1.genblk1.genblk1.genblk1.genblk1.genblk1.lut7 (4 -> 0)
  Optimizing lut $abc$299741$lut$aiger299740$660.genblk1.genblk1.genblk1.genblk1.genblk1.genblk1.lut1 (4 -> 0)
  Optimizing lut $abc$299741$lut$aiger299740$660.genblk1.genblk1.genblk1.genblk1.genblk1.genblk1.lut3 (4 -> 0)
  Optimizing lut $auto$abc_ops_reintegrate.cc:611:reintegrate$299750.genblk1.genblk1.genblk1.genblk1.genblk1.genblk1.genblk1.lut2 (4 -> 0)
  Optimizing lut $auto$abc_ops_reintegrate.cc:611:reintegrate$299750.genblk1.genblk1.genblk1.genblk1.genblk1.genblk1.genblk1.lut3 (4 -> 0)
  Optimizing lut $auto$abc_ops_reintegrate.cc:611:reintegrate$299750.genblk1.genblk1.genblk1.genblk1.genblk1.genblk1.genblk1.lut4 (4 -> 0)
  Optimizing lut $auto$abc_ops_reintegrate.cc:611:reintegrate$299750.genblk1.genblk1.genblk1.genblk1.genblk1.genblk1.genblk1.lut5 (4 -> 0)
  Optimizing lut $auto$abc_ops_reintegrate.cc:611:reintegrate$299750.genblk1.genblk1.genblk1.genblk1.genblk1.genblk1.genblk1.lut6 (4 -> 0)
  Optimizing lut $auto$abc_ops_reintegrate.cc:611:reintegrate$299750.genblk1.genblk1.genblk1.genblk1.genblk1.genblk1.genblk1.lut7 (4 -> 0)
  Optimizing lut $abc$299741$lut$aiger299740$644.genblk1.genblk1.genblk1.genblk1.genblk1.genblk1.lut1 (4 -> 0)
  Optimizing lut $abc$299741$lut$aiger299740$644.genblk1.genblk1.genblk1.genblk1.genblk1.genblk1.lut3 (4 -> 0)
  Optimizing lut $auto$abc_ops_reintegrate.cc:611:reintegrate$299751.genblk1.genblk1.genblk1.genblk1.genblk1.genblk1.genblk1.lut2 (4 -> 0)
  Optimizing lut $auto$abc_ops_reintegrate.cc:611:reintegrate$299751.genblk1.genblk1.genblk1.genblk1.genblk1.genblk1.genblk1.lut3 (4 -> 0)
  Optimizing lut $auto$abc_ops_reintegrate.cc:611:reintegrate$299751.genblk1.genblk1.genblk1.genblk1.genblk1.genblk1.genblk1.lut4 (4 -> 0)
  Optimizing lut $auto$abc_ops_reintegrate.cc:611:reintegrate$299751.genblk1.genblk1.genblk1.genblk1.genblk1.genblk1.genblk1.lut5 (4 -> 0)
  Optimizing lut $auto$abc_ops_reintegrate.cc:611:reintegrate$299751.genblk1.genblk1.genblk1.genblk1.genblk1.genblk1.genblk1.lut6 (4 -> 0)
  Optimizing lut $auto$abc_ops_reintegrate.cc:611:reintegrate$299751.genblk1.genblk1.genblk1.genblk1.genblk1.genblk1.genblk1.lut7 (4 -> 0)
  Optimizing lut $abc$299741$lut$aiger299740$626.genblk1.genblk1.genblk1.genblk1.genblk1.genblk1.lut1 (4 -> 2)
  Optimizing lut $abc$299741$lut$aiger299740$626.genblk1.genblk1.genblk1.genblk1.genblk1.genblk1.lut2 (4 -> 0)
  Optimizing lut $auto$abc_ops_reintegrate.cc:611:reintegrate$299763.genblk1.genblk1.genblk1.genblk1.genblk1.genblk1.genblk1.lut2 (4 -> 1)
  Optimizing lut $auto$abc_ops_reintegrate.cc:611:reintegrate$299763.genblk1.genblk1.genblk1.genblk1.genblk1.genblk1.genblk1.lut3 (4 -> 1)
  Optimizing lut $auto$abc_ops_reintegrate.cc:611:reintegrate$299763.genblk1.genblk1.genblk1.genblk1.genblk1.genblk1.genblk1.lut4 (4 -> 1)
  Optimizing lut $auto$abc_ops_reintegrate.cc:611:reintegrate$299763.genblk1.genblk1.genblk1.genblk1.genblk1.genblk1.genblk1.lut5 (4 -> 1)
  Optimizing lut $auto$abc_ops_reintegrate.cc:611:reintegrate$299763.genblk1.genblk1.genblk1.genblk1.genblk1.genblk1.genblk1.lut7 (4 -> 1)
  Optimizing lut $auto$abc_ops_reintegrate.cc:611:reintegrate$299771.genblk1.genblk1.genblk1.genblk1.genblk1.genblk1.genblk1.lut2 (4 -> 0)
  Optimizing lut $auto$abc_ops_reintegrate.cc:611:reintegrate$299771.genblk1.genblk1.genblk1.genblk1.genblk1.genblk1.genblk1.lut3 (4 -> 0)
  Optimizing lut $auto$abc_ops_reintegrate.cc:611:reintegrate$299771.genblk1.genblk1.genblk1.genblk1.genblk1.genblk1.genblk1.lut4 (4 -> 0)
  Optimizing lut $auto$abc_ops_reintegrate.cc:611:reintegrate$299771.genblk1.genblk1.genblk1.genblk1.genblk1.genblk1.genblk1.lut5 (4 -> 0)
  Optimizing lut $auto$abc_ops_reintegrate.cc:611:reintegrate$299771.genblk1.genblk1.genblk1.genblk1.genblk1.genblk1.genblk1.lut6 (4 -> 0)
  Optimizing lut $auto$abc_ops_reintegrate.cc:611:reintegrate$299771.genblk1.genblk1.genblk1.genblk1.genblk1.genblk1.genblk1.lut7 (4 -> 0)
  Optimizing lut $abc$299741$lut$aiger299740$304.genblk1.genblk1.genblk1.genblk1.genblk1.genblk1.lut1 (4 -> 1)
  Optimizing lut $abc$299741$lut$aiger299740$304.genblk1.genblk1.genblk1.genblk1.genblk1.genblk1.lut2 (4 -> 1)
  Optimizing lut $abc$299741$lut$aiger299740$297.genblk1.genblk1.genblk1.genblk1.genblk1.genblk1.genblk1.lut1 (4 -> 1)
  Optimizing lut $abc$299741$lut$aiger299740$297.genblk1.genblk1.genblk1.genblk1.genblk1.genblk1.genblk1.lut2 (4 -> 1)
  Optimizing lut $abc$299741$lut$aiger299740$297.genblk1.genblk1.genblk1.genblk1.genblk1.genblk1.genblk1.lut3 (4 -> 1)
  Optimizing lut $abc$299741$lut$aiger299740$297.genblk1.genblk1.genblk1.genblk1.genblk1.genblk1.genblk1.lut4 (4 -> 1)
  Optimizing lut $abc$299741$lut$aiger299740$297.genblk1.genblk1.genblk1.genblk1.genblk1.genblk1.genblk1.lut5 (4 -> 1)
  Optimizing lut $abc$299741$lut$aiger299740$297.genblk1.genblk1.genblk1.genblk1.genblk1.genblk1.genblk1.lut6 (4 -> 1)
  Optimizing lut $abc$299741$lut$aiger299740$289.genblk1.genblk1.genblk1.genblk1.genblk1.genblk1.genblk1.lut1 (4 -> 1)
  Optimizing lut $abc$299741$lut$aiger299740$289.genblk1.genblk1.genblk1.genblk1.genblk1.genblk1.genblk1.lut2 (4 -> 1)
  Optimizing lut $abc$299741$lut$aiger299740$289.genblk1.genblk1.genblk1.genblk1.genblk1.genblk1.genblk1.lut3 (4 -> 1)
  Optimizing lut $abc$299741$lut$aiger299740$289.genblk1.genblk1.genblk1.genblk1.genblk1.genblk1.genblk1.lut4 (4 -> 1)
  Optimizing lut $abc$299741$lut$aiger299740$289.genblk1.genblk1.genblk1.genblk1.genblk1.genblk1.genblk1.lut5 (4 -> 1)
  Optimizing lut $abc$299741$lut$aiger299740$289.genblk1.genblk1.genblk1.genblk1.genblk1.genblk1.genblk1.lut6 (4 -> 1)
  Optimizing lut $abc$299741$lut$aiger299740$255.genblk1.genblk1.genblk1.genblk1.genblk1.genblk1.genblk1.lut1 (4 -> 0)
  Optimizing lut $abc$299741$lut$aiger299740$255.genblk1.genblk1.genblk1.genblk1.genblk1.genblk1.genblk1.lut2 (4 -> 0)
  Optimizing lut $abc$299741$lut$aiger299740$255.genblk1.genblk1.genblk1.genblk1.genblk1.genblk1.genblk1.lut3 (4 -> 0)
  Optimizing lut $abc$299741$lut$aiger299740$255.genblk1.genblk1.genblk1.genblk1.genblk1.genblk1.genblk1.lut4 (4 -> 0)
  Optimizing lut $abc$299741$lut$aiger299740$255.genblk1.genblk1.genblk1.genblk1.genblk1.genblk1.genblk1.lut5 (4 -> 0)
  Optimizing lut $abc$299741$lut$aiger299740$255.genblk1.genblk1.genblk1.genblk1.genblk1.genblk1.genblk1.lut6 (4 -> 0)
  Optimizing lut $abc$299741$lut$aiger299740$220.genblk1.genblk1.genblk1.genblk1.genblk1.genblk1.genblk1.lut1 (4 -> 0)
  Optimizing lut $abc$299741$lut$aiger299740$220.genblk1.genblk1.genblk1.genblk1.genblk1.genblk1.genblk1.lut2 (4 -> 0)
  Optimizing lut $abc$299741$lut$aiger299740$220.genblk1.genblk1.genblk1.genblk1.genblk1.genblk1.genblk1.lut3 (4 -> 0)
  Optimizing lut $abc$299741$lut$aiger299740$220.genblk1.genblk1.genblk1.genblk1.genblk1.genblk1.genblk1.lut4 (4 -> 0)
  Optimizing lut $abc$299741$lut$aiger299740$220.genblk1.genblk1.genblk1.genblk1.genblk1.genblk1.genblk1.lut5 (4 -> 0)
  Optimizing lut $abc$299741$lut$aiger299740$220.genblk1.genblk1.genblk1.genblk1.genblk1.genblk1.genblk1.lut6 (4 -> 0)
  Optimizing lut $abc$299741$lut$aiger299740$281.genblk1.genblk1.genblk1.genblk1.genblk1.genblk1.genblk1.lut1 (4 -> 1)
  Optimizing lut $abc$299741$lut$aiger299740$281.genblk1.genblk1.genblk1.genblk1.genblk1.genblk1.genblk1.lut2 (4 -> 1)
  Optimizing lut $abc$299741$lut$aiger299740$281.genblk1.genblk1.genblk1.genblk1.genblk1.genblk1.genblk1.lut3 (4 -> 1)
  Optimizing lut $abc$299741$lut$aiger299740$281.genblk1.genblk1.genblk1.genblk1.genblk1.genblk1.genblk1.lut4 (4 -> 1)
  Optimizing lut $abc$299741$lut$aiger299740$281.genblk1.genblk1.genblk1.genblk1.genblk1.genblk1.genblk1.lut5 (4 -> 1)
  Optimizing lut $abc$299741$lut$aiger299740$281.genblk1.genblk1.genblk1.genblk1.genblk1.genblk1.genblk1.lut6 (4 -> 1)
  Optimizing lut $abc$299741$lut$aiger299740$261.genblk1.genblk1.genblk1.genblk1.genblk1.genblk1.genblk1.lut1 (4 -> 0)
  Optimizing lut $abc$299741$lut$aiger299740$261.genblk1.genblk1.genblk1.genblk1.genblk1.genblk1.genblk1.lut2 (4 -> 0)
  Optimizing lut $abc$299741$lut$aiger299740$261.genblk1.genblk1.genblk1.genblk1.genblk1.genblk1.genblk1.lut3 (4 -> 0)
  Optimizing lut $abc$299741$lut$aiger299740$261.genblk1.genblk1.genblk1.genblk1.genblk1.genblk1.genblk1.lut4 (4 -> 0)
  Optimizing lut $abc$299741$lut$aiger299740$261.genblk1.genblk1.genblk1.genblk1.genblk1.genblk1.genblk1.lut5 (4 -> 0)
  Optimizing lut $abc$299741$lut$aiger299740$261.genblk1.genblk1.genblk1.genblk1.genblk1.genblk1.genblk1.lut6 (4 -> 0)
  Optimizing lut $abc$299741$lut$aiger299740$226.genblk1.genblk1.genblk1.genblk1.genblk1.genblk1.genblk1.lut1 (4 -> 0)
  Optimizing lut $abc$299741$lut$aiger299740$226.genblk1.genblk1.genblk1.genblk1.genblk1.genblk1.genblk1.lut2 (4 -> 0)
  Optimizing lut $abc$299741$lut$aiger299740$226.genblk1.genblk1.genblk1.genblk1.genblk1.genblk1.genblk1.lut3 (4 -> 0)
  Optimizing lut $abc$299741$lut$aiger299740$226.genblk1.genblk1.genblk1.genblk1.genblk1.genblk1.genblk1.lut4 (4 -> 0)
  Optimizing lut $abc$299741$lut$aiger299740$226.genblk1.genblk1.genblk1.genblk1.genblk1.genblk1.genblk1.lut5 (4 -> 0)
  Optimizing lut $abc$299741$lut$aiger299740$226.genblk1.genblk1.genblk1.genblk1.genblk1.genblk1.genblk1.lut6 (4 -> 0)
  Optimizing lut $abc$299741$lut$aiger299740$205.genblk1.genblk1.genblk1.genblk1.genblk1.genblk1.genblk1.lut1 (4 -> 0)
  Optimizing lut $abc$299741$lut$aiger299740$205.genblk1.genblk1.genblk1.genblk1.genblk1.genblk1.genblk1.lut2 (4 -> 0)
  Optimizing lut $abc$299741$lut$aiger299740$205.genblk1.genblk1.genblk1.genblk1.genblk1.genblk1.genblk1.lut3 (4 -> 0)
  Optimizing lut $abc$299741$lut$aiger299740$205.genblk1.genblk1.genblk1.genblk1.genblk1.genblk1.genblk1.lut4 (4 -> 0)
  Optimizing lut $abc$299741$lut$aiger299740$205.genblk1.genblk1.genblk1.genblk1.genblk1.genblk1.genblk1.lut5 (4 -> 0)
  Optimizing lut $abc$299741$lut$aiger299740$205.genblk1.genblk1.genblk1.genblk1.genblk1.genblk1.genblk1.lut6 (4 -> 0)
  Optimizing lut $abc$299741$lut$aiger299740$268.genblk1.genblk1.genblk1.genblk1.genblk1.genblk1.genblk1.lut2 (4 -> 0)
  Optimizing lut $abc$299741$lut$aiger299740$268.genblk1.genblk1.genblk1.genblk1.genblk1.genblk1.genblk1.lut3 (4 -> 0)
  Optimizing lut $abc$299741$lut$aiger299740$268.genblk1.genblk1.genblk1.genblk1.genblk1.genblk1.genblk1.lut4 (4 -> 0)
  Optimizing lut $abc$299741$lut$aiger299740$268.genblk1.genblk1.genblk1.genblk1.genblk1.genblk1.genblk1.lut5 (4 -> 0)
  Optimizing lut $abc$299741$lut$aiger299740$268.genblk1.genblk1.genblk1.genblk1.genblk1.genblk1.genblk1.lut6 (4 -> 0)
  Optimizing lut $abc$299741$lut$aiger299740$239.genblk1.genblk1.genblk1.genblk1.genblk1.genblk1.genblk1.lut1 (4 -> 0)
  Optimizing lut $abc$299741$lut$aiger299740$239.genblk1.genblk1.genblk1.genblk1.genblk1.genblk1.genblk1.lut2 (4 -> 0)
  Optimizing lut $abc$299741$lut$aiger299740$239.genblk1.genblk1.genblk1.genblk1.genblk1.genblk1.genblk1.lut3 (4 -> 0)
  Optimizing lut $abc$299741$lut$aiger299740$239.genblk1.genblk1.genblk1.genblk1.genblk1.genblk1.genblk1.lut4 (4 -> 0)
  Optimizing lut $abc$299741$lut$aiger299740$239.genblk1.genblk1.genblk1.genblk1.genblk1.genblk1.genblk1.lut5 (4 -> 0)
  Optimizing lut $abc$299741$lut$aiger299740$239.genblk1.genblk1.genblk1.genblk1.genblk1.genblk1.genblk1.lut6 (4 -> 0)
  Optimizing lut $abc$299741$lut$aiger299740$384.genblk1.genblk1.genblk1.genblk1.genblk1.genblk1.genblk1.lut2 (4 -> 0)
  Optimizing lut $abc$299741$lut$aiger299740$384.genblk1.genblk1.genblk1.genblk1.genblk1.genblk1.genblk1.lut3 (4 -> 0)
  Optimizing lut $abc$299741$lut$aiger299740$384.genblk1.genblk1.genblk1.genblk1.genblk1.genblk1.genblk1.lut5 (4 -> 0)
  Optimizing lut $abc$299741$lut$aiger299740$384.genblk1.genblk1.genblk1.genblk1.genblk1.genblk1.genblk1.lut6 (4 -> 0)
  Optimizing lut $abc$299741$lut$aiger299740$233.genblk1.genblk1.genblk1.genblk1.genblk1.genblk1.lut1 (4 -> 0)
  Optimizing lut $abc$299741$lut$aiger299740$233.genblk1.genblk1.genblk1.genblk1.genblk1.genblk1.lut2 (4 -> 0)
  Optimizing lut $abc$299741$lut$aiger299740$364.genblk1.genblk1.genblk1.genblk1.genblk1.genblk1.genblk1.lut1 (4 -> 0)
  Optimizing lut $abc$299741$lut$aiger299740$364.genblk1.genblk1.genblk1.genblk1.genblk1.genblk1.genblk1.lut2 (4 -> 0)
  Optimizing lut $abc$299741$lut$aiger299740$364.genblk1.genblk1.genblk1.genblk1.genblk1.genblk1.genblk1.lut3 (4 -> 0)
  Optimizing lut $abc$299741$lut$aiger299740$364.genblk1.genblk1.genblk1.genblk1.genblk1.genblk1.genblk1.lut5 (4 -> 0)
  Optimizing lut $abc$299741$lut$aiger299740$364.genblk1.genblk1.genblk1.genblk1.genblk1.genblk1.genblk1.lut6 (4 -> 0)
  Optimizing lut $abc$299741$lut$aiger299740$214.genblk1.genblk1.genblk1.genblk1.genblk1.genblk1.genblk1.lut1 (4 -> 0)
  Optimizing lut $abc$299741$lut$aiger299740$214.genblk1.genblk1.genblk1.genblk1.genblk1.genblk1.genblk1.lut2 (4 -> 0)
  Optimizing lut $abc$299741$lut$aiger299740$214.genblk1.genblk1.genblk1.genblk1.genblk1.genblk1.genblk1.lut3 (4 -> 0)
  Optimizing lut $abc$299741$lut$aiger299740$214.genblk1.genblk1.genblk1.genblk1.genblk1.genblk1.genblk1.lut4 (4 -> 0)
  Optimizing lut $abc$299741$lut$aiger299740$214.genblk1.genblk1.genblk1.genblk1.genblk1.genblk1.genblk1.lut5 (4 -> 0)
  Optimizing lut $abc$299741$lut$aiger299740$214.genblk1.genblk1.genblk1.genblk1.genblk1.genblk1.genblk1.lut6 (4 -> 0)
  Optimizing lut $abc$299741$lut$aiger299740$193.genblk1.genblk1.genblk1.genblk1.genblk1.genblk1.genblk1.lut1 (4 -> 0)
  Optimizing lut $abc$299741$lut$aiger299740$193.genblk1.genblk1.genblk1.genblk1.genblk1.genblk1.genblk1.lut2 (4 -> 0)
  Optimizing lut $abc$299741$lut$aiger299740$193.genblk1.genblk1.genblk1.genblk1.genblk1.genblk1.genblk1.lut3 (4 -> 0)
  Optimizing lut $abc$299741$lut$aiger299740$193.genblk1.genblk1.genblk1.genblk1.genblk1.genblk1.genblk1.lut4 (4 -> 0)
  Optimizing lut $abc$299741$lut$aiger299740$193.genblk1.genblk1.genblk1.genblk1.genblk1.genblk1.genblk1.lut5 (4 -> 0)
  Optimizing lut $abc$299741$lut$aiger299740$193.genblk1.genblk1.genblk1.genblk1.genblk1.genblk1.genblk1.lut6 (4 -> 0)
  Optimizing lut $abc$299741$lut$aiger299740$344.genblk1.genblk1.genblk1.genblk1.genblk1.genblk1.genblk1.lut2 (4 -> 0)
  Optimizing lut $abc$299741$lut$aiger299740$344.genblk1.genblk1.genblk1.genblk1.genblk1.genblk1.genblk1.lut3 (4 -> 0)
  Optimizing lut $abc$299741$lut$aiger299740$327.genblk1.genblk1.genblk1.genblk1.genblk1.genblk1.genblk1.lut1 (4 -> 0)
  Optimizing lut $abc$299741$lut$aiger299740$327.genblk1.genblk1.genblk1.genblk1.genblk1.genblk1.genblk1.lut2 (4 -> 0)
  Optimizing lut $abc$299741$lut$aiger299740$327.genblk1.genblk1.genblk1.genblk1.genblk1.genblk1.genblk1.lut3 (4 -> 0)
  Optimizing lut $abc$299741$lut$aiger299740$327.genblk1.genblk1.genblk1.genblk1.genblk1.genblk1.genblk1.lut4 (4 -> 0)
  Optimizing lut $abc$299741$lut$aiger299740$327.genblk1.genblk1.genblk1.genblk1.genblk1.genblk1.genblk1.lut5 (4 -> 0)
  Optimizing lut $abc$299741$lut$aiger299740$327.genblk1.genblk1.genblk1.genblk1.genblk1.genblk1.genblk1.lut6 (4 -> 0)
  Optimizing lut $abc$299741$lut$aiger299740$184.genblk1.genblk1.genblk1.genblk1.genblk1.genblk1.lut3 (4 -> 3)
  Optimizing lut $abc$299741$lut$aiger299740$199.genblk1.genblk1.genblk1.genblk1.genblk1.genblk1.genblk1.lut1 (4 -> 0)
  Optimizing lut $abc$299741$lut$aiger299740$199.genblk1.genblk1.genblk1.genblk1.genblk1.genblk1.genblk1.lut2 (4 -> 0)
  Optimizing lut $abc$299741$lut$aiger299740$199.genblk1.genblk1.genblk1.genblk1.genblk1.genblk1.genblk1.lut3 (4 -> 0)
  Optimizing lut $abc$299741$lut$aiger299740$199.genblk1.genblk1.genblk1.genblk1.genblk1.genblk1.genblk1.lut4 (4 -> 0)
  Optimizing lut $abc$299741$lut$aiger299740$199.genblk1.genblk1.genblk1.genblk1.genblk1.genblk1.genblk1.lut5 (4 -> 0)
  Optimizing lut $abc$299741$lut$aiger299740$199.genblk1.genblk1.genblk1.genblk1.genblk1.genblk1.genblk1.lut6 (4 -> 0)
  Optimizing lut $abc$299741$lut$aiger299740$443.genblk1.genblk1.genblk1.genblk1.genblk1.genblk1.genblk1.lut2 (4 -> 0)
  Optimizing lut $abc$299741$lut$aiger299740$443.genblk1.genblk1.genblk1.genblk1.genblk1.genblk1.genblk1.lut3 (4 -> 0)
  Optimizing lut $abc$299741$lut$aiger299740$443.genblk1.genblk1.genblk1.genblk1.genblk1.genblk1.genblk1.lut5 (4 -> 0)
  Optimizing lut $abc$299741$lut$aiger299740$443.genblk1.genblk1.genblk1.genblk1.genblk1.genblk1.genblk1.lut6 (4 -> 0)
  Optimizing lut $abc$299741$lut$aiger299740$443.genblk1.genblk1.genblk1.genblk1.genblk1.genblk1.genblk1.lut7 (4 -> 0)
  Optimizing lut $abc$299741$lut$aiger299740$433.genblk1.genblk1.genblk1.genblk1.genblk1.genblk1.genblk1.lut2 (4 -> 0)
  Optimizing lut $abc$299741$lut$aiger299740$433.genblk1.genblk1.genblk1.genblk1.genblk1.genblk1.genblk1.lut3 (4 -> 0)
  Optimizing lut $abc$299741$lut$aiger299740$433.genblk1.genblk1.genblk1.genblk1.genblk1.genblk1.genblk1.lut4 (4 -> 0)
  Optimizing lut $abc$299741$lut$aiger299740$433.genblk1.genblk1.genblk1.genblk1.genblk1.genblk1.genblk1.lut5 (4 -> 0)
  Optimizing lut $abc$299741$lut$aiger299740$433.genblk1.genblk1.genblk1.genblk1.genblk1.genblk1.genblk1.lut7 (4 -> 0)
  Optimizing lut $abc$299741$lut$aiger299740$424.genblk1.genblk1.genblk1.genblk1.genblk1.genblk1.genblk1.lut2 (4 -> 0)
  Optimizing lut $abc$299741$lut$aiger299740$424.genblk1.genblk1.genblk1.genblk1.genblk1.genblk1.genblk1.lut3 (4 -> 0)
  Optimizing lut $abc$299741$lut$aiger299740$424.genblk1.genblk1.genblk1.genblk1.genblk1.genblk1.genblk1.lut5 (4 -> 0)
  Optimizing lut $abc$299741$lut$aiger299740$424.genblk1.genblk1.genblk1.genblk1.genblk1.genblk1.genblk1.lut6 (4 -> 0)
  Optimizing lut $abc$299741$lut$aiger299740$424.genblk1.genblk1.genblk1.genblk1.genblk1.genblk1.genblk1.lut7 (4 -> 0)
  Optimizing lut $abc$299741$lut$aiger$o179.genblk1.genblk1.genblk1.genblk1.genblk1.genblk1.lut2 (4 -> 1)
  Optimizing lut $abc$299741$lut$aiger$o181.genblk1.genblk1.genblk1.genblk1.genblk1.genblk1.genblk1.lut1 (4 -> 1)
  Optimizing lut $abc$299741$lut$aiger$o181.genblk1.genblk1.genblk1.genblk1.genblk1.genblk1.genblk1.lut2 (4 -> 1)
  Optimizing lut $abc$299741$lut$aiger$o181.genblk1.genblk1.genblk1.genblk1.genblk1.genblk1.genblk1.lut3 (4 -> 1)
  Optimizing lut $abc$299741$lut$aiger$o181.genblk1.genblk1.genblk1.genblk1.genblk1.genblk1.genblk1.lut4 (4 -> 1)
  Optimizing lut $abc$299741$lut$aiger$o181.genblk1.genblk1.genblk1.genblk1.genblk1.genblk1.genblk1.lut5 (4 -> 1)
  Optimizing lut $abc$299741$lut$aiger$o181.genblk1.genblk1.genblk1.genblk1.genblk1.genblk1.genblk1.lut6 (4 -> 1)
  Optimizing lut $abc$299741$lut$aiger299740$778.genblk1.genblk1.genblk1.genblk1.genblk1.genblk1.genblk1.lut1 (4 -> 0)
  Optimizing lut $abc$299741$lut$aiger299740$778.genblk1.genblk1.genblk1.genblk1.genblk1.genblk1.genblk1.lut2 (4 -> 0)
  Optimizing lut $abc$299741$lut$aiger299740$778.genblk1.genblk1.genblk1.genblk1.genblk1.genblk1.genblk1.lut3 (4 -> 0)
  Optimizing lut $abc$299741$lut$aiger299740$778.genblk1.genblk1.genblk1.genblk1.genblk1.genblk1.genblk1.lut4 (4 -> 0)
  Optimizing lut $abc$299741$lut$aiger299740$778.genblk1.genblk1.genblk1.genblk1.genblk1.genblk1.genblk1.lut5 (4 -> 0)
  Optimizing lut $abc$299741$lut$aiger299740$778.genblk1.genblk1.genblk1.genblk1.genblk1.genblk1.genblk1.lut6 (4 -> 0)
  Optimizing lut $abc$299741$lut$aiger299740$964.genblk1.genblk1.genblk1.genblk1.genblk1.genblk1.genblk1.lut1 (4 -> 0)
  Optimizing lut $abc$299741$lut$aiger299740$964.genblk1.genblk1.genblk1.genblk1.genblk1.genblk1.genblk1.lut2 (4 -> 0)
  Optimizing lut $abc$299741$lut$aiger299740$964.genblk1.genblk1.genblk1.genblk1.genblk1.genblk1.genblk1.lut3 (4 -> 0)
  Optimizing lut $abc$299741$lut$aiger299740$964.genblk1.genblk1.genblk1.genblk1.genblk1.genblk1.genblk1.lut5 (4 -> 0)
  Optimizing lut $abc$299741$lut$aiger299740$964.genblk1.genblk1.genblk1.genblk1.genblk1.genblk1.genblk1.lut6 (4 -> 0)
  Optimizing lut $abc$299741$lut$aiger299740$772.genblk1.genblk1.genblk1.genblk1.genblk1.genblk1.lut1 (4 -> 0)
  Optimizing lut $abc$299741$lut$aiger299740$772.genblk1.genblk1.genblk1.genblk1.genblk1.genblk1.lut2 (4 -> 0)
  Optimizing lut $abc$299741$lut$aiger299740$944.genblk1.genblk1.genblk1.genblk1.genblk1.genblk1.genblk1.lut1 (4 -> 0)
  Optimizing lut $abc$299741$lut$aiger299740$944.genblk1.genblk1.genblk1.genblk1.genblk1.genblk1.genblk1.lut2 (4 -> 0)
  Optimizing lut $abc$299741$lut$aiger299740$944.genblk1.genblk1.genblk1.genblk1.genblk1.genblk1.genblk1.lut3 (4 -> 0)
  Optimizing lut $abc$299741$lut$aiger299740$944.genblk1.genblk1.genblk1.genblk1.genblk1.genblk1.genblk1.lut5 (4 -> 0)
  Optimizing lut $abc$299741$lut$aiger299740$944.genblk1.genblk1.genblk1.genblk1.genblk1.genblk1.genblk1.lut6 (4 -> 0)
  Optimizing lut $abc$299741$lut$aiger299740$924.genblk1.genblk1.genblk1.genblk1.genblk1.genblk1.genblk1.lut1 (4 -> 0)
  Optimizing lut $abc$299741$lut$aiger299740$924.genblk1.genblk1.genblk1.genblk1.genblk1.genblk1.genblk1.lut2 (4 -> 0)
  Optimizing lut $abc$299741$lut$aiger299740$924.genblk1.genblk1.genblk1.genblk1.genblk1.genblk1.genblk1.lut3 (4 -> 0)
  Optimizing lut $abc$299741$lut$aiger299740$924.genblk1.genblk1.genblk1.genblk1.genblk1.genblk1.genblk1.lut5 (4 -> 0)
  Optimizing lut $abc$299741$lut$aiger299740$924.genblk1.genblk1.genblk1.genblk1.genblk1.genblk1.genblk1.lut6 (4 -> 0)
  Optimizing lut $abc$299741$lut$aiger299740$758.genblk1.genblk1.genblk1.genblk1.genblk1.genblk1.lut1 (4 -> 0)
  Optimizing lut $abc$299741$lut$aiger299740$758.genblk1.genblk1.genblk1.genblk1.genblk1.genblk1.lut2 (4 -> 0)
  Optimizing lut $abc$299741$lut$aiger299740$904.genblk1.genblk1.genblk1.genblk1.genblk1.genblk1.genblk1.lut1 (4 -> 0)
  Optimizing lut $abc$299741$lut$aiger299740$904.genblk1.genblk1.genblk1.genblk1.genblk1.genblk1.genblk1.lut2 (4 -> 0)
  Optimizing lut $abc$299741$lut$aiger299740$904.genblk1.genblk1.genblk1.genblk1.genblk1.genblk1.genblk1.lut3 (4 -> 0)
  Optimizing lut $abc$299741$lut$aiger299740$746.genblk1.genblk1.genblk1.genblk1.genblk1.genblk1.genblk1.lut1 (4 -> 0)
  Optimizing lut $abc$299741$lut$aiger299740$746.genblk1.genblk1.genblk1.genblk1.genblk1.genblk1.genblk1.lut2 (4 -> 0)
  Optimizing lut $abc$299741$lut$aiger299740$746.genblk1.genblk1.genblk1.genblk1.genblk1.genblk1.genblk1.lut3 (4 -> 0)
  Optimizing lut $abc$299741$lut$aiger299740$746.genblk1.genblk1.genblk1.genblk1.genblk1.genblk1.genblk1.lut4 (4 -> 0)
  Optimizing lut $abc$299741$lut$aiger299740$746.genblk1.genblk1.genblk1.genblk1.genblk1.genblk1.genblk1.lut5 (4 -> 0)
  Optimizing lut $abc$299741$lut$aiger299740$746.genblk1.genblk1.genblk1.genblk1.genblk1.genblk1.genblk1.lut6 (4 -> 0)
  Optimizing lut $abc$299741$lut$aiger299740$733.genblk1.genblk1.genblk1.genblk1.genblk1.lut1 (4 -> 0)
  Optimizing lut $abc$299741$lut$aiger299740$766.genblk1.genblk1.genblk1.genblk1.genblk1.genblk1.genblk1.lut1 (4 -> 0)
  Optimizing lut $abc$299741$lut$aiger299740$766.genblk1.genblk1.genblk1.genblk1.genblk1.genblk1.genblk1.lut2 (4 -> 0)
  Optimizing lut $abc$299741$lut$aiger299740$766.genblk1.genblk1.genblk1.genblk1.genblk1.genblk1.genblk1.lut3 (4 -> 0)
  Optimizing lut $abc$299741$lut$aiger299740$766.genblk1.genblk1.genblk1.genblk1.genblk1.genblk1.genblk1.lut4 (4 -> 0)
  Optimizing lut $abc$299741$lut$aiger299740$766.genblk1.genblk1.genblk1.genblk1.genblk1.genblk1.genblk1.lut5 (4 -> 0)
  Optimizing lut $abc$299741$lut$aiger299740$766.genblk1.genblk1.genblk1.genblk1.genblk1.genblk1.genblk1.lut6 (4 -> 0)
  Optimizing lut $abc$299741$lut$aiger299740$753.genblk1.genblk1.genblk1.genblk1.genblk1.genblk1.genblk1.lut1 (4 -> 0)
  Optimizing lut $abc$299741$lut$aiger299740$753.genblk1.genblk1.genblk1.genblk1.genblk1.genblk1.genblk1.lut2 (4 -> 0)
  Optimizing lut $abc$299741$lut$aiger299740$753.genblk1.genblk1.genblk1.genblk1.genblk1.genblk1.genblk1.lut3 (4 -> 0)
  Optimizing lut $abc$299741$lut$aiger299740$753.genblk1.genblk1.genblk1.genblk1.genblk1.genblk1.genblk1.lut4 (4 -> 0)
  Optimizing lut $abc$299741$lut$aiger299740$753.genblk1.genblk1.genblk1.genblk1.genblk1.genblk1.genblk1.lut5 (4 -> 0)
  Optimizing lut $abc$299741$lut$aiger299740$753.genblk1.genblk1.genblk1.genblk1.genblk1.genblk1.genblk1.lut6 (4 -> 0)
  Optimizing lut $abc$299741$lut$aiger299740$740.genblk1.genblk1.genblk1.genblk1.genblk1.genblk1.genblk1.lut1 (4 -> 0)
  Optimizing lut $abc$299741$lut$aiger299740$740.genblk1.genblk1.genblk1.genblk1.genblk1.genblk1.genblk1.lut2 (4 -> 0)
  Optimizing lut $abc$299741$lut$aiger299740$740.genblk1.genblk1.genblk1.genblk1.genblk1.genblk1.genblk1.lut3 (4 -> 0)
  Optimizing lut $abc$299741$lut$aiger299740$740.genblk1.genblk1.genblk1.genblk1.genblk1.genblk1.genblk1.lut4 (4 -> 0)
  Optimizing lut $abc$299741$lut$aiger299740$740.genblk1.genblk1.genblk1.genblk1.genblk1.genblk1.genblk1.lut5 (4 -> 0)
  Optimizing lut $abc$299741$lut$aiger299740$740.genblk1.genblk1.genblk1.genblk1.genblk1.genblk1.genblk1.lut7 (4 -> 0)
  Optimizing lut $abc$299741$lut$aiger299740$344.genblk1.genblk1.genblk1.genblk1.genblk1.genblk1.genblk1.lut0 (4 -> 0)
  Optimizing lut $abc$299741$lut$aiger299740$510.genblk1.genblk1.genblk1.genblk1.genblk1.lut0 (4 -> 0)
  Optimizing lut $abc$299741$lut$aiger$o175.genblk1.genblk1.genblk1.genblk1.genblk1.lut0 (4 -> 1)
  Optimizing lut $abc$299741$lut$aiger299740$344.genblk1.genblk1.genblk1.genblk1.genblk1.genblk1.genblk1.lut1 (4 -> 0)
  Optimizing lut $abc$299741$lut$aiger299740$983.genblk1.genblk1.genblk1.genblk1.genblk1.lut1 (4 -> 0)
  Optimizing lut $abc$299741$lut$aiger299740$179.genblk1.genblk1.genblk1.genblk1.genblk1.lut0 (4 -> 3)
  Optimizing lut $auto$abc_ops_reintegrate.cc:611:reintegrate$299750.genblk1.genblk1.genblk1.genblk1.genblk1.genblk1.genblk1.lut1 (4 -> 0)
  Optimizing lut $abc$299741$lut$aiger$o179.genblk1.genblk1.genblk1.genblk1.genblk1.genblk1.lut1 (4 -> 1)
  Optimizing lut $abc$299741$lut$aiger299740$1134.genblk1.genblk1.genblk1.genblk1.genblk1.genblk1.lut0 (4 -> 0)
  Optimizing lut $abc$299741$lut$aiger299740$193.genblk1.genblk1.genblk1.genblk1.genblk1.genblk1.genblk1.lut0 (4 -> 0)
  Optimizing lut $abc$299741$lut$aiger299740$660.genblk1.genblk1.genblk1.genblk1.genblk1.genblk1.lut0 (4 -> 2)
  Optimizing lut $abc$299741$lut$aiger299740$199.genblk1.genblk1.genblk1.genblk1.genblk1.genblk1.genblk1.lut0 (4 -> 0)
  Optimizing lut $abc$299741$lut$aiger299740$205.genblk1.genblk1.genblk1.genblk1.genblk1.genblk1.genblk1.lut0 (4 -> 0)
  Optimizing lut $abc$299741$lut$aiger299740$1151.genblk1.genblk1.genblk1.genblk1.genblk1.genblk1.genblk1.lut0 (4 -> 0)
  Optimizing lut $abc$299741$lut$aiger299740$1151.genblk1.genblk1.genblk1.genblk1.genblk1.genblk1.genblk1.lut1 (4 -> 0)
  Optimizing lut $abc$299741$lut$aiger299740$1203.genblk1.genblk1.genblk1.genblk1.genblk1.genblk1.lut0 (4 -> 2)
  Optimizing lut $abc$299741$lut$aiger299740$1203.genblk1.genblk1.genblk1.genblk1.genblk1.genblk1.lut1 (4 -> 2)
  Optimizing lut $abc$299741$lut$aiger299740$214.genblk1.genblk1.genblk1.genblk1.genblk1.genblk1.genblk1.lut0 (4 -> 0)
  Optimizing lut $abc$299741$lut$aiger299740$364.genblk1.genblk1.genblk1.genblk1.genblk1.genblk1.genblk1.lut0 (4 -> 0)
  Optimizing lut $abc$299741$lut$aiger299740$424.genblk1.genblk1.genblk1.genblk1.genblk1.genblk1.genblk1.lut1 (4 -> 0)
  Optimizing lut $abc$299741$lut$aiger299740$220.genblk1.genblk1.genblk1.genblk1.genblk1.genblk1.genblk1.lut0 (4 -> 0)
  Optimizing lut $abc$299741$lut$aiger299740$226.genblk1.genblk1.genblk1.genblk1.genblk1.genblk1.genblk1.lut0 (4 -> 0)
  Optimizing lut $auto$abc_ops_reintegrate.cc:611:reintegrate$299749.genblk1.genblk1.genblk1.genblk1.genblk1.genblk1.genblk1.lut1 (4 -> 0)
  Optimizing lut $abc$299741$lut$aiger299740$384.genblk1.genblk1.genblk1.genblk1.genblk1.genblk1.genblk1.lut0 (4 -> 0)
  Optimizing lut $abc$299741$lut$aiger299740$944.genblk1.genblk1.genblk1.genblk1.genblk1.genblk1.genblk1.lut0 (4 -> 0)
  Optimizing lut $abc$299741$lut$aiger299740$233.genblk1.genblk1.genblk1.genblk1.genblk1.genblk1.lut0 (4 -> 0)
  Optimizing lut $abc$299741$lut$aiger299740$1207.genblk1.genblk1.genblk1.genblk1.genblk1.lut0 (4 -> 0)
  Optimizing lut $abc$299741$lut$aiger$o161.genblk1.genblk1.genblk1.genblk1.genblk1.lut0 (4 -> 1)
  Optimizing lut $abc$299741$lut$aiger299740$676.genblk1.genblk1.genblk1.genblk1.genblk1.genblk1.lut0 (4 -> 2)
  Optimizing lut $abc$299741$lut$aiger299740$239.genblk1.genblk1.genblk1.genblk1.genblk1.genblk1.genblk1.lut0 (4 -> 0)
  Optimizing lut $abc$299741$lut$aiger$o59.genblk1.genblk1.genblk1.genblk1.genblk1.genblk1.genblk1.lut0 (4 -> 1)
  Optimizing lut $abc$299741$lut$aiger$o59.genblk1.genblk1.genblk1.genblk1.genblk1.genblk1.genblk1.lut1 (4 -> 1)
  Optimizing lut $abc$299741$lut$aiger299740$384.genblk1.genblk1.genblk1.genblk1.genblk1.genblk1.genblk1.lut1 (4 -> 0)
  Optimizing lut $abc$299741$lut$aiger299740$964.genblk1.genblk1.genblk1.genblk1.genblk1.genblk1.genblk1.lut0 (4 -> 0)
  Optimizing lut $abc$299741$lut$aiger299740$433.genblk1.genblk1.genblk1.genblk1.genblk1.genblk1.genblk1.lut1 (4 -> 0)
  Optimizing lut $abc$299741$lut$aiger$o7.genblk1.genblk1.genblk1.genblk1.genblk1.genblk1.genblk1.lut0 (4 -> 1)
  Optimizing lut $abc$299741$lut$aiger299740$255.genblk1.genblk1.genblk1.genblk1.genblk1.genblk1.genblk1.lut0 (4 -> 0)
  Optimizing lut $abc$299741$lut$aiger299740$261.genblk1.genblk1.genblk1.genblk1.genblk1.genblk1.genblk1.lut0 (4 -> 0)
  Optimizing lut $abc$299741$lut$aiger$o7.genblk1.genblk1.genblk1.genblk1.genblk1.genblk1.genblk1.lut1 (4 -> 1)
  Optimizing lut $abc$299741$lut$aiger$o181.genblk1.genblk1.genblk1.genblk1.genblk1.genblk1.genblk1.lut0 (4 -> 1)
  Optimizing lut $abc$299741$lut$aiger299740$1163.genblk1.genblk1.genblk1.genblk1.genblk1.lut0 (4 -> 2)
  Optimizing lut $abc$299741$lut$aiger299740$443.genblk1.genblk1.genblk1.genblk1.genblk1.genblk1.genblk1.lut1 (4 -> 0)
  Optimizing lut $abc$299741$lut$aiger299740$689.genblk1.genblk1.genblk1.genblk1.genblk1.genblk1.lut0 (4 -> 2)
  Optimizing lut $abc$299741$lut$aiger299740$268.genblk1.genblk1.genblk1.genblk1.genblk1.genblk1.genblk1.lut0 (4 -> 0)
  Optimizing lut $auto$abc_ops_reintegrate.cc:611:reintegrate$299771.genblk1.genblk1.genblk1.genblk1.genblk1.genblk1.genblk1.lut0 (4 -> 0)
  Optimizing lut $abc$299741$lut$aiger$o49.genblk1.genblk1.genblk1.genblk1.genblk1.genblk1.lut1 (4 -> 0)
  Optimizing lut $abc$299741$lut$aiger299740$268.genblk1.genblk1.genblk1.genblk1.genblk1.genblk1.genblk1.lut1 (4 -> 0)
  Optimizing lut $abc$299741$lut$aiger$o8.genblk1.genblk1.genblk1.genblk1.genblk1.genblk1.genblk1.lut0 (4 -> 1)
  Optimizing lut $abc$299741$lut$aiger$o8.genblk1.genblk1.genblk1.genblk1.genblk1.genblk1.genblk1.lut1 (4 -> 1)
  Optimizing lut $abc$299741$lut$aiger299740$281.genblk1.genblk1.genblk1.genblk1.genblk1.genblk1.genblk1.lut0 (4 -> 1)
  Optimizing lut $abc$299741$lut$aiger299740$424.genblk1.genblk1.genblk1.genblk1.genblk1.genblk1.genblk1.lut0 (4 -> 0)
  Optimizing lut $abc$299741$lut$aiger299740$289.genblk1.genblk1.genblk1.genblk1.genblk1.genblk1.genblk1.lut0 (4 -> 1)
  Optimizing lut $abc$299741$lut$aiger299740$433.genblk1.genblk1.genblk1.genblk1.genblk1.genblk1.genblk1.lut0 (4 -> 0)
  Optimizing lut $auto$abc_ops_reintegrate.cc:611:reintegrate$299763.genblk1.genblk1.genblk1.genblk1.genblk1.genblk1.genblk1.lut0 (4 -> 1)
  Optimizing lut $auto$abc_ops_reintegrate.cc:611:reintegrate$299763.genblk1.genblk1.genblk1.genblk1.genblk1.genblk1.genblk1.lut1 (4 -> 1)
  Optimizing lut $abc$299741$lut$aiger$o9.genblk1.genblk1.genblk1.genblk1.genblk1.genblk1.genblk1.lut0 (4 -> 1)
  Optimizing lut $abc$299741$lut$aiger$o25.genblk1.genblk1.genblk1.genblk1.genblk1.lut0 (4 -> 3)
  Optimizing lut $abc$299741$lut$aiger299740$297.genblk1.genblk1.genblk1.genblk1.genblk1.genblk1.genblk1.lut0 (4 -> 1)
  Optimizing lut $abc$299741$lut$aiger299740$991.genblk1.genblk1.genblk1.genblk1.genblk1.genblk1.genblk1.lut0 (4 -> 0)
  Optimizing lut $abc$299741$lut$aiger299740$443.genblk1.genblk1.genblk1.genblk1.genblk1.genblk1.genblk1.lut0 (4 -> 0)
  Optimizing lut $abc$299741$lut$aiger299740$997.genblk1.genblk1.genblk1.genblk1.genblk1.genblk1.genblk1.lut0 (4 -> 0)
  Optimizing lut $abc$299741$lut$aiger299740$1220.genblk1.genblk1.genblk1.genblk1.genblk1.genblk1.lut0 (4 -> 2)
  Optimizing lut $abc$299741$lut$aiger299740$1220.genblk1.genblk1.genblk1.genblk1.genblk1.genblk1.lut1 (4 -> 2)
  Optimizing lut $abc$299741$lut$aiger$o51.genblk1.genblk1.genblk1.genblk1.genblk1.genblk1.genblk1.lut0 (4 -> 1)
  Optimizing lut $abc$299741$lut$aiger$o51.genblk1.genblk1.genblk1.genblk1.genblk1.genblk1.genblk1.lut1 (4 -> 1)
  Optimizing lut $abc$299741$lut$aiger$o11.genblk1.genblk1.genblk1.genblk1.genblk1.genblk1.genblk1.lut0 (4 -> 1)
  Optimizing lut $abc$299741$lut$aiger$o11.genblk1.genblk1.genblk1.genblk1.genblk1.genblk1.genblk1.lut1 (4 -> 1)
  Optimizing lut $abc$299741$lut$aiger299740$1007.genblk1.genblk1.genblk1.genblk1.genblk1.genblk1.genblk1.lut0 (4 -> 0)
  Optimizing lut $abc$299741$lut$aiger299740$1177.genblk1.genblk1.genblk1.genblk1.genblk1.genblk1.genblk1.lut0 (4 -> 2)
  Optimizing lut $abc$299741$lut$aiger299740$1013.genblk1.genblk1.genblk1.genblk1.genblk1.genblk1.genblk1.lut0 (4 -> 0)
  Optimizing lut $abc$299741$lut$aiger299740$1013.genblk1.genblk1.genblk1.genblk1.genblk1.genblk1.genblk1.lut1 (4 -> 0)
  Optimizing lut $abc$299741$lut$aiger299740$740.genblk1.genblk1.genblk1.genblk1.genblk1.genblk1.genblk1.lut0 (4 -> 0)
  Optimizing lut $abc$299741$lut$aiger299740$746.genblk1.genblk1.genblk1.genblk1.genblk1.genblk1.genblk1.lut0 (4 -> 0)
  Optimizing lut $abc$299741$lut$aiger299740$304.genblk1.genblk1.genblk1.genblk1.genblk1.genblk1.lut0 (4 -> 1)
  Optimizing lut $abc$299741$lut$aiger299740$904.genblk1.genblk1.genblk1.genblk1.genblk1.genblk1.genblk1.lut0 (4 -> 0)
  Optimizing lut $abc$299741$lut$aiger$o180.genblk1.genblk1.genblk1.genblk1.genblk1.genblk1.genblk1.lut0 (4 -> 1)
  Optimizing lut $abc$299741$lut$aiger$o180.genblk1.genblk1.genblk1.genblk1.genblk1.genblk1.genblk1.lut1 (4 -> 1)
  Optimizing lut $abc$299741$lut$aiger299740$753.genblk1.genblk1.genblk1.genblk1.genblk1.genblk1.genblk1.lut0 (4 -> 0)
  Optimizing lut $abc$299741$lut$aiger299740$758.genblk1.genblk1.genblk1.genblk1.genblk1.genblk1.lut0 (4 -> 0)
  Optimizing lut $abc$299741$lut$aiger299740$1022.genblk1.genblk1.genblk1.genblk1.genblk1.genblk1.genblk1.lut0 (4 -> 0)
  Optimizing lut $abc$299741$lut$aiger$o31.genblk1.genblk1.genblk1.genblk1.genblk1.genblk1.genblk1.lut0 (4 -> 0)
  Optimizing lut $abc$299741$lut$aiger$o31.genblk1.genblk1.genblk1.genblk1.genblk1.genblk1.genblk1.lut1 (4 -> 0)
  Optimizing lut $abc$299741$lut$aiger299740$1022.genblk1.genblk1.genblk1.genblk1.genblk1.genblk1.genblk1.lut1 (4 -> 0)
  Optimizing lut $abc$299741$lut$aiger299740$619.genblk1.genblk1.genblk1.genblk1.genblk1.lut0 (4 -> 0)
  Optimizing lut $abc$299741$lut$aiger299740$766.genblk1.genblk1.genblk1.genblk1.genblk1.genblk1.genblk1.lut0 (4 -> 0)
  Optimizing lut $abc$299741$lut$aiger299740$626.genblk1.genblk1.genblk1.genblk1.genblk1.genblk1.lut0 (4 -> 0)
  Optimizing lut $abc$299741$lut$aiger299740$772.genblk1.genblk1.genblk1.genblk1.genblk1.genblk1.lut0 (4 -> 0)
  Optimizing lut $abc$299741$lut$aiger299740$778.genblk1.genblk1.genblk1.genblk1.genblk1.genblk1.genblk1.lut0 (4 -> 0)
  Optimizing lut $auto$abc_ops_reintegrate.cc:611:reintegrate$299747.genblk1.genblk1.genblk1.genblk1.genblk1.genblk1.genblk1.lut1 (4 -> 0)
  Optimizing lut $auto$abc_ops_reintegrate.cc:611:reintegrate$299751.genblk1.genblk1.genblk1.genblk1.genblk1.genblk1.genblk1.lut1 (4 -> 0)
  Optimizing lut $abc$299741$lut$aiger299740$1177.genblk1.genblk1.genblk1.genblk1.genblk1.genblk1.genblk1.lut1 (4 -> 2)
  Optimizing lut $abc$299741$lut$aiger299740$924.genblk1.genblk1.genblk1.genblk1.genblk1.genblk1.genblk1.lut0 (4 -> 0)
  Optimizing lut $abc$299741$lut$aiger$o179.genblk1.genblk1.genblk1.genblk1.genblk1.genblk1.lut0 (4 -> 1)
  Optimizing lut $abc$299741$lut$aiger299740$492.genblk1.genblk1.genblk1.genblk1.genblk1.genblk1.lut0 (4 -> 3)
  Optimizing lut $abc$299741$lut$aiger299740$644.genblk1.genblk1.genblk1.genblk1.genblk1.genblk1.lut0 (4 -> 2)
  Optimizing lut $abc$299741$lut$aiger299740$506.genblk1.genblk1.genblk1.genblk1.genblk1.genblk1.genblk1.lut0 (4 -> 0)
Removed 0 unused cells and 612 unused wires.

15.49. Executing AUTONAME pass.
Renamed 2401 objects in module top.
<suppressed ~2401 debug messages>

15.50. Executing HIERARCHY pass (managing design hierarchy).
Attribute `top' found on module `top'. Setting top module to top.

15.50.1. Analyzing design hierarchy..
Top module:  \top

15.50.2. Analyzing design hierarchy..
Top module:  \top
Removed 0 unused modules.

15.51. Printing statistics.

=== top ===

        +----------Local Count, excluding submodules.
        | 
     1442 wires
    47457 wire bits
     1442 public wires
    47457 public wire bits
        6 ports
       37 port bits
       41 cells
       41   $scopeinfo
     1344 submodules
      181   L6MUX21
      737   LUT4
      262   PFUMX
      164   TRELLIS_FF

=== design hierarchy ===

        +----------Count including submodules.
        | 
       41 top

        +----------Count including submodules.
        | 
     1442 wires
    47457 wire bits
     1442 public wires
    47457 public wire bits
        6 ports
       37 port bits
        - memories
        - memory bits
        - processes
       41 cells
       41   $scopeinfo
     1344 submodules
      181   L6MUX21
      737   LUT4
      262   PFUMX
      164   TRELLIS_FF

15.52. Executing CHECK pass (checking for obvious problems).
Checking module top...
Found and reported 0 problems.

15.53. Executing JSON backend.

End of script. Logfile hash: a4010fd38d, time: 3.39s, user: 3.47s, system: 0.10s, MEM: 642.16 MB peak
Yosys 0.68+post (git sha1 c12172fbae8af5e20f6fb52e3d4e92d56ed587b6, Release, AppleClang clang++ 21.0.0.21000101)
Time spent: 27% 42x opt_expr (0 sec), 16% 12x techmap (0 sec), ...
